{"type":"FeatureCollection","features":[{"type":"Feature","properties":{"niscode":"21006","nameFr":"Evere","nameDut":"Evere","name":"Evere","area":5124869.73558196,"naam":"Evere","total_population":45234,"internal_in_num":3413,"internal_in_pct":0.07545209355794313,"internal_out_num":3290,"internal_out_pct":0.07273290003095018,"internal_balance_num":123,"internal_balance_pct":0.00271919352699297,"international_balance_num":534,"international_balance_pct":0.011805279214749966,"age_pct_65plus":0.1462,"age_pct_under3":0.0348,"age_pct_0_17":0.2333,"age_count_12_17":7736,"age_pct_18_24":0.0821,"age_pct_18_64":0.6205,"age_pct_30_44":0.2412,"age_pct_3_5":0.0389,"age_pct_45_64":0.2299,"age_pct_6_11":0.0822,"age_pct_65_79":0.099,"age_pct_80plus":0.0472,"age_count_0_17":10706,"age_count_18_64":28476,"age_count_65plus":6710,"hq_qual_basic":0.000534,"hq_qual_normal":0.931165,"hq_qual_luxurious":0.000285,"hq_build_pre1900":0.006445,"hq_build_1900_1940":0.116128,"hq_build_1941_1960":0.091883,"hq_build_1961_1990":0.356779,"hq_build_1991_2010":0.225474,"hq_build_post2011":0.20329,"hq_renov_by1982":0.005766,"hq_renov_by1992":0.022601,"hq_renov_by2002":0.026801,"hq_renov_by2012":0.111688,"hq_renov_by2022":0.017583,"hq_type_closed":0.127812,"hq_type_halfopen":0.024986,"hq_type_open":0.001886,"fam_single_parent":0.1304,"fam_alone_under30":0.0487,"fam_alone_18_29":0.1399,"fam_alone_65plus_pct":0.3703,"fam_alone_65plus_hh":0.1263,"fam_couple_children":0.2811,"fam_couple_no_children":0.147,"migbg_total":0.784,"migbg_belgian_with":0.49,"migbg_belgian_without":0.216,"nat_eu14_pct":0.0848,"nat_belgian_pct":0.6807,"pri_avg_dwelling":1118,"pri_avg_parcel":1408,"pri_std_dev":10669,"rc_per_ha":180812,"rc_total":36320728,"rc_pct_low":0.039541,"rc_pct_high":0.210587,"avg_net_income":33897,"zero_income_rate":0.142873,"avg_prof_income":33616,"tax_per_resident":3675,"bp_res_new_dwellings":175,"bp_res_apartments":174,"bp_res_houses":1,"bp_res_new_surface":21579,"bp_res_renovations":23,"bp_nonres_new":0,"bp_nonres_renov":1,"re_apt_median":250000,"re_apt_p25":200000,"re_apt_transactions":456,"re_house_median":430000,"re_house_transactions":51,"re_terraced_median":430000,"re_terraced_transactions":51,"re_detached_transactions":1,"hasData":true},"geometry":{"type":"Polygon","coordinates":[[[4.425719,50.872131],[4.425882,50.872059],[4.424901,50.871218],[4.424862,50.871183],[4.424742,50.871075],[4.421672,50.868304],[4.421029,50.867831],[4.420868,50.867713],[4.420909,50.867677],[4.421043,50.867556],[4.421201,50.867416],[4.421367,50.867254],[4.421487,50.867121],[4.421587,50.867009],[4.421621,50.866954],[4.421733,50.866785],[4.421928,50.86672],[4.422055,50.866678],[4.422101,50.866664],[4.422136,50.866653],[4.422273,50.86662],[4.423513,50.865545],[4.42406,50.86507],[4.425406,50.863859],[4.426633,50.862871],[4.426289,50.862504],[4.426166,50.862373],[4.425893,50.862082],[4.425752,50.861931],[4.425594,50.861763],[4.42558,50.861748],[4.42506,50.861192],[4.425041,50.861172],[4.42442,50.860513],[4.424211,50.860291],[4.424062,50.860133],[4.424009,50.860053],[4.423932,50.859936],[4.423897,50.859883],[4.423847,50.859808],[4.423694,50.859577],[4.423594,50.859426],[4.423501,50.859285],[4.42346,50.859222],[4.4234,50.859131],[4.423182,50.858802],[4.42306,50.858617],[4.423051,50.858604],[4.42301,50.858543],[4.422983,50.858502],[4.422924,50.858412],[4.422711,50.85809],[4.422457,50.857706],[4.422356,50.857554],[4.422189,50.857301],[4.422063,50.85711],[4.422001,50.857016],[4.419808,50.856023],[4.418217,50.855303],[4.416882,50.854697],[4.416246,50.854409],[4.415836,50.854223],[4.415059,50.853805],[4.414251,50.853369],[4.413836,50.853146],[4.411781,50.85204],[4.411311,50.852481],[4.410942,50.852837],[4.41078,50.852989],[4.4107,50.853064],[4.41173,50.853509],[4.412009,50.853629],[4.413027,50.854069],[4.412458,50.854591],[4.410953,50.855891],[4.410701,50.856108],[4.408975,50.857599],[4.408895,50.857668],[4.40785,50.857405],[4.407694,50.857366],[4.407481,50.857575],[4.406393,50.858556],[4.405251,50.859407],[4.404713,50.859802],[4.404071,50.86002],[4.404242,50.860337],[4.404145,50.860433],[4.404105,50.86048],[4.40405,50.860529],[4.403951,50.86061],[4.403697,50.86077],[4.403356,50.860976],[4.403159,50.861089],[4.402971,50.86121],[4.402712,50.861439],[4.40235,50.861759],[4.402107,50.861971],[4.401906,50.862148],[4.401728,50.862307],[4.401495,50.862525],[4.401096,50.8629],[4.400939,50.863049],[4.40069,50.863276],[4.40065,50.863313],[4.400494,50.863457],[4.400317,50.863622],[4.400116,50.863815],[4.40004,50.863891],[4.39994,50.864009],[4.399861,50.864103],[4.399687,50.864311],[4.399464,50.86456],[4.399317,50.864718],[4.399004,50.865077],[4.398815,50.8653],[4.398695,50.865431],[4.398609,50.865519],[4.398586,50.865545],[4.398481,50.86565],[4.398366,50.865778],[4.398187,50.865977],[4.397887,50.866293],[4.39783,50.866361],[4.397646,50.866555],[4.397518,50.866691],[4.397136,50.867098],[4.396886,50.867391],[4.396686,50.867666],[4.396582,50.867826],[4.39643,50.868062],[4.396262,50.868307],[4.396223,50.86837],[4.39615,50.868464],[4.396098,50.868539],[4.396055,50.868603],[4.39604,50.868627],[4.396021,50.868673],[4.396009,50.868705],[4.395992,50.868753],[4.395974,50.868807],[4.395953,50.868876],[4.395882,50.869068],[4.395855,50.869138],[4.395818,50.869229],[4.395777,50.869345],[4.3957,50.869555],[4.39568,50.869608],[4.395618,50.869762],[4.395489,50.870101],[4.395439,50.87022],[4.395226,50.870717],[4.395048,50.871144],[4.39501,50.871234],[4.394909,50.871475],[4.394897,50.8715],[4.394853,50.871592],[4.394514,50.872314],[4.394363,50.872606],[4.394069,50.873148],[4.394021,50.873221],[4.393729,50.873661],[4.393592,50.873877],[4.393429,50.874148],[4.393265,50.87444],[4.393112,50.874787],[4.393034,50.875005],[4.39293,50.875325],[4.392863,50.875524],[4.392843,50.875572],[4.39279,50.875663],[4.392733,50.875796],[4.392691,50.875831],[4.392609,50.875902],[4.392597,50.875913],[4.392456,50.876091],[4.392267,50.876381],[4.392072,50.876683],[4.391989,50.876814],[4.391778,50.877142],[4.39167,50.877286],[4.39161,50.877364],[4.391547,50.877438],[4.391331,50.877636],[4.391278,50.877688],[4.391289,50.877725],[4.390536,50.878578],[4.390361,50.878656],[4.388944,50.880381],[4.388964,50.880393],[4.388973,50.880402],[4.388982,50.880412],[4.388989,50.880424],[4.389,50.88046],[4.388988,50.880481],[4.388949,50.88053],[4.388947,50.880575],[4.388839,50.88067],[4.388669,50.880817],[4.388387,50.881062],[4.38731,50.881995],[4.398572,50.885015],[4.402002,50.885934],[4.403097,50.885256],[4.402966,50.885036],[4.403237,50.884956],[4.403266,50.884996],[4.403319,50.885023],[4.404034,50.884774],[4.403971,50.884693],[4.404775,50.884185],[4.404825,50.884153],[4.405225,50.883927],[4.40525,50.883941],[4.40532,50.883877],[4.405432,50.883776],[4.405505,50.88371],[4.405537,50.883681],[4.40591,50.883335],[4.406335,50.882941],[4.406433,50.88285],[4.406622,50.882724],[4.406992,50.88252],[4.407339,50.882178],[4.407535,50.881943],[4.408175,50.881111],[4.408669,50.880358],[4.408731,50.880117],[4.408828,50.879602],[4.408876,50.879311],[4.408892,50.879216],[4.40942,50.878688],[4.40956,50.878469],[4.409927,50.878099],[4.410088,50.877863],[4.410166,50.877747],[4.410375,50.877434],[4.410405,50.877389],[4.41058,50.877126],[4.410682,50.876973],[4.410757,50.876999],[4.411073,50.87711],[4.411103,50.877121],[4.413481,50.877957],[4.413731,50.878045],[4.414349,50.878262],[4.414481,50.878144],[4.414646,50.877998],[4.415351,50.87737],[4.415387,50.877338],[4.415955,50.876832],[4.417148,50.87577],[4.417312,50.875624],[4.41765,50.875323],[4.418604,50.875271],[4.419112,50.875049],[4.419199,50.875011],[4.42036,50.874504],[4.42154,50.873677],[4.42221,50.873362],[4.424411,50.872712],[4.425719,50.872131]]]}},{"type":"Feature","properties":{"niscode":"21014","nameFr":"Saint-Josse-ten-Noode","nameDut":"Sint-Joost-ten-Node","name":"Sint-Joost-ten-Node","area":1160627.34110408,"naam":"Sint-Joost-ten-Node","total_population":26895,"internal_in_num":1928,"internal_in_pct":0.07168618702361033,"internal_out_num":2902,"internal_out_pct":0.10790109685815208,"internal_balance_num":-974,"internal_balance_pct":-0.03621490983454174,"international_balance_num":1161,"international_balance_pct":0.04316787506971556,"age_pct_65plus":0.0924,"age_pct_under3":0.0361,"age_pct_0_17":0.2099,"age_count_12_17":7036,"age_pct_18_24":0.1063,"age_pct_18_64":0.6977,"age_pct_30_44":0.2541,"age_pct_3_5":0.0364,"age_pct_45_64":0.238,"age_pct_6_11":0.0671,"age_pct_65_79":0.0719,"age_pct_80plus":0.0205,"age_count_0_17":5722,"age_count_18_64":19018,"age_count_65plus":2518,"hq_qual_basic":0.007247,"hq_qual_normal":0.884048,"hq_qual_luxurious":0.000177,"hq_build_pre1900":0.380729,"hq_build_1900_1940":0.130073,"hq_build_1941_1960":0.072313,"hq_build_1961_1990":0.204827,"hq_build_1991_2010":0.151586,"hq_build_post2011":0.060472,"hq_renov_by1982":0.015996,"hq_renov_by1992":0.037826,"hq_renov_by2002":0.121785,"hq_renov_by2012":0.137782,"hq_renov_by2022":0.042598,"hq_type_closed":0.236235,"hq_type_halfopen":0.001149,"hq_type_open":0.030049,"fam_single_parent":0.1207,"fam_alone_under30":0.0968,"fam_alone_18_29":0.2147,"fam_alone_65plus_pct":0.3928,"fam_alone_65plus_hh":0.0796,"fam_couple_children":0.2128,"fam_couple_no_children":0.1121,"migbg_total":0.968,"migbg_belgian_with":0.53,"migbg_belgian_without":0.032,"nat_eu14_pct":0.1231,"nat_belgian_pct":0.5392,"pri_avg_dwelling":837,"pri_avg_parcel":1305,"pri_std_dev":11357,"rc_per_ha":600710,"rc_total":42170769,"rc_pct_low":0.128642,"rc_pct_high":0.239546,"avg_net_income":25114,"zero_income_rate":0.190639,"avg_prof_income":24963,"tax_per_resident":2293,"bp_res_new_dwellings":55,"bp_res_apartments":55,"bp_res_houses":0,"bp_res_new_surface":6857,"bp_res_renovations":27,"bp_nonres_new":1,"bp_nonres_renov":6,"re_apt_median":225000,"re_apt_p25":172000,"re_apt_transactions":188,"re_house_median":357500,"re_house_transactions":26,"re_terraced_median":357500,"re_terraced_transactions":26,"hasData":true},"geometry":{"type":"Polygon","coordinates":[[[4.378396,50.853761],[4.379087,50.853408],[4.379242,50.853331],[4.380059,50.852922],[4.380239,50.852831],[4.380964,50.852462],[4.381143,50.85237],[4.38199,50.851939],[4.382134,50.851866],[4.382231,50.851817],[4.383715,50.851526],[4.383882,50.851472],[4.384052,50.851417],[4.38348,50.851267],[4.383056,50.851155],[4.382308,50.850957],[4.382095,50.850901],[4.38184,50.850833],[4.381648,50.850782],[4.381374,50.850709],[4.380989,50.850594],[4.380899,50.850559],[4.380525,50.850412],[4.38014,50.850248],[4.379598,50.850019],[4.379387,50.849965],[4.378964,50.849892],[4.378976,50.849032],[4.37887,50.849009],[4.378709,50.848973],[4.378654,50.849027],[4.37856,50.849003],[4.378466,50.848979],[4.378352,50.84895],[4.378225,50.848918],[4.378117,50.848891],[4.378079,50.848881],[4.377586,50.848755],[4.377474,50.848895],[4.377439,50.848939],[4.377365,50.849031],[4.377263,50.848995],[4.375967,50.848556],[4.375806,50.848501],[4.375713,50.848469],[4.375536,50.848139],[4.375261,50.847624],[4.374776,50.847723],[4.37388,50.84791],[4.373885,50.847887],[4.373883,50.847863],[4.373879,50.84782],[4.373863,50.847781],[4.37379,50.847719],[4.373698,50.847647],[4.373587,50.847565],[4.37347,50.847465],[4.373375,50.847397],[4.373252,50.847309],[4.373216,50.847287],[4.373172,50.847283],[4.373118,50.847279],[4.372291,50.847233],[4.371713,50.847207],[4.371315,50.847185],[4.370964,50.847172],[4.370048,50.847137],[4.369862,50.84713],[4.369772,50.847127],[4.369565,50.847119],[4.369723,50.847419],[4.369703,50.847496],[4.369698,50.847514],[4.369525,50.848174],[4.369496,50.848285],[4.369495,50.84829],[4.369021,50.850123],[4.368955,50.850375],[4.368912,50.85054],[4.368879,50.850666],[4.368641,50.851551],[4.368605,50.851689],[4.36838,50.852549],[4.368276,50.852579],[4.368274,50.85258],[4.365488,50.853372],[4.365485,50.85337],[4.365479,50.853368],[4.365475,50.853366],[4.365471,50.853364],[4.365467,50.853363],[4.365465,50.853362],[4.365461,50.853361],[4.365456,50.85336],[4.365452,50.853359],[4.365446,50.853358],[4.365441,50.853358],[4.365435,50.853358],[4.36543,50.853358],[4.365423,50.853358],[4.365415,50.853359],[4.365408,50.85336],[4.365402,50.853362],[4.365396,50.853363],[4.365162,50.85343],[4.364698,50.853563],[4.364403,50.853647],[4.363959,50.853775],[4.363523,50.8539],[4.36327,50.853972],[4.363177,50.853999],[4.36193,50.854356],[4.361496,50.85448],[4.361225,50.854557],[4.361186,50.854568],[4.361175,50.854571],[4.360697,50.854708],[4.360647,50.854722],[4.360638,50.854724],[4.355467,50.856144],[4.355436,50.856153],[4.355248,50.856205],[4.355297,50.856297],[4.355345,50.856388],[4.355463,50.856554],[4.355719,50.856857],[4.355812,50.856974],[4.355867,50.857033],[4.356009,50.857152],[4.356172,50.857294],[4.356336,50.857441],[4.356501,50.857597],[4.356581,50.8577],[4.356602,50.85775],[4.356638,50.857852],[4.356637,50.857885],[4.356637,50.857905],[4.356636,50.857945],[4.356634,50.858],[4.356624,50.858181],[4.356628,50.858368],[4.356684,50.859349],[4.356738,50.859536],[4.357186,50.860313],[4.357791,50.860171],[4.359153,50.85985],[4.359382,50.859797],[4.35939,50.859795],[4.360281,50.859585],[4.360633,50.859502],[4.36176,50.859237],[4.361861,50.859213],[4.36206,50.859166],[4.362166,50.859141],[4.362381,50.859091],[4.36266,50.859025],[4.362747,50.859005],[4.36304,50.858936],[4.363148,50.85891],[4.363247,50.858887],[4.363605,50.858803],[4.363907,50.858732],[4.364011,50.858707],[4.364277,50.858645],[4.36447,50.858599],[4.364616,50.858565],[4.364751,50.858534],[4.364937,50.85849],[4.36505,50.858463],[4.365145,50.858441],[4.365239,50.858419],[4.365305,50.858403],[4.365363,50.85839],[4.365423,50.858376],[4.365518,50.858353],[4.365615,50.858331],[4.365707,50.858309],[4.365797,50.858288],[4.365897,50.858264],[4.365988,50.858243],[4.366082,50.858221],[4.366175,50.858199],[4.36626,50.858179],[4.366343,50.858159],[4.366458,50.858132],[4.366505,50.858121],[4.366486,50.858087],[4.366774,50.858021],[4.367067,50.857954],[4.367113,50.857943],[4.367107,50.857931],[4.36717,50.857917],[4.367917,50.85775],[4.368046,50.857722],[4.36794,50.857517],[4.369526,50.857181],[4.369686,50.857465],[4.369689,50.857464],[4.369779,50.857443],[4.370012,50.857387],[4.370051,50.857378],[4.370275,50.857325],[4.370279,50.857325],[4.370474,50.857278],[4.370557,50.857259],[4.370584,50.857253],[4.370637,50.85724],[4.370693,50.857227],[4.37071,50.857223],[4.37078,50.857206],[4.371011,50.857152],[4.37112,50.857126],[4.371261,50.857093],[4.371353,50.857071],[4.371398,50.85706],[4.371617,50.857009],[4.37166,50.856999],[4.371738,50.85698],[4.372553,50.856738],[4.372618,50.8567],[4.372683,50.856661],[4.373751,50.856123],[4.373887,50.856039],[4.374528,50.855728],[4.374693,50.855643],[4.375376,50.855298],[4.375738,50.855115],[4.376528,50.854714],[4.376642,50.854654],[4.377561,50.854186],[4.378396,50.853761]]]}},{"type":"Feature","properties":{"niscode":"21015","nameFr":"Schaerbeek","nameDut":"Schaarbeek","name":"Schaarbeek","area":7901427.89090056,"naam":"Schaarbeek","total_population":130405,"internal_in_num":7867,"internal_in_pct":0.06032744143246041,"internal_out_num":11224,"internal_out_pct":0.08607031938959396,"internal_balance_num":-3357,"internal_balance_pct":-0.025742877957133547,"international_balance_num":1869,"international_balance_pct":0.014332272535562287,"age_pct_65plus":0.1054,"age_pct_under3":0.0369,"age_pct_0_17":0.2307,"age_count_12_17":7784,"age_pct_18_24":0.0922,"age_pct_18_64":0.6639,"age_pct_30_44":0.2463,"age_pct_3_5":0.0373,"age_pct_45_64":0.2359,"age_pct_6_11":0.0786,"age_pct_65_79":0.08,"age_pct_80plus":0.0255,"age_count_0_17":29938,"age_count_18_64":86153,"age_count_65plus":13684,"hq_qual_basic":0.001074,"hq_qual_normal":0.960364,"hq_qual_luxurious":0.000194,"hq_build_pre1900":0.141585,"hq_build_1900_1940":0.412608,"hq_build_1941_1960":0.10173,"hq_build_1961_1990":0.199005,"hq_build_1991_2010":0.084665,"hq_build_post2011":0.060408,"hq_renov_by1982":0.021183,"hq_renov_by1992":0.055976,"hq_renov_by2002":0.043562,"hq_renov_by2012":0.176944,"hq_renov_by2022":0.047066,"hq_type_closed":0.248926,"hq_type_halfopen":0.007131,"hq_type_open":0.001021,"fam_single_parent":0.1315,"fam_alone_under30":0.0639,"fam_alone_18_29":0.1513,"fam_alone_65plus_pct":0.3777,"fam_alone_65plus_hh":0.0926,"fam_couple_children":0.2575,"fam_couple_no_children":0.1414,"migbg_total":0.892,"migbg_belgian_with":0.523,"migbg_belgian_without":0.108,"nat_eu14_pct":0.1247,"nat_belgian_pct":0.6152,"pri_avg_dwelling":893,"pri_avg_parcel":1372,"pri_std_dev":12957,"rc_per_ha":192035,"rc_total":82720095,"rc_pct_low":0.081011,"rc_pct_high":0.260203,"avg_net_income":31531,"zero_income_rate":0.165563,"avg_prof_income":31250,"tax_per_resident":3340,"bp_res_new_dwellings":54,"bp_res_apartments":54,"bp_res_houses":0,"bp_res_new_surface":5966,"bp_res_renovations":110,"bp_nonres_new":4,"bp_nonres_renov":10,"re_apt_median":266125,"re_apt_p25":210000,"re_apt_transactions":985,"re_house_median":468750,"re_house_transactions":139,"re_terraced_median":468750,"re_terraced_transactions":139,"re_detached_transactions":2,"hasData":true},"geometry":{"type":"Polygon","coordinates":[[[4.379242,50.853331],[4.379087,50.853408],[4.378396,50.853761],[4.377561,50.854186],[4.376642,50.854654],[4.376528,50.854714],[4.375738,50.855115],[4.375376,50.855298],[4.374693,50.855643],[4.374528,50.855728],[4.373887,50.856039],[4.373751,50.856123],[4.372683,50.856661],[4.372618,50.8567],[4.372553,50.856738],[4.371738,50.85698],[4.37166,50.856999],[4.371617,50.857009],[4.371398,50.85706],[4.371353,50.857071],[4.371261,50.857093],[4.37112,50.857126],[4.371011,50.857152],[4.37078,50.857206],[4.37071,50.857223],[4.370693,50.857227],[4.370637,50.85724],[4.370584,50.857253],[4.370557,50.857259],[4.370474,50.857278],[4.370279,50.857325],[4.370275,50.857325],[4.370051,50.857378],[4.370012,50.857387],[4.369779,50.857443],[4.369689,50.857464],[4.369686,50.857465],[4.369526,50.857181],[4.36794,50.857517],[4.368046,50.857722],[4.367917,50.85775],[4.36717,50.857917],[4.367107,50.857931],[4.367113,50.857943],[4.367067,50.857954],[4.366774,50.858021],[4.366486,50.858087],[4.366505,50.858121],[4.366458,50.858132],[4.366343,50.858159],[4.36626,50.858179],[4.366175,50.858199],[4.366082,50.858221],[4.365988,50.858243],[4.365897,50.858264],[4.365797,50.858288],[4.365707,50.858309],[4.365615,50.858331],[4.365518,50.858353],[4.365423,50.858376],[4.365363,50.85839],[4.365305,50.858403],[4.365239,50.858419],[4.365145,50.858441],[4.36505,50.858463],[4.364937,50.85849],[4.364751,50.858534],[4.364616,50.858565],[4.36447,50.858599],[4.364277,50.858645],[4.364011,50.858707],[4.363907,50.858732],[4.363605,50.858803],[4.363247,50.858887],[4.363148,50.85891],[4.36304,50.858936],[4.362747,50.859005],[4.36266,50.859025],[4.362381,50.859091],[4.362166,50.859141],[4.36206,50.859166],[4.361861,50.859213],[4.36176,50.859237],[4.360633,50.859502],[4.360281,50.859585],[4.35939,50.859795],[4.359382,50.859797],[4.359153,50.85985],[4.357791,50.860171],[4.357186,50.860313],[4.357604,50.861129],[4.357869,50.861711],[4.358171,50.862329],[4.358305,50.862614],[4.358558,50.863213],[4.358755,50.863678],[4.359312,50.864909],[4.359613,50.865577],[4.359649,50.865656],[4.360301,50.867103],[4.360312,50.867126],[4.360334,50.867172],[4.360349,50.867204],[4.360544,50.867617],[4.360591,50.86772],[4.360658,50.86787],[4.360821,50.8682],[4.361038,50.868693],[4.361086,50.868804],[4.361145,50.868842],[4.361333,50.868985],[4.361365,50.869009],[4.361687,50.869273],[4.362078,50.86962],[4.362274,50.869785],[4.362625,50.87009],[4.362931,50.870367],[4.363123,50.870555],[4.36331,50.870769],[4.363625,50.871133],[4.363692,50.871209],[4.363734,50.871257],[4.364487,50.870995],[4.36459,50.871117],[4.365241,50.870891],[4.364901,50.870502],[4.365209,50.869474],[4.366155,50.86954],[4.366909,50.869593],[4.367078,50.869738],[4.367232,50.869868],[4.367389,50.870006],[4.367564,50.870156],[4.367741,50.870293],[4.367901,50.870404],[4.368071,50.870511],[4.368387,50.870688],[4.368627,50.870807],[4.368843,50.870902],[4.369015,50.870968],[4.369113,50.871005],[4.369317,50.871074],[4.369596,50.871169],[4.369875,50.871259],[4.370087,50.871318],[4.370258,50.871362],[4.370631,50.87144],[4.370911,50.871487],[4.371169,50.871522],[4.371502,50.871555],[4.371803,50.871573],[4.372058,50.87158],[4.372362,50.871577],[4.372513,50.871565],[4.37271,50.87193],[4.372831,50.872156],[4.373226,50.872888],[4.373299,50.873024],[4.373689,50.873749],[4.374506,50.875269],[4.374828,50.875497],[4.378701,50.877516],[4.379064,50.877728],[4.37908,50.877715],[4.37931,50.877838],[4.379295,50.877849],[4.379398,50.877906],[4.379511,50.877827],[4.379667,50.877913],[4.379683,50.8779],[4.379919,50.878027],[4.379897,50.878044],[4.380025,50.878114],[4.380002,50.878131],[4.380608,50.878465],[4.380628,50.878448],[4.380747,50.878515],[4.380726,50.878531],[4.380896,50.878626],[4.38087,50.878644],[4.381483,50.878985],[4.38152,50.878958],[4.382417,50.879458],[4.382576,50.879566],[4.382721,50.879631],[4.383067,50.879785],[4.38314,50.879719],[4.383347,50.879816],[4.383661,50.879925],[4.383988,50.880039],[4.384275,50.880138],[4.38504,50.880307],[4.385979,50.880513],[4.388185,50.881014],[4.388387,50.881062],[4.388669,50.880817],[4.388839,50.88067],[4.388947,50.880575],[4.388949,50.88053],[4.388988,50.880481],[4.389,50.88046],[4.388989,50.880424],[4.388982,50.880412],[4.388973,50.880402],[4.388964,50.880393],[4.388944,50.880381],[4.390361,50.878656],[4.390536,50.878578],[4.391289,50.877725],[4.391278,50.877688],[4.391331,50.877636],[4.391547,50.877438],[4.39161,50.877364],[4.39167,50.877286],[4.391778,50.877142],[4.391989,50.876814],[4.392072,50.876683],[4.392267,50.876381],[4.392456,50.876091],[4.392597,50.875913],[4.392609,50.875902],[4.392691,50.875831],[4.392733,50.875796],[4.39279,50.875663],[4.392843,50.875572],[4.392863,50.875524],[4.39293,50.875325],[4.393034,50.875005],[4.393112,50.874787],[4.393265,50.87444],[4.393429,50.874148],[4.393592,50.873877],[4.393729,50.873661],[4.394021,50.873221],[4.394069,50.873148],[4.394363,50.872606],[4.394514,50.872314],[4.394853,50.871592],[4.394897,50.8715],[4.394909,50.871475],[4.39501,50.871234],[4.395048,50.871144],[4.395226,50.870717],[4.395439,50.87022],[4.395489,50.870101],[4.395618,50.869762],[4.39568,50.869608],[4.3957,50.869555],[4.395777,50.869345],[4.395818,50.869229],[4.395855,50.869138],[4.395882,50.869068],[4.395953,50.868876],[4.395974,50.868807],[4.395992,50.868753],[4.396009,50.868705],[4.396021,50.868673],[4.39604,50.868627],[4.396055,50.868603],[4.396098,50.868539],[4.39615,50.868464],[4.396223,50.86837],[4.396262,50.868307],[4.39643,50.868062],[4.396582,50.867826],[4.396686,50.867666],[4.396886,50.867391],[4.397136,50.867098],[4.397518,50.866691],[4.397646,50.866555],[4.39783,50.866361],[4.397887,50.866293],[4.398187,50.865977],[4.398366,50.865778],[4.398481,50.86565],[4.398586,50.865545],[4.398609,50.865519],[4.398695,50.865431],[4.398815,50.8653],[4.399004,50.865077],[4.399317,50.864718],[4.399464,50.86456],[4.399687,50.864311],[4.399861,50.864103],[4.39994,50.864009],[4.40004,50.863891],[4.400116,50.863815],[4.400317,50.863622],[4.400494,50.863457],[4.40065,50.863313],[4.40069,50.863276],[4.400939,50.863049],[4.401096,50.8629],[4.401495,50.862525],[4.401728,50.862307],[4.401906,50.862148],[4.402107,50.861971],[4.40235,50.861759],[4.402712,50.861439],[4.402971,50.86121],[4.403159,50.861089],[4.403356,50.860976],[4.403697,50.86077],[4.403951,50.86061],[4.40405,50.860529],[4.404105,50.86048],[4.404145,50.860433],[4.404242,50.860337],[4.404071,50.86002],[4.404713,50.859802],[4.405251,50.859407],[4.406393,50.858556],[4.407481,50.857575],[4.407694,50.857366],[4.40785,50.857405],[4.408895,50.857668],[4.408975,50.857599],[4.410701,50.856108],[4.410953,50.855891],[4.412458,50.854591],[4.413027,50.854069],[4.412009,50.853629],[4.41173,50.853509],[4.4107,50.853064],[4.41078,50.852989],[4.410942,50.852837],[4.411311,50.852481],[4.411781,50.85204],[4.412106,50.851736],[4.41112,50.851141],[4.411069,50.850853],[4.411064,50.850823],[4.411053,50.850766],[4.410883,50.850775],[4.410701,50.850773],[4.410524,50.850766],[4.410384,50.850756],[4.410217,50.850739],[4.40996,50.850702],[4.410836,50.849141],[4.40833,50.847782],[4.40512,50.846142],[4.403655,50.845495],[4.400051,50.843652],[4.398911,50.844669],[4.396028,50.843407],[4.396009,50.843456],[4.39599,50.843504],[4.395978,50.84353],[4.395807,50.843922],[4.395775,50.843995],[4.395743,50.844067],[4.395635,50.844299],[4.395468,50.844593],[4.395422,50.844673],[4.395387,50.844733],[4.395382,50.844741],[4.395373,50.844754],[4.395238,50.84493],[4.395094,50.845118],[4.394383,50.845887],[4.394306,50.845971],[4.394223,50.846064],[4.393685,50.846595],[4.393581,50.84668],[4.393446,50.84679],[4.393316,50.846902],[4.393316,50.846903],[4.393036,50.847145],[4.392996,50.847176],[4.392893,50.847232],[4.392662,50.847356],[4.391627,50.847914],[4.391539,50.847962],[4.391451,50.84801],[4.391284,50.848105],[4.391128,50.848199],[4.390941,50.848319],[4.390868,50.848369],[4.390865,50.848371],[4.390789,50.848423],[4.390329,50.848731],[4.390088,50.848881],[4.389973,50.848952],[4.3898,50.849059],[4.389644,50.849156],[4.389496,50.849248],[4.387898,50.850209],[4.387816,50.850258],[4.387734,50.850308],[4.386837,50.850853],[4.386712,50.850935],[4.386593,50.851014],[4.386305,50.851202],[4.385994,50.851372],[4.385883,50.851422],[4.385772,50.851472],[4.385407,50.851613],[4.385228,50.851665],[4.385227,50.851666],[4.385115,50.851698],[4.384801,50.851615],[4.384404,50.851511],[4.384303,50.851484],[4.384202,50.851457],[4.384052,50.851417],[4.383882,50.851472],[4.383715,50.851526],[4.382231,50.851817],[4.382134,50.851866],[4.38199,50.851939],[4.381143,50.85237],[4.380964,50.852462],[4.380239,50.852831],[4.380059,50.852922],[4.379242,50.853331]]]}},{"type":"Feature","properties":{"niscode":"21005","nameFr":"Etterbeek","nameDut":"Etterbeek","name":"Etterbeek","area":3174269.62451749,"naam":"Etterbeek","total_population":49775,"internal_in_num":4368,"internal_in_pct":0.08775489703666499,"internal_out_num":5367,"internal_out_pct":0.10782521346057258,"internal_balance_num":-999,"internal_balance_pct":-0.020070316423907584,"international_balance_num":316,"international_balance_pct":0.00634856855851331,"age_pct_65plus":0.1118,"age_pct_under3":0.0295,"age_pct_0_17":0.161,"age_count_12_17":4899,"age_pct_18_24":0.0861,"age_pct_18_64":0.7272,"age_pct_30_44":0.2823,"age_pct_3_5":0.0291,"age_pct_45_64":0.2236,"age_pct_6_11":0.0534,"age_pct_65_79":0.0826,"age_pct_80plus":0.0292,"age_count_0_17":7909,"age_count_18_64":35728,"age_count_65plus":5494,"hq_qual_basic":0.000174,"hq_qual_normal":0.951667,"hq_qual_luxurious":0.00226,"hq_build_pre1900":0.063527,"hq_build_1900_1940":0.396078,"hq_build_1941_1960":0.162669,"hq_build_1961_1990":0.165715,"hq_build_1991_2010":0.139415,"hq_build_post2011":0.072597,"hq_renov_by1982":0.013074,"hq_renov_by1992":0.032477,"hq_renov_by2002":0.044786,"hq_renov_by2012":0.136862,"hq_renov_by2022":0.082896,"hq_type_closed":0.189054,"hq_type_halfopen":0.005424,"hq_type_open":0.000522,"fam_single_parent":0.0794,"fam_alone_under30":0.1855,"fam_alone_18_29":0.4842,"fam_alone_65plus_pct":0.4722,"fam_alone_65plus_hh":0.0914,"fam_couple_children":0.1484,"fam_couple_no_children":0.1292,"migbg_total":0.83,"migbg_belgian_with":0.335,"migbg_belgian_without":0.17,"nat_eu14_pct":0.2768,"nat_belgian_pct":0.5018,"pri_avg_dwelling":1011,"pri_avg_parcel":1415,"pri_std_dev":13094,"rc_per_ha":211957,"rc_total":38435433,"rc_pct_low":0.108157,"rc_pct_high":0.274165,"avg_net_income":36661,"zero_income_rate":0.206569,"avg_prof_income":36346,"tax_per_resident":5081,"bp_res_new_dwellings":0,"bp_res_apartments":0,"bp_res_houses":0,"bp_res_new_surface":9779,"bp_res_renovations":73,"bp_nonres_new":3,"bp_nonres_renov":6,"re_apt_median":309000,"re_apt_p25":240000,"re_apt_transactions":485,"re_house_median":600000,"re_house_transactions":60,"re_terraced_median":600000,"re_terraced_transactions":60,"hasData":true},"geometry":{"type":"Polygon","coordinates":[[[4.396051,50.825742],[4.389559,50.822469],[4.389366,50.822632],[4.389274,50.82271],[4.389245,50.822735],[4.389264,50.822745],[4.388361,50.823677],[4.387811,50.824171],[4.387016,50.824749],[4.387072,50.824799],[4.386839,50.824972],[4.386659,50.825121],[4.386312,50.825397],[4.386052,50.825586],[4.385839,50.825742],[4.385504,50.825969],[4.385495,50.826041],[4.38546,50.826065],[4.385346,50.826075],[4.384894,50.826387],[4.384521,50.826662],[4.383654,50.827155],[4.383079,50.827557],[4.38296,50.827671],[4.382497,50.828117],[4.382343,50.828194],[4.382189,50.828272],[4.381973,50.828381],[4.381934,50.828411],[4.381655,50.828621],[4.381329,50.828865],[4.381081,50.829052],[4.380257,50.829819],[4.37998,50.830076],[4.380367,50.830425],[4.382358,50.832912],[4.382269,50.83294],[4.382146,50.83298],[4.381769,50.8331],[4.379108,50.833985],[4.378988,50.834025],[4.379236,50.834322],[4.379265,50.834404],[4.379278,50.83449],[4.379282,50.834708],[4.379285,50.834783],[4.379289,50.83488],[4.379402,50.835244],[4.379448,50.835338],[4.379458,50.835355],[4.379555,50.835514],[4.379582,50.83557],[4.379563,50.835618],[4.379461,50.835692],[4.379358,50.835795],[4.37933,50.835857],[4.379302,50.83592],[4.379222,50.836032],[4.379171,50.836128],[4.379169,50.83614],[4.379181,50.836217],[4.379196,50.836272],[4.379203,50.836291],[4.379307,50.836489],[4.379609,50.836829],[4.379645,50.836852],[4.379747,50.836916],[4.379831,50.836972],[4.380028,50.837067],[4.380245,50.837262],[4.380296,50.837515],[4.380358,50.837525],[4.380354,50.837544],[4.380624,50.837866],[4.380657,50.837911],[4.380745,50.83888],[4.380756,50.839113],[4.380676,50.839435],[4.380261,50.840012],[4.380488,50.839988],[4.380517,50.839985],[4.382277,50.839797],[4.382571,50.839766],[4.383178,50.839701],[4.38358,50.839659],[4.385305,50.839475],[4.385784,50.839424],[4.385823,50.839501],[4.392561,50.838099],[4.393167,50.837975],[4.393331,50.837942],[4.394042,50.839313],[4.394244,50.839704],[4.394728,50.840635],[4.394899,50.840965],[4.395924,50.842929],[4.396022,50.843118],[4.396036,50.843144],[4.396092,50.843252],[4.396028,50.843407],[4.398911,50.844669],[4.400051,50.843652],[4.400113,50.843593],[4.400604,50.843114],[4.400815,50.842765],[4.400969,50.842583],[4.401112,50.842294],[4.401473,50.841335],[4.401391,50.84122],[4.401195,50.840875],[4.401097,50.840729],[4.40109,50.840636],[4.401088,50.840601],[4.401216,50.840581],[4.401381,50.840556],[4.401717,50.840503],[4.402147,50.84042],[4.402487,50.840324],[4.402533,50.840309],[4.402591,50.840285],[4.402711,50.840231],[4.402837,50.840171],[4.403341,50.839956],[4.403488,50.839899],[4.403786,50.839821],[4.404065,50.839731],[4.404248,50.839667],[4.404349,50.839629],[4.404425,50.839598],[4.40461,50.839507],[4.404719,50.83945],[4.404885,50.839353],[4.405277,50.839025],[4.405561,50.838835],[4.405619,50.83887],[4.405787,50.838974],[4.405962,50.839082],[4.406312,50.839051],[4.406494,50.839034],[4.407104,50.838978],[4.407441,50.8389],[4.407562,50.838873],[4.406124,50.838388],[4.406089,50.83832],[4.406011,50.83817],[4.405951,50.838056],[4.40545,50.837802],[4.405098,50.837623],[4.405786,50.83706],[4.40585,50.837006],[4.405931,50.836938],[4.405959,50.836914],[4.405983,50.836895],[4.40602,50.836864],[4.406082,50.836811],[4.406144,50.836759],[4.40622,50.836695],[4.406334,50.836599],[4.406378,50.836562],[4.4065,50.83646],[4.4066,50.836375],[4.406686,50.836303],[4.407154,50.83591],[4.408172,50.835189],[4.408636,50.834861],[4.408923,50.834657],[4.409311,50.834381],[4.409468,50.834216],[4.409691,50.833981],[4.409755,50.833903],[4.409767,50.833884],[4.409808,50.833819],[4.409853,50.833732],[4.409863,50.833595],[4.409863,50.833591],[4.409838,50.833183],[4.409834,50.833111],[4.409828,50.833069],[4.409827,50.833067],[4.409808,50.832939],[4.409796,50.832857],[4.409796,50.832856],[4.409783,50.832773],[4.409775,50.832718],[4.409765,50.832654],[4.409752,50.832562],[4.409752,50.832562],[4.40974,50.832482],[4.409734,50.832443],[4.409739,50.832334],[4.409742,50.832286],[4.409751,50.832133],[4.409762,50.832069],[4.409786,50.831969],[4.409805,50.83189],[4.409844,50.831793],[4.409888,50.831681],[4.409934,50.831597],[4.409986,50.831503],[4.409987,50.831503],[4.410048,50.831413],[4.410072,50.831378],[4.410097,50.831339],[4.410141,50.831272],[4.410204,50.831176],[4.41032,50.83101],[4.410344,50.830982],[4.410394,50.830926],[4.410459,50.830851],[4.410506,50.830808],[4.410618,50.830703],[4.410637,50.830693],[4.410713,50.830648],[4.410787,50.830605],[4.410805,50.830594],[4.410823,50.830584],[4.410976,50.830533],[4.41109,50.830496],[4.411221,50.83047],[4.411364,50.830441],[4.411578,50.830434],[4.411594,50.830435],[4.411673,50.830439],[4.411749,50.830442],[4.411801,50.830445],[4.411911,50.83045],[4.412193,50.830464],[4.412088,50.830417],[4.411036,50.829957],[4.404361,50.827035],[4.403724,50.826764],[4.403581,50.826702],[4.403438,50.826639],[4.403347,50.8266],[4.403244,50.826553],[4.40314,50.826505],[4.402348,50.826165],[4.40219,50.826097],[4.402033,50.82603],[4.401633,50.825857],[4.401536,50.825814],[4.401438,50.825772],[4.401299,50.825711],[4.401201,50.825669],[4.401103,50.825627],[4.399443,50.824901],[4.399336,50.824858],[4.399259,50.824906],[4.399243,50.824916],[4.39729,50.826085],[4.397278,50.826093],[4.397037,50.82624],[4.396987,50.826215],[4.396938,50.82619],[4.396169,50.825802],[4.396051,50.825742]]]}},{"type":"Feature","properties":{"niscode":"21019","nameFr":"Woluwe-Saint-Pierre","nameDut":"Sint-Pieters-Woluwe","name":"Sint-Pieters-Woluwe","area":8944428.17153298,"naam":"Sint-Pieters-Woluwe","total_population":42571,"internal_in_num":3159,"internal_in_pct":0.0742054450212586,"internal_out_num":3169,"internal_out_pct":0.07444034671489981,"internal_balance_num":-10,"internal_balance_pct":-0.00023490169364121115,"international_balance_num":63,"international_balance_pct":0.0014798806699396303,"age_pct_65plus":0.1921,"age_pct_under3":0.0241,"age_pct_0_17":0.2041,"age_count_12_17":7833,"age_pct_18_24":0.0849,"age_pct_18_64":0.6038,"age_pct_30_44":0.1864,"age_pct_3_5":0.0293,"age_pct_45_64":0.2679,"age_pct_6_11":0.0724,"age_pct_65_79":0.1277,"age_pct_80plus":0.0645,"age_count_0_17":8685,"age_count_18_64":25689,"age_count_65plus":8175,"hq_qual_basic":0.002565,"hq_qual_normal":0.890492,"hq_qual_luxurious":0.079646,"hq_build_pre1900":0.005958,"hq_build_1900_1940":0.167586,"hq_build_1941_1960":0.219436,"hq_build_1961_1990":0.407391,"hq_build_1991_2010":0.143634,"hq_build_post2011":0.055996,"hq_renov_by1982":0.022286,"hq_renov_by1992":0.034231,"hq_renov_by2002":0.039763,"hq_renov_by2012":0.06269,"hq_renov_by2022":0.032387,"hq_type_closed":0.172439,"hq_type_halfopen":0.106261,"hq_type_open":0.059123,"fam_single_parent":0.1069,"fam_alone_under30":0.0468,"fam_alone_18_29":0.1417,"fam_alone_65plus_pct":0.3901,"fam_alone_65plus_hh":0.1657,"fam_couple_children":0.2639,"fam_couple_no_children":0.1855,"migbg_total":0.644,"migbg_belgian_with":0.272,"migbg_belgian_without":0.356,"nat_eu14_pct":0.2215,"nat_belgian_pct":0.6221,"pri_avg_dwelling":2044,"pri_avg_parcel":2311,"pri_std_dev":21010,"rc_per_ha":104820,"rc_total":49279572,"rc_pct_low":0.015717,"rc_pct_high":0.486053,"avg_net_income":52488,"zero_income_rate":0.173051,"avg_prof_income":51505,"tax_per_resident":7514,"bp_res_new_dwellings":5,"bp_res_apartments":0,"bp_res_houses":5,"bp_res_new_surface":2171,"bp_res_renovations":106,"bp_nonres_new":1,"bp_nonres_renov":1,"re_apt_median":371250,"re_apt_p25":290000,"re_apt_transactions":350,"re_house_median":725500,"re_house_transactions":209,"re_terraced_median":695000,"re_terraced_transactions":171,"re_detached_median":1075000,"re_detached_transactions":38,"hasData":true},"geometry":{"type":"Polygon","coordinates":[[[4.461775,50.84879],[4.462485,50.848943],[4.462519,50.848875],[4.462804,50.848619],[4.463032,50.848307],[4.463646,50.847286],[4.463841,50.846813],[4.463989,50.846388],[4.464301,50.845839],[4.464731,50.845087],[4.465195,50.844273],[4.465236,50.844281],[4.467076,50.844626],[4.46704,50.844323],[4.467072,50.844098],[4.46725,50.843382],[4.467178,50.84275],[4.467044,50.841979],[4.46696,50.841409],[4.466812,50.840154],[4.467012,50.839735],[4.467257,50.839422],[4.467628,50.838952],[4.467814,50.838671],[4.467968,50.83826],[4.468059,50.837867],[4.468115,50.837533],[4.468165,50.837386],[4.467722,50.837048],[4.467082,50.836558],[4.465742,50.835535],[4.46662,50.834326],[4.468396,50.83188],[4.469583,50.830247],[4.469814,50.829929],[4.469818,50.829923],[4.470176,50.82943],[4.47077,50.828613],[4.471363,50.827796],[4.471956,50.82698],[4.47255,50.826163],[4.473143,50.825347],[4.473736,50.82453],[4.47433,50.823713],[4.474922,50.822895],[4.475514,50.82208],[4.476108,50.821263],[4.476732,50.820405],[4.454656,50.818422],[4.454618,50.818461],[4.45436,50.818728],[4.454296,50.818793],[4.453658,50.819452],[4.453357,50.819885],[4.452755,50.82038],[4.451464,50.820854],[4.450711,50.821146],[4.450322,50.821266],[4.450025,50.821535],[4.449879,50.821652],[4.44982,50.821705],[4.449512,50.821889],[4.449351,50.821979],[4.448524,50.82216],[4.448509,50.822163],[4.448389,50.82219],[4.448259,50.822234],[4.448012,50.822318],[4.447589,50.822427],[4.447569,50.822432],[4.447003,50.82259],[4.446866,50.822628],[4.446854,50.82263],[4.446769,50.822642],[4.446644,50.822655],[4.446548,50.822664],[4.446335,50.822662],[4.446165,50.822653],[4.445975,50.82264],[4.445709,50.822626],[4.445276,50.8226],[4.445006,50.822588],[4.444774,50.822575],[4.444548,50.822561],[4.44401,50.822532],[4.443829,50.822521],[4.443656,50.822511],[4.443561,50.822506],[4.443511,50.822503],[4.443335,50.822492],[4.443033,50.822482],[4.442978,50.822469],[4.442898,50.822455],[4.442758,50.822409],[4.442659,50.822366],[4.442639,50.822354],[4.442574,50.822299],[4.442384,50.82206],[4.442282,50.821932],[4.44196,50.82154],[4.441864,50.82141],[4.441746,50.821286],[4.441704,50.821246],[4.441617,50.821186],[4.441535,50.821128],[4.441413,50.821072],[4.441315,50.821034],[4.44121,50.820996],[4.441114,50.820957],[4.440998,50.820882],[4.440899,50.82081],[4.440849,50.820769],[4.440807,50.820732],[4.44074,50.820672],[4.440639,50.820573],[4.440562,50.820623],[4.439479,50.821325],[4.43836,50.82203],[4.437652,50.822486],[4.437245,50.822748],[4.433743,50.825004],[4.433626,50.825082],[4.433499,50.82511],[4.433411,50.825126],[4.433347,50.82513],[4.432262,50.82512],[4.432247,50.825075],[4.432234,50.825017],[4.43207,50.825104],[4.431687,50.825308],[4.43146,50.825429],[4.431445,50.825437],[4.431253,50.82557],[4.430672,50.826112],[4.43029,50.826222],[4.429903,50.826194],[4.429647,50.82615],[4.429622,50.826146],[4.429176,50.826061],[4.429072,50.826005],[4.428346,50.825862],[4.428138,50.826252],[4.427168,50.825898],[4.42697,50.825804],[4.426766,50.825681],[4.42602,50.82533],[4.425824,50.825207],[4.42567,50.82513],[4.425173,50.824917],[4.42496,50.824785],[4.424764,50.824644],[4.424616,50.824561],[4.424,50.824249],[4.42382,50.824182],[4.42344,50.824088],[4.423408,50.82408],[4.422986,50.823931],[4.422883,50.823883],[4.422629,50.823771],[4.422592,50.823702],[4.422549,50.823621],[4.422237,50.823503],[4.422106,50.823426],[4.421938,50.823347],[4.421784,50.823287],[4.421647,50.823243],[4.421441,50.823178],[4.421083,50.823086],[4.420981,50.823052],[4.420908,50.823022],[4.420864,50.823],[4.420817,50.822977],[4.42072,50.822924],[4.42067,50.822875],[4.420624,50.822844],[4.419427,50.822039],[4.418912,50.821807],[4.418906,50.821804],[4.418596,50.821706],[4.418454,50.821682],[4.417976,50.821601],[4.417778,50.821616],[4.417706,50.821643],[4.417599,50.821683],[4.417375,50.821783],[4.416469,50.822156],[4.416172,50.822279],[4.415702,50.822476],[4.415559,50.822532],[4.415235,50.82266],[4.414787,50.822849],[4.414569,50.82294],[4.414559,50.822936],[4.41446,50.822883],[4.414385,50.822842],[4.414274,50.822781],[4.414051,50.822673],[4.413959,50.822625],[4.413769,50.822528],[4.413692,50.822489],[4.413683,50.822476],[4.413665,50.82244],[4.413657,50.822408],[4.41362,50.822308],[4.413607,50.82229],[4.413591,50.822276],[4.413568,50.822259],[4.413538,50.822256],[4.413479,50.822267],[4.413429,50.822284],[4.413387,50.822284],[4.413292,50.822247],[4.413205,50.822207],[4.413125,50.822184],[4.412692,50.822302],[4.411757,50.822548],[4.411707,50.822561],[4.411772,50.822606],[4.411709,50.822668],[4.411568,50.822806],[4.411388,50.822989],[4.411057,50.823198],[4.410916,50.82329],[4.410144,50.823792],[4.410022,50.823875],[4.409884,50.823973],[4.409674,50.824106],[4.409487,50.824225],[4.408601,50.82479],[4.408543,50.824827],[4.408481,50.824869],[4.40753,50.825527],[4.406936,50.825864],[4.406388,50.826162],[4.405888,50.826456],[4.405518,50.826625],[4.404646,50.826933],[4.404361,50.827035],[4.411036,50.829957],[4.412088,50.830417],[4.412193,50.830464],[4.411911,50.83045],[4.411801,50.830445],[4.411749,50.830442],[4.411673,50.830439],[4.411594,50.830435],[4.411578,50.830434],[4.411364,50.830441],[4.411221,50.83047],[4.41109,50.830496],[4.410976,50.830533],[4.410823,50.830584],[4.410805,50.830594],[4.410787,50.830605],[4.410713,50.830648],[4.410637,50.830693],[4.410618,50.830703],[4.410506,50.830808],[4.410459,50.830851],[4.410394,50.830926],[4.410344,50.830982],[4.41032,50.83101],[4.410204,50.831176],[4.410141,50.831272],[4.410097,50.831339],[4.410072,50.831378],[4.410048,50.831413],[4.409987,50.831503],[4.409986,50.831503],[4.409934,50.831597],[4.409888,50.831681],[4.409844,50.831793],[4.409805,50.83189],[4.409786,50.831969],[4.409762,50.832069],[4.409751,50.832133],[4.409742,50.832286],[4.409739,50.832334],[4.409734,50.832443],[4.40974,50.832482],[4.409752,50.832562],[4.409752,50.832562],[4.409765,50.832654],[4.409775,50.832718],[4.409783,50.832773],[4.409796,50.832856],[4.409796,50.832857],[4.409808,50.832939],[4.409827,50.833067],[4.409828,50.833069],[4.409834,50.833111],[4.409838,50.833183],[4.409863,50.833591],[4.409863,50.833595],[4.409853,50.833732],[4.409808,50.833819],[4.409767,50.833884],[4.409755,50.833903],[4.409691,50.833981],[4.409468,50.834216],[4.409311,50.834381],[4.408923,50.834657],[4.408636,50.834861],[4.408172,50.835189],[4.407154,50.83591],[4.406686,50.836303],[4.4066,50.836375],[4.4065,50.83646],[4.406378,50.836562],[4.406334,50.836599],[4.40622,50.836695],[4.406144,50.836759],[4.406082,50.836811],[4.40602,50.836864],[4.405983,50.836895],[4.405959,50.836914],[4.405931,50.836938],[4.40585,50.837006],[4.405786,50.83706],[4.405098,50.837623],[4.40545,50.837802],[4.405951,50.838056],[4.406011,50.83817],[4.406089,50.83832],[4.406124,50.838388],[4.407562,50.838873],[4.407794,50.838964],[4.407847,50.838973],[4.407905,50.838979],[4.408006,50.838982],[4.40816,50.838981],[4.408213,50.838978],[4.408297,50.838975],[4.408417,50.838918],[4.408461,50.838897],[4.408529,50.83886],[4.408574,50.838832],[4.408637,50.838788],[4.4087,50.838734],[4.40875,50.838692],[4.408838,50.838638],[4.408893,50.838611],[4.409162,50.838514],[4.409514,50.838415],[4.409717,50.838378],[4.410157,50.83827],[4.410715,50.838148],[4.41082,50.83813],[4.411247,50.838191],[4.411386,50.83822],[4.411642,50.838282],[4.411759,50.838305],[4.412015,50.838311],[4.412224,50.838321],[4.412609,50.838338],[4.412884,50.838345],[4.413213,50.838341],[4.414087,50.838335],[4.414691,50.838335],[4.415085,50.838343],[4.41526,50.838348],[4.41605,50.83839],[4.416315,50.838404],[4.416526,50.838415],[4.4181,50.838507],[4.418407,50.838542],[4.419316,50.838692],[4.419928,50.838796],[4.420198,50.838841],[4.420605,50.83891],[4.421054,50.838983],[4.421226,50.839008],[4.421584,50.839054],[4.422106,50.839094],[4.42245,50.839118],[4.422594,50.839139],[4.426432,50.839385],[4.430085,50.839338],[4.431603,50.839318],[4.43168,50.839379],[4.431744,50.83947],[4.431768,50.839521],[4.43181,50.839619],[4.431831,50.839723],[4.431835,50.83981],[4.431828,50.83987],[4.431814,50.839973],[4.431804,50.840052],[4.432122,50.84004],[4.432316,50.84003],[4.432518,50.840015],[4.432685,50.839996],[4.432954,50.839951],[4.433071,50.839925],[4.433206,50.839894],[4.433323,50.839866],[4.433444,50.839833],[4.43355,50.839801],[4.433645,50.839772],[4.43382,50.839709],[4.433999,50.83964],[4.434011,50.839084],[4.434017,50.838476],[4.434022,50.838079],[4.434028,50.837757],[4.434093,50.83775],[4.434175,50.83774],[4.434737,50.837665],[4.435052,50.837631],[4.435519,50.83758],[4.435384,50.837224],[4.435284,50.836962],[4.435159,50.836529],[4.434828,50.835427],[4.434738,50.835106],[4.434674,50.834961],[4.434591,50.834829],[4.434535,50.83477],[4.434514,50.834748],[4.434544,50.834752],[4.434742,50.834778],[4.435786,50.83454],[4.435949,50.83471],[4.436118,50.834756],[4.436184,50.834739],[4.436401,50.834637],[4.436596,50.834534],[4.436747,50.834467],[4.436859,50.834424],[4.437062,50.834363],[4.437324,50.834292],[4.43762,50.834226],[4.437726,50.834208],[4.438244,50.834046],[4.438267,50.834038],[4.438441,50.834002],[4.438442,50.834004],[4.43852,50.833978],[4.438643,50.833937],[4.438673,50.833927],[4.43894,50.833835],[4.438947,50.833846],[4.439152,50.833801],[4.439245,50.833781],[4.439342,50.833837],[4.439428,50.833889],[4.439505,50.833937],[4.439612,50.834023],[4.439703,50.834117],[4.43979,50.834229],[4.439859,50.834349],[4.43988,50.834406],[4.439906,50.834504],[4.439916,50.834562],[4.439914,50.834675],[4.439912,50.834717],[4.439907,50.834769],[4.439874,50.834848],[4.439839,50.83494],[4.439827,50.834983],[4.439818,50.83502],[4.439806,50.83508],[4.439798,50.835124],[4.439794,50.835159],[4.439789,50.835196],[4.439785,50.835236],[4.439777,50.83529],[4.439748,50.835653],[4.439746,50.835681],[4.439687,50.835692],[4.43962,50.8357],[4.439422,50.83572],[4.439206,50.835741],[4.438881,50.835777],[4.43862,50.835811],[4.438515,50.835825],[4.438426,50.835849],[4.438361,50.835873],[4.438291,50.835907],[4.43825,50.835927],[4.43822,50.835945],[4.438177,50.835976],[4.438145,50.836009],[4.438121,50.836039],[4.438104,50.836073],[4.438094,50.836102],[4.438094,50.836117],[4.438092,50.836144],[4.438094,50.836173],[4.438097,50.836198],[4.438102,50.836228],[4.438109,50.836248],[4.438121,50.836278],[4.438165,50.836373],[4.438376,50.836818],[4.438445,50.836968],[4.43847,50.837021],[4.438541,50.837011],[4.438735,50.836982],[4.438929,50.836975],[4.438986,50.836985],[4.439057,50.837004],[4.439149,50.837036],[4.439194,50.837052],[4.439239,50.837071],[4.439336,50.837112],[4.43936,50.837122],[4.44004,50.837412],[4.440105,50.837437],[4.440154,50.837455],[4.440503,50.837588],[4.440687,50.837658],[4.440796,50.837748],[4.44081,50.837759],[4.440852,50.83779],[4.440919,50.837838],[4.440944,50.837854],[4.441041,50.837915],[4.441131,50.837969],[4.441187,50.837999],[4.44127,50.838044],[4.441413,50.838112],[4.441451,50.83813],[4.441462,50.838134],[4.441503,50.838149],[4.441571,50.838173],[4.441612,50.838187],[4.441708,50.838216],[4.441792,50.838241],[4.441833,50.838253],[4.441879,50.838265],[4.441935,50.838278],[4.441984,50.838289],[4.442013,50.838294],[4.44212,50.838311],[4.442218,50.838324],[4.442386,50.838332],[4.44273,50.838345],[4.442843,50.83834],[4.443083,50.838337],[4.443213,50.838339],[4.443326,50.838343],[4.443376,50.838348],[4.443444,50.838354],[4.44378,50.8384],[4.4439,50.838418],[4.44401,50.838436],[4.444376,50.838496],[4.444856,50.838571],[4.44498,50.838592],[4.445472,50.83867],[4.44585,50.838735],[4.445963,50.838753],[4.446033,50.838766],[4.447236,50.83896],[4.447861,50.839083],[4.448372,50.839186],[4.448684,50.839247],[4.448835,50.83928],[4.448896,50.839292],[4.448992,50.839307],[4.449133,50.839328],[4.449544,50.839396],[4.44978,50.839431],[4.450036,50.839474],[4.450614,50.839566],[4.4507,50.839575],[4.451243,50.83965],[4.451592,50.839693],[4.451656,50.839692],[4.451814,50.839689],[4.451991,50.83969],[4.45221,50.839706],[4.452264,50.839712],[4.452328,50.839715],[4.452438,50.839721],[4.452687,50.839732],[4.452951,50.839743],[4.453,50.839746],[4.453053,50.83975],[4.453231,50.839765],[4.453427,50.839782],[4.453663,50.839798],[4.453936,50.839819],[4.454284,50.839845],[4.454515,50.839864],[4.45469,50.839875],[4.454795,50.839884],[4.454773,50.839898],[4.453931,50.840408],[4.453443,50.840716],[4.453255,50.840848],[4.453154,50.840918],[4.453088,50.840964],[4.453021,50.841011],[4.452958,50.841054],[4.452891,50.8411],[4.452825,50.841147],[4.452724,50.841217],[4.452625,50.841287],[4.452558,50.841333],[4.452492,50.841381],[4.452436,50.841433],[4.452379,50.841485],[4.452278,50.841579],[4.452021,50.841813],[4.451811,50.842006],[4.451762,50.842051],[4.451691,50.842044],[4.451417,50.842002],[4.450226,50.841756],[4.449621,50.84161],[4.449399,50.841798],[4.448571,50.842497],[4.44842,50.842626],[4.448128,50.842884],[4.449658,50.843318],[4.449628,50.843453],[4.450332,50.843725],[4.450642,50.843829],[4.450878,50.843849],[4.451346,50.843879],[4.451736,50.843841],[4.452317,50.843897],[4.45248,50.843903],[4.454148,50.844116],[4.454148,50.84416],[4.454336,50.844128],[4.454421,50.844116],[4.454569,50.844101],[4.454927,50.844088],[4.455002,50.844088],[4.455112,50.844086],[4.455218,50.844079],[4.45529,50.844071],[4.455361,50.84406],[4.455436,50.844045],[4.455533,50.844018],[4.45557,50.844004],[4.45575,50.843925],[4.455824,50.844035],[4.455911,50.844176],[4.456328,50.844154],[4.456579,50.844181],[4.456737,50.844161],[4.456866,50.844182],[4.456961,50.844162],[4.45708,50.844112],[4.457162,50.844252],[4.457177,50.844294],[4.457225,50.84448],[4.45716,50.844705],[4.457213,50.844998],[4.457228,50.845078],[4.457533,50.845253],[4.458055,50.845231],[4.458395,50.845269],[4.458465,50.845289],[4.458572,50.845321],[4.458717,50.845364],[4.458963,50.845472],[4.459149,50.84549],[4.459571,50.845442],[4.459639,50.845434],[4.459543,50.845537],[4.458923,50.846163],[4.458528,50.846589],[4.458128,50.84702],[4.457369,50.847796],[4.457449,50.847814],[4.457933,50.847921],[4.458984,50.848159],[4.461514,50.848731],[4.461775,50.84879]]]}},{"type":"Feature","properties":{"niscode":"21018","nameFr":"Woluwe-Saint-Lambert","nameDut":"Sint-Lambrechts-Woluwe","name":"Sint-Lambrechts-Woluwe","area":7293691.33596135,"naam":"Sint-Lambrechts-Woluwe","total_population":60771,"internal_in_num":4496,"internal_in_pct":0.07398265620114858,"internal_out_num":4937,"internal_out_pct":0.08123940695397476,"internal_balance_num":-441,"internal_balance_pct":-0.0072567507528261835,"international_balance_num":680,"international_balance_pct":0.01118954764608119,"age_pct_65plus":0.1668,"age_pct_under3":0.0264,"age_pct_0_17":0.1895,"age_count_12_17":6823,"age_pct_18_24":0.0855,"age_pct_18_64":0.6437,"age_pct_30_44":0.2312,"age_pct_3_5":0.0302,"age_pct_45_64":0.2429,"age_pct_6_11":0.0647,"age_pct_65_79":0.1164,"age_pct_80plus":0.0504,"age_count_0_17":11551,"age_count_18_64":39236,"age_count_65plus":10169,"hq_qual_basic":0.000657,"hq_qual_normal":0.92701,"hq_qual_luxurious":0.048693,"hq_build_pre1900":0.002436,"hq_build_1900_1940":0.164657,"hq_build_1941_1960":0.12831,"hq_build_1961_1990":0.374938,"hq_build_1991_2010":0.211094,"hq_build_post2011":0.118565,"hq_renov_by1982":0.015323,"hq_renov_by1992":0.019847,"hq_renov_by2002":0.026827,"hq_renov_by2012":0.076128,"hq_renov_by2022":0.021622,"hq_type_closed":0.143622,"hq_type_halfopen":0.033929,"hq_type_open":0.005399,"fam_single_parent":0.1075,"fam_alone_under30":0.078,"fam_alone_18_29":0.2249,"fam_alone_65plus_pct":0.4286,"fam_alone_65plus_hh":0.1462,"fam_couple_children":0.2141,"fam_couple_no_children":0.1639,"migbg_total":0.712,"migbg_belgian_with":0.334,"migbg_belgian_without":0.288,"nat_eu14_pct":0.2002,"nat_belgian_pct":0.5974,"pri_avg_dwelling":1441,"pri_avg_parcel":1760,"pri_std_dev":16793,"rc_per_ha":156195,"rc_total":61488329,"rc_pct_low":0.03267,"rc_pct_high":0.342951,"avg_net_income":42479,"zero_income_rate":0.185655,"avg_prof_income":42386,"tax_per_resident":5902,"bp_res_new_dwellings":223,"bp_res_apartments":209,"bp_res_houses":14,"bp_res_new_surface":28862,"bp_res_renovations":98,"bp_nonres_new":1,"bp_nonres_renov":6,"re_apt_median":350000,"re_apt_p25":260000,"re_apt_transactions":629,"re_house_median":665000,"re_house_transactions":126,"re_terraced_median":670000,"re_terraced_transactions":122,"re_detached_transactions":4,"hasData":true},"geometry":{"type":"Polygon","coordinates":[[[4.461775,50.84879],[4.461514,50.848731],[4.458984,50.848159],[4.457933,50.847921],[4.457449,50.847814],[4.457369,50.847796],[4.458128,50.84702],[4.458528,50.846589],[4.458923,50.846163],[4.459543,50.845537],[4.459639,50.845434],[4.459571,50.845442],[4.459149,50.84549],[4.458963,50.845472],[4.458717,50.845364],[4.458572,50.845321],[4.458465,50.845289],[4.458395,50.845269],[4.458055,50.845231],[4.457533,50.845253],[4.457228,50.845078],[4.457213,50.844998],[4.45716,50.844705],[4.457225,50.84448],[4.457177,50.844294],[4.457162,50.844252],[4.45708,50.844112],[4.456961,50.844162],[4.456866,50.844182],[4.456737,50.844161],[4.456579,50.844181],[4.456328,50.844154],[4.455911,50.844176],[4.455824,50.844035],[4.45575,50.843925],[4.45557,50.844004],[4.455533,50.844018],[4.455436,50.844045],[4.455361,50.84406],[4.45529,50.844071],[4.455218,50.844079],[4.455112,50.844086],[4.455002,50.844088],[4.454927,50.844088],[4.454569,50.844101],[4.454421,50.844116],[4.454336,50.844128],[4.454148,50.84416],[4.454148,50.844116],[4.45248,50.843903],[4.452317,50.843897],[4.451736,50.843841],[4.451346,50.843879],[4.450878,50.843849],[4.450642,50.843829],[4.450332,50.843725],[4.449628,50.843453],[4.449658,50.843318],[4.448128,50.842884],[4.44842,50.842626],[4.448571,50.842497],[4.449399,50.841798],[4.449621,50.84161],[4.450226,50.841756],[4.451417,50.842002],[4.451691,50.842044],[4.451762,50.842051],[4.451811,50.842006],[4.452021,50.841813],[4.452278,50.841579],[4.452379,50.841485],[4.452436,50.841433],[4.452492,50.841381],[4.452558,50.841333],[4.452625,50.841287],[4.452724,50.841217],[4.452825,50.841147],[4.452891,50.8411],[4.452958,50.841054],[4.453021,50.841011],[4.453088,50.840964],[4.453154,50.840918],[4.453255,50.840848],[4.453443,50.840716],[4.453931,50.840408],[4.454773,50.839898],[4.454795,50.839884],[4.45469,50.839875],[4.454515,50.839864],[4.454284,50.839845],[4.453936,50.839819],[4.453663,50.839798],[4.453427,50.839782],[4.453231,50.839765],[4.453053,50.83975],[4.453,50.839746],[4.452951,50.839743],[4.452687,50.839732],[4.452438,50.839721],[4.452328,50.839715],[4.452264,50.839712],[4.45221,50.839706],[4.451991,50.83969],[4.451814,50.839689],[4.451656,50.839692],[4.451592,50.839693],[4.451243,50.83965],[4.4507,50.839575],[4.450614,50.839566],[4.450036,50.839474],[4.44978,50.839431],[4.449544,50.839396],[4.449133,50.839328],[4.448992,50.839307],[4.448896,50.839292],[4.448835,50.83928],[4.448684,50.839247],[4.448372,50.839186],[4.447861,50.839083],[4.447236,50.83896],[4.446033,50.838766],[4.445963,50.838753],[4.44585,50.838735],[4.445472,50.83867],[4.44498,50.838592],[4.444856,50.838571],[4.444376,50.838496],[4.44401,50.838436],[4.4439,50.838418],[4.44378,50.8384],[4.443444,50.838354],[4.443376,50.838348],[4.443326,50.838343],[4.443213,50.838339],[4.443083,50.838337],[4.442843,50.83834],[4.44273,50.838345],[4.442386,50.838332],[4.442218,50.838324],[4.44212,50.838311],[4.442013,50.838294],[4.441984,50.838289],[4.441935,50.838278],[4.441879,50.838265],[4.441833,50.838253],[4.441792,50.838241],[4.441708,50.838216],[4.441612,50.838187],[4.441571,50.838173],[4.441503,50.838149],[4.441462,50.838134],[4.441451,50.83813],[4.441413,50.838112],[4.44127,50.838044],[4.441187,50.837999],[4.441131,50.837969],[4.441041,50.837915],[4.440944,50.837854],[4.440919,50.837838],[4.440852,50.83779],[4.44081,50.837759],[4.440796,50.837748],[4.440687,50.837658],[4.440503,50.837588],[4.440154,50.837455],[4.440105,50.837437],[4.44004,50.837412],[4.43936,50.837122],[4.439336,50.837112],[4.439239,50.837071],[4.439194,50.837052],[4.439149,50.837036],[4.439057,50.837004],[4.438986,50.836985],[4.438929,50.836975],[4.438735,50.836982],[4.438541,50.837011],[4.43847,50.837021],[4.438445,50.836968],[4.438376,50.836818],[4.438165,50.836373],[4.438121,50.836278],[4.438109,50.836248],[4.438102,50.836228],[4.438097,50.836198],[4.438094,50.836173],[4.438092,50.836144],[4.438094,50.836117],[4.438094,50.836102],[4.438104,50.836073],[4.438121,50.836039],[4.438145,50.836009],[4.438177,50.835976],[4.43822,50.835945],[4.43825,50.835927],[4.438291,50.835907],[4.438361,50.835873],[4.438426,50.835849],[4.438515,50.835825],[4.43862,50.835811],[4.438881,50.835777],[4.439206,50.835741],[4.439422,50.83572],[4.43962,50.8357],[4.439687,50.835692],[4.439746,50.835681],[4.439748,50.835653],[4.439777,50.83529],[4.439785,50.835236],[4.439789,50.835196],[4.439794,50.835159],[4.439798,50.835124],[4.439806,50.83508],[4.439818,50.83502],[4.439827,50.834983],[4.439839,50.83494],[4.439874,50.834848],[4.439907,50.834769],[4.439912,50.834717],[4.439914,50.834675],[4.439916,50.834562],[4.439906,50.834504],[4.43988,50.834406],[4.439859,50.834349],[4.43979,50.834229],[4.439703,50.834117],[4.439612,50.834023],[4.439505,50.833937],[4.439428,50.833889],[4.439342,50.833837],[4.439245,50.833781],[4.439152,50.833801],[4.438947,50.833846],[4.43894,50.833835],[4.438673,50.833927],[4.438643,50.833937],[4.43852,50.833978],[4.438442,50.834004],[4.438441,50.834002],[4.438267,50.834038],[4.438244,50.834046],[4.437726,50.834208],[4.43762,50.834226],[4.437324,50.834292],[4.437062,50.834363],[4.436859,50.834424],[4.436747,50.834467],[4.436596,50.834534],[4.436401,50.834637],[4.436184,50.834739],[4.436118,50.834756],[4.435949,50.83471],[4.435786,50.83454],[4.434742,50.834778],[4.434544,50.834752],[4.434514,50.834748],[4.434535,50.83477],[4.434591,50.834829],[4.434674,50.834961],[4.434738,50.835106],[4.434828,50.835427],[4.435159,50.836529],[4.435284,50.836962],[4.435384,50.837224],[4.435519,50.83758],[4.435052,50.837631],[4.434737,50.837665],[4.434175,50.83774],[4.434093,50.83775],[4.434028,50.837757],[4.434022,50.838079],[4.434017,50.838476],[4.434011,50.839084],[4.433999,50.83964],[4.43382,50.839709],[4.433645,50.839772],[4.43355,50.839801],[4.433444,50.839833],[4.433323,50.839866],[4.433206,50.839894],[4.433071,50.839925],[4.432954,50.839951],[4.432685,50.839996],[4.432518,50.840015],[4.432316,50.84003],[4.432122,50.84004],[4.431804,50.840052],[4.431814,50.839973],[4.431828,50.83987],[4.431835,50.83981],[4.431831,50.839723],[4.43181,50.839619],[4.431768,50.839521],[4.431744,50.83947],[4.43168,50.839379],[4.431603,50.839318],[4.430085,50.839338],[4.426432,50.839385],[4.422594,50.839139],[4.42245,50.839118],[4.422106,50.839094],[4.421584,50.839054],[4.421226,50.839008],[4.421054,50.838983],[4.420605,50.83891],[4.420198,50.838841],[4.419928,50.838796],[4.419316,50.838692],[4.418407,50.838542],[4.4181,50.838507],[4.416526,50.838415],[4.416315,50.838404],[4.41605,50.83839],[4.41526,50.838348],[4.415085,50.838343],[4.414691,50.838335],[4.414087,50.838335],[4.413213,50.838341],[4.412884,50.838345],[4.412609,50.838338],[4.412224,50.838321],[4.412015,50.838311],[4.411759,50.838305],[4.411642,50.838282],[4.411386,50.83822],[4.411247,50.838191],[4.41082,50.83813],[4.410715,50.838148],[4.410157,50.83827],[4.409717,50.838378],[4.409514,50.838415],[4.409162,50.838514],[4.408893,50.838611],[4.408838,50.838638],[4.40875,50.838692],[4.4087,50.838734],[4.408637,50.838788],[4.408574,50.838832],[4.408529,50.83886],[4.408461,50.838897],[4.408417,50.838918],[4.408297,50.838975],[4.408213,50.838978],[4.40816,50.838981],[4.408006,50.838982],[4.407905,50.838979],[4.407847,50.838973],[4.407794,50.838964],[4.407562,50.838873],[4.407441,50.8389],[4.407104,50.838978],[4.406494,50.839034],[4.406312,50.839051],[4.405962,50.839082],[4.405787,50.838974],[4.405619,50.83887],[4.405561,50.838835],[4.405277,50.839025],[4.404885,50.839353],[4.404719,50.83945],[4.40461,50.839507],[4.404425,50.839598],[4.404349,50.839629],[4.404248,50.839667],[4.404065,50.839731],[4.403786,50.839821],[4.403488,50.839899],[4.403341,50.839956],[4.402837,50.840171],[4.402711,50.840231],[4.402591,50.840285],[4.402533,50.840309],[4.402487,50.840324],[4.402147,50.84042],[4.401717,50.840503],[4.401381,50.840556],[4.401216,50.840581],[4.401088,50.840601],[4.40109,50.840636],[4.401097,50.840729],[4.401195,50.840875],[4.401391,50.84122],[4.401473,50.841335],[4.401112,50.842294],[4.400969,50.842583],[4.400815,50.842765],[4.400604,50.843114],[4.400113,50.843593],[4.400051,50.843652],[4.403655,50.845495],[4.40512,50.846142],[4.40833,50.847782],[4.410836,50.849141],[4.40996,50.850702],[4.410217,50.850739],[4.410384,50.850756],[4.410524,50.850766],[4.410701,50.850773],[4.410883,50.850775],[4.411053,50.850766],[4.411064,50.850823],[4.411069,50.850853],[4.41112,50.851141],[4.412106,50.851736],[4.411781,50.85204],[4.413836,50.853146],[4.414251,50.853369],[4.415059,50.853805],[4.415836,50.854223],[4.416246,50.854409],[4.416882,50.854697],[4.418217,50.855303],[4.419808,50.856023],[4.422001,50.857016],[4.422063,50.85711],[4.422189,50.857301],[4.422356,50.857554],[4.422457,50.857706],[4.422711,50.85809],[4.422924,50.858412],[4.422983,50.858502],[4.42301,50.858543],[4.423051,50.858604],[4.42306,50.858617],[4.423182,50.858802],[4.4234,50.859131],[4.42346,50.859222],[4.423501,50.859285],[4.423594,50.859426],[4.423694,50.859577],[4.423847,50.859808],[4.423897,50.859883],[4.423932,50.859936],[4.424009,50.860053],[4.424062,50.860133],[4.424211,50.860291],[4.42442,50.860513],[4.425041,50.861172],[4.42506,50.861192],[4.42558,50.861748],[4.425594,50.861763],[4.425752,50.861931],[4.425893,50.862082],[4.426166,50.862373],[4.426289,50.862504],[4.426633,50.862871],[4.428119,50.863017],[4.428217,50.863026],[4.42822,50.863026],[4.428325,50.863028],[4.428415,50.86303],[4.428504,50.863032],[4.428592,50.863033],[4.428676,50.863035],[4.428783,50.86301],[4.428908,50.862981],[4.428987,50.862963],[4.429008,50.862958],[4.429024,50.862955],[4.429157,50.862925],[4.429381,50.862875],[4.42968,50.862809],[4.429854,50.86277],[4.431016,50.862489],[4.429788,50.861243],[4.429757,50.861213],[4.437372,50.858505],[4.437397,50.858533],[4.439118,50.860449],[4.44051,50.859913],[4.44102,50.859716],[4.441178,50.859654],[4.441287,50.859612],[4.441409,50.859565],[4.441589,50.859495],[4.441761,50.85943],[4.441907,50.859374],[4.442104,50.8593],[4.44225,50.859244],[4.442346,50.859204],[4.442382,50.859191],[4.442528,50.859135],[4.442601,50.859107],[4.442675,50.859079],[4.442821,50.859022],[4.442894,50.858993],[4.442968,50.858965],[4.44304,50.858938],[4.443113,50.85891],[4.443408,50.858796],[4.443486,50.858768],[4.443557,50.858738],[4.443631,50.85871],[4.443707,50.858681],[4.443782,50.858653],[4.44393,50.858597],[4.444041,50.858554],[4.44468,50.858286],[4.444819,50.858228],[4.444935,50.858177],[4.444956,50.858168],[4.445012,50.858143],[4.444476,50.857629],[4.444349,50.857483],[4.444688,50.85737],[4.444846,50.857328],[4.444983,50.857299],[4.445349,50.857229],[4.445492,50.857187],[4.445565,50.857161],[4.445651,50.857122],[4.445724,50.857084],[4.445933,50.856961],[4.445962,50.856944],[4.446046,50.856882],[4.446101,50.856805],[4.446159,50.85671],[4.446232,50.856565],[4.446326,50.856243],[4.446058,50.856015],[4.446043,50.855968],[4.446009,50.855864],[4.445974,50.855757],[4.445951,50.855623],[4.445949,50.855561],[4.445955,50.855497],[4.445958,50.855472],[4.446016,50.855401],[4.446117,50.855289],[4.446187,50.855216],[4.446292,50.855115],[4.447824,50.85432],[4.448387,50.854194],[4.448545,50.854158],[4.448556,50.854153],[4.448661,50.854104],[4.448785,50.854061],[4.448908,50.854015],[4.44903,50.853969],[4.449158,50.85393],[4.449283,50.853888],[4.449406,50.853842],[4.449535,50.853804],[4.449662,50.853764],[4.449774,50.853732],[4.449791,50.853726],[4.449913,50.853681],[4.450038,50.853638],[4.450165,50.853597],[4.450284,50.853557],[4.450418,50.853515],[4.450452,50.853516],[4.450733,50.85349],[4.450874,50.853481],[4.451014,50.853464],[4.451156,50.853456],[4.451259,50.85346],[4.4514,50.853471],[4.45154,50.853486],[4.451679,50.853504],[4.451817,50.853528],[4.451959,50.853537],[4.452101,50.853543],[4.452246,50.853539],[4.452387,50.853526],[4.452527,50.853511],[4.452676,50.853511],[4.452819,50.853516],[4.453799,50.853481],[4.454105,50.853364],[4.454427,50.853217],[4.454987,50.853095],[4.455508,50.853038],[4.455742,50.852983],[4.455852,50.852953],[4.455939,50.852926],[4.456088,50.852883],[4.456135,50.85287],[4.456284,50.852836],[4.456334,50.852827],[4.456409,50.852817],[4.456466,50.852814],[4.456552,50.852812],[4.456601,50.852813],[4.456656,50.852816],[4.456739,50.85282],[4.456843,50.852826],[4.456906,50.852827],[4.456952,50.852828],[4.456971,50.852828],[4.457144,50.852828],[4.457226,50.852827],[4.457386,50.852822],[4.457456,50.852819],[4.457513,50.852816],[4.457866,50.85277],[4.457945,50.852759],[4.458027,50.852749],[4.458074,50.852742],[4.458132,50.852733],[4.458179,50.852725],[4.458217,50.852718],[4.4583,50.852704],[4.45835,50.852695],[4.458428,50.85268],[4.458509,50.852665],[4.458534,50.85266],[4.458665,50.852633],[4.458679,50.852631],[4.458693,50.852627],[4.458773,50.85261],[4.458837,50.852593],[4.458941,50.852567],[4.458989,50.852553],[4.45905,50.852534],[4.459103,50.852513],[4.459118,50.852507],[4.459191,50.852474],[4.459288,50.852431],[4.459302,50.852425],[4.459324,50.852417],[4.459371,50.852398],[4.459404,50.852385],[4.459435,50.852373],[4.459462,50.852363],[4.459499,50.85235],[4.459539,50.852337],[4.459569,50.852328],[4.459621,50.852315],[4.459654,50.852308],[4.459676,50.852303],[4.459724,50.852294],[4.459759,50.852287],[4.459831,50.852274],[4.459885,50.852264],[4.459892,50.852263],[4.460011,50.852245],[4.460085,50.852232],[4.460132,50.852224],[4.460257,50.852203],[4.460292,50.852196],[4.460312,50.852192],[4.460343,50.852185],[4.460352,50.852182],[4.460436,50.85216],[4.460491,50.852145],[4.46051,50.852139],[4.460606,50.852111],[4.460619,50.852107],[4.460685,50.852086],[4.460717,50.852076],[4.460767,50.852059],[4.460791,50.852051],[4.46089,50.852016],[4.460898,50.852014],[4.460916,50.852007],[4.460955,50.851991],[4.460963,50.851988],[4.461031,50.851959],[4.461093,50.851933],[4.461163,50.851903],[4.461165,50.85189],[4.461227,50.851407],[4.461239,50.851309],[4.461251,50.851223],[4.461258,50.851164],[4.461276,50.851023],[4.460971,50.850971],[4.461011,50.850835],[4.46109,50.850568],[4.461139,50.850401],[4.46122,50.850123],[4.461442,50.84959],[4.461471,50.849521],[4.461495,50.849463],[4.461775,50.84879]]]}},{"type":"Feature","properties":{"niscode":"21009","nameFr":"Ixelles","nameDut":"Elsene","name":"Elsene","area":6411275.63512093,"naam":"Elsene","total_population":89278,"internal_in_num":7689,"internal_in_pct":0.08612424113443401,"internal_out_num":9650,"internal_out_pct":0.10808933891888259,"internal_balance_num":-1961,"internal_balance_pct":-0.021965097784448575,"international_balance_num":2355,"international_balance_pct":0.0263782790833128,"age_pct_65plus":0.1126,"age_pct_under3":0.0248,"age_pct_0_17":0.1361,"age_count_12_17":4392,"age_pct_18_24":0.1,"age_pct_18_64":0.7513,"age_pct_30_44":0.2876,"age_pct_3_5":0.0233,"age_pct_45_64":0.2168,"age_pct_6_11":0.0441,"age_pct_65_79":0.0827,"age_pct_80plus":0.0299,"age_count_0_17":12232,"age_count_18_64":67539,"age_count_65plus":10126,"hq_qual_basic":0.000829,"hq_qual_normal":0.934292,"hq_qual_luxurious":0.003698,"hq_build_pre1900":0.139408,"hq_build_1900_1940":0.333863,"hq_build_1941_1960":0.147687,"hq_build_1961_1990":0.174382,"hq_build_1991_2010":0.104704,"hq_build_post2011":0.099956,"hq_renov_by1982":0.012936,"hq_renov_by1992":0.049124,"hq_renov_by2002":0.055392,"hq_renov_by2012":0.133506,"hq_renov_by2022":0.053535,"hq_type_closed":0.153026,"hq_type_halfopen":0.00539,"hq_type_open":0.000962,"fam_single_parent":0.0757,"fam_alone_under30":0.1736,"fam_alone_18_29":0.4073,"fam_alone_65plus_pct":0.4654,"fam_alone_65plus_hh":0.0905,"fam_couple_children":0.1255,"fam_couple_no_children":0.1404,"migbg_total":0.835,"migbg_belgian_with":0.343,"migbg_belgian_without":0.165,"nat_eu14_pct":0.3204,"nat_belgian_pct":0.4899,"pri_avg_dwelling":1094,"pri_avg_parcel":1556,"pri_std_dev":11111,"rc_per_ha":219412,"rc_total":81916811,"rc_pct_low":0.120203,"rc_pct_high":0.296982,"avg_net_income":38454,"zero_income_rate":0.216739,"avg_prof_income":37103,"tax_per_resident":5841,"bp_res_new_dwellings":87,"bp_res_apartments":86,"bp_res_houses":1,"bp_res_new_surface":12321,"bp_res_renovations":144,"bp_nonres_new":1,"bp_nonres_renov":19,"re_apt_median":340800,"re_apt_p25":249000,"re_apt_transactions":1021,"re_house_median":785000,"re_house_transactions":116,"re_terraced_median":785000,"re_terraced_transactions":116,"re_detached_transactions":2,"hasData":true},"geometry":{"type":"MultiPolygon","coordinates":[[[[4.396899,50.801754],[4.396634,50.801669],[4.39633,50.801571],[4.396262,50.801549],[4.394141,50.800869],[4.393922,50.800799],[4.393775,50.800751],[4.393331,50.800941],[4.392303,50.801378],[4.392116,50.801457],[4.391098,50.801891],[4.390849,50.801997],[4.390463,50.802162],[4.389816,50.802862],[4.389672,50.803017],[4.388802,50.803957],[4.388749,50.804015],[4.388663,50.804107],[4.388552,50.804224],[4.38848,50.804301],[4.388451,50.804334],[4.388393,50.804398],[4.388252,50.804554],[4.388148,50.804668],[4.388099,50.80472],[4.388046,50.804776],[4.387994,50.804831],[4.387834,50.805002],[4.387787,50.805051],[4.387775,50.805064],[4.387746,50.805097],[4.387728,50.805117],[4.387695,50.805157],[4.387628,50.805245],[4.38757,50.805332],[4.387515,50.80542],[4.387448,50.805554],[4.3874,50.80566],[4.387357,50.805802],[4.387335,50.805915],[4.387302,50.806093],[4.387263,50.806299],[4.387243,50.806429],[4.387225,50.806542],[4.387216,50.806595],[4.387206,50.806658],[4.387198,50.806708],[4.38719,50.806757],[4.387173,50.806856],[4.387097,50.807328],[4.387085,50.807406],[4.387058,50.807588],[4.387038,50.807725],[4.386965,50.807973],[4.386894,50.808172],[4.386873,50.80822],[4.386841,50.808293],[4.386801,50.808374],[4.386778,50.808421],[4.386753,50.808467],[4.386727,50.808514],[4.386657,50.808633],[4.386594,50.808729],[4.386553,50.808788],[4.386439,50.808953],[4.386369,50.809055],[4.386305,50.809146],[4.386221,50.809269],[4.386149,50.809373],[4.386069,50.809489],[4.385628,50.810136],[4.385616,50.810155],[4.385541,50.810271],[4.385514,50.810313],[4.385481,50.810367],[4.385457,50.810408],[4.385431,50.810457],[4.385411,50.810498],[4.385393,50.810536],[4.385373,50.810582],[4.385352,50.810636],[4.385334,50.810687],[4.385322,50.810724],[4.385312,50.810756],[4.385303,50.81079],[4.385291,50.810836],[4.385283,50.810872],[4.385278,50.810901],[4.385272,50.810935],[4.385267,50.810965],[4.385263,50.810999],[4.385259,50.81103],[4.385257,50.811061],[4.385255,50.811085],[4.385253,50.81112],[4.385253,50.811139],[4.385252,50.811159],[4.385251,50.811194],[4.38525,50.81122],[4.385247,50.811257],[4.385242,50.811302],[4.385236,50.811336],[4.385232,50.811359],[4.385227,50.811385],[4.385219,50.811419],[4.385209,50.811457],[4.385194,50.811507],[4.385183,50.811539],[4.385174,50.811565],[4.385154,50.811614],[4.385143,50.811638],[4.385125,50.811675],[4.385106,50.811714],[4.385087,50.811748],[4.385065,50.811786],[4.385039,50.811826],[4.385016,50.811861],[4.385008,50.811872],[4.384911,50.812007],[4.384877,50.812053],[4.384776,50.812198],[4.384688,50.812322],[4.384573,50.812487],[4.384453,50.812656],[4.384273,50.812912],[4.384068,50.81321],[4.383961,50.813357],[4.383906,50.813437],[4.383837,50.813576],[4.383752,50.813895],[4.383702,50.814139],[4.383701,50.814144],[4.383689,50.814187],[4.383625,50.814476],[4.383609,50.814526],[4.383593,50.814569],[4.383573,50.814613],[4.383528,50.814715],[4.383435,50.814895],[4.383411,50.814938],[4.383379,50.814989],[4.383347,50.815036],[4.383232,50.815202],[4.383154,50.815299],[4.383023,50.815451],[4.382956,50.815521],[4.382851,50.815631],[4.382589,50.81585],[4.379121,50.813842],[4.378878,50.814134],[4.378775,50.814258],[4.378616,50.814449],[4.378303,50.814808],[4.378192,50.814935],[4.377542,50.815695],[4.37748,50.815769],[4.377371,50.815901],[4.377283,50.816008],[4.377243,50.816056],[4.376979,50.816331],[4.376781,50.816531],[4.376345,50.816973],[4.376274,50.817045],[4.376008,50.817314],[4.374116,50.819229],[4.374061,50.819286],[4.37362,50.819726],[4.373529,50.819849],[4.373023,50.820531],[4.372525,50.821192],[4.372399,50.821362],[4.371857,50.822089],[4.371716,50.822278],[4.371055,50.823158],[4.370805,50.823508],[4.370489,50.82399],[4.370404,50.824003],[4.370182,50.824026],[4.369483,50.824101],[4.3686,50.824428],[4.368509,50.824461],[4.368747,50.824732],[4.368654,50.824765],[4.367194,50.825285],[4.367112,50.825314],[4.36743,50.825568],[4.36748,50.825543],[4.367542,50.825593],[4.367402,50.825677],[4.366866,50.825998],[4.36696,50.826066],[4.366811,50.826158],[4.366736,50.826204],[4.366788,50.826241],[4.364696,50.827623],[4.365508,50.828548],[4.365512,50.828553],[4.36516,50.828927],[4.365233,50.828954],[4.366357,50.829386],[4.366418,50.829409],[4.365472,50.830407],[4.365411,50.830384],[4.364409,50.83002],[4.36429,50.830082],[4.3641,50.830041],[4.364091,50.83009],[4.364068,50.830226],[4.363997,50.830221],[4.363387,50.830179],[4.36328,50.830172],[4.363018,50.830291],[4.362874,50.830355],[4.362011,50.830752],[4.361891,50.830808],[4.361189,50.831132],[4.361015,50.831209],[4.360429,50.831477],[4.360371,50.831504],[4.36066,50.83171],[4.360617,50.831734],[4.359764,50.832186],[4.359704,50.832217],[4.359942,50.832397],[4.358785,50.833526],[4.357346,50.833724],[4.35658,50.834465],[4.35631,50.834726],[4.356345,50.834742],[4.356866,50.834964],[4.356835,50.834996],[4.356764,50.835069],[4.356715,50.83512],[4.356646,50.835191],[4.356562,50.835278],[4.356515,50.835327],[4.356089,50.835766],[4.356583,50.835979],[4.358578,50.836844],[4.361587,50.83821],[4.361649,50.83815],[4.362327,50.838436],[4.362899,50.838677],[4.364571,50.838713],[4.364928,50.838719],[4.365952,50.83874],[4.367093,50.839309],[4.367541,50.83894],[4.367573,50.838913],[4.368305,50.839295],[4.368681,50.840015],[4.37006,50.839726],[4.371093,50.839511],[4.372123,50.839295],[4.372819,50.840629],[4.373831,50.840417],[4.374785,50.840216],[4.374953,50.840179],[4.375039,50.84016],[4.375298,50.840059],[4.375412,50.840016],[4.375945,50.839813],[4.375975,50.839802],[4.375944,50.839743],[4.375502,50.838889],[4.375219,50.838343],[4.375214,50.838333],[4.375068,50.838051],[4.375269,50.838009],[4.375284,50.837998],[4.375589,50.83778],[4.376229,50.837323],[4.376212,50.837313],[4.376114,50.837],[4.376202,50.837044],[4.376096,50.836735],[4.376012,50.836691],[4.375807,50.836081],[4.375376,50.836043],[4.374951,50.836004],[4.374685,50.835979],[4.374578,50.835969],[4.374587,50.835934],[4.374599,50.835883],[4.374601,50.835877],[4.374698,50.835868],[4.375402,50.835805],[4.375473,50.835798],[4.37566,50.835782],[4.375804,50.835769],[4.375869,50.835763],[4.375909,50.835761],[4.376123,50.83575],[4.376339,50.83575],[4.376519,50.835759],[4.376623,50.83577],[4.376794,50.835787],[4.376799,50.835788],[4.376768,50.835876],[4.376749,50.83593],[4.376791,50.835936],[4.376833,50.835943],[4.376916,50.835956],[4.376954,50.835962],[4.376996,50.835969],[4.377001,50.83597],[4.377082,50.835982],[4.377165,50.835995],[4.377204,50.836002],[4.377247,50.836008],[4.377328,50.836021],[4.377331,50.836022],[4.377369,50.836028],[4.377407,50.836034],[4.377409,50.836034],[4.377492,50.836047],[4.377573,50.83606],[4.377513,50.836203],[4.37752,50.836205],[4.377757,50.836256],[4.377966,50.836294],[4.377996,50.836299],[4.37805,50.836309],[4.378128,50.836323],[4.378154,50.836326],[4.378441,50.836364],[4.378423,50.836387],[4.378536,50.836417],[4.37858,50.836348],[4.378694,50.836382],[4.378907,50.836472],[4.378975,50.836501],[4.378989,50.836507],[4.379029,50.836533],[4.379058,50.836552],[4.379108,50.836585],[4.379179,50.836632],[4.379203,50.836648],[4.379263,50.836688],[4.379325,50.836729],[4.379376,50.836762],[4.379389,50.836814],[4.379411,50.836811],[4.379465,50.836849],[4.379495,50.836845],[4.379609,50.836829],[4.379307,50.836489],[4.379203,50.836291],[4.379196,50.836272],[4.379181,50.836217],[4.379169,50.83614],[4.379171,50.836128],[4.379222,50.836032],[4.379302,50.83592],[4.37933,50.835857],[4.379358,50.835795],[4.379461,50.835692],[4.379563,50.835618],[4.379582,50.83557],[4.379555,50.835514],[4.379458,50.835355],[4.379448,50.835338],[4.379402,50.835244],[4.379289,50.83488],[4.379285,50.834783],[4.379282,50.834708],[4.379278,50.83449],[4.379265,50.834404],[4.379236,50.834322],[4.378988,50.834025],[4.379108,50.833985],[4.381769,50.8331],[4.382146,50.83298],[4.382269,50.83294],[4.382358,50.832912],[4.380367,50.830425],[4.37998,50.830076],[4.380257,50.829819],[4.381081,50.829052],[4.381329,50.828865],[4.381655,50.828621],[4.381934,50.828411],[4.381973,50.828381],[4.382189,50.828272],[4.382343,50.828194],[4.382497,50.828117],[4.38296,50.827671],[4.383079,50.827557],[4.383654,50.827155],[4.384521,50.826662],[4.384894,50.826387],[4.385346,50.826075],[4.38546,50.826065],[4.385495,50.826041],[4.385504,50.825969],[4.385839,50.825742],[4.386052,50.825586],[4.386312,50.825397],[4.386659,50.825121],[4.386839,50.824972],[4.387072,50.824799],[4.387016,50.824749],[4.387811,50.824171],[4.388361,50.823677],[4.389264,50.822745],[4.389245,50.822735],[4.389274,50.82271],[4.389366,50.822632],[4.389559,50.822469],[4.396051,50.825742],[4.396295,50.825573],[4.396818,50.825211],[4.397101,50.825016],[4.397297,50.824883],[4.397502,50.824745],[4.397678,50.824625],[4.39788,50.824488],[4.398109,50.824332],[4.398244,50.824238],[4.400432,50.822743],[4.400559,50.822658],[4.401356,50.822112],[4.401625,50.821928],[4.401757,50.821838],[4.401798,50.82181],[4.401932,50.821717],[4.402017,50.821659],[4.402075,50.821619],[4.402196,50.821536],[4.402242,50.821505],[4.402288,50.821473],[4.402335,50.821441],[4.402381,50.821409],[4.40244,50.821369],[4.402493,50.821333],[4.402548,50.821292],[4.402757,50.821136],[4.402873,50.820995],[4.402927,50.820938],[4.402958,50.820904],[4.402992,50.820866],[4.403024,50.820827],[4.403046,50.820799],[4.403067,50.820773],[4.403088,50.820744],[4.403109,50.820716],[4.403141,50.820669],[4.403159,50.82064],[4.403178,50.82061],[4.403196,50.820581],[4.403213,50.82055],[4.403229,50.820522],[4.403255,50.820475],[4.403289,50.820411],[4.403291,50.820405],[4.40334,50.820322],[4.403365,50.820228],[4.403381,50.820164],[4.403415,50.820037],[4.403448,50.819911],[4.403462,50.819817],[4.403465,50.81972],[4.403468,50.819555],[4.403466,50.819535],[4.40346,50.819472],[4.403459,50.819458],[4.403459,50.819445],[4.403455,50.819418],[4.403433,50.819263],[4.403429,50.819247],[4.403391,50.819121],[4.403334,50.818965],[4.403286,50.818864],[4.403167,50.818632],[4.402886,50.818201],[4.402712,50.818047],[4.402665,50.818005],[4.401907,50.817549],[4.401755,50.817471],[4.401684,50.817431],[4.401255,50.817259],[4.400796,50.81712],[4.400368,50.817026],[4.399927,50.81696],[4.399751,50.816945],[4.399566,50.816932],[4.399381,50.816922],[4.399114,50.816918],[4.398953,50.81692],[4.398848,50.81692],[4.39856,50.816936],[4.398272,50.816967],[4.398135,50.816986],[4.398,50.817007],[4.397829,50.817043],[4.397659,50.817085],[4.397404,50.817156],[4.397339,50.817175],[4.397126,50.817236],[4.397108,50.817174],[4.397075,50.817056],[4.397627,50.816442],[4.397104,50.816274],[4.396602,50.816596],[4.396261,50.816815],[4.396252,50.816821],[4.395916,50.817138],[4.39557,50.817435],[4.395457,50.817554],[4.395389,50.817625],[4.395258,50.817731],[4.395205,50.817715],[4.394329,50.817333],[4.394283,50.817313],[4.39419,50.817258],[4.394984,50.816579],[4.395196,50.816421],[4.395597,50.816061],[4.396065,50.815733],[4.396516,50.815375],[4.396877,50.815017],[4.39705,50.814733],[4.397009,50.814724],[4.397157,50.814456],[4.397572,50.813952],[4.397649,50.813969],[4.39798,50.813395],[4.398039,50.813293],[4.397887,50.813237],[4.397787,50.813215],[4.397715,50.813196],[4.397545,50.813189],[4.397395,50.813196],[4.397233,50.813204],[4.396909,50.813137],[4.39677,50.813118],[4.396655,50.813102],[4.396276,50.813019],[4.396093,50.812975],[4.394583,50.812621],[4.394378,50.812572],[4.393219,50.812299],[4.392275,50.812075],[4.392369,50.812002],[4.392638,50.811807],[4.392738,50.811725],[4.392831,50.811615],[4.393232,50.811305],[4.393426,50.811173],[4.393659,50.810879],[4.393742,50.810752],[4.394033,50.810278],[4.394146,50.81009],[4.394221,50.810032],[4.39435,50.809947],[4.394646,50.809816],[4.394781,50.809778],[4.395189,50.809691],[4.395529,50.809581],[4.396019,50.809359],[4.396157,50.809308],[4.396621,50.809152],[4.396722,50.809112],[4.396801,50.809064],[4.396877,50.809006],[4.397042,50.80889],[4.397085,50.808846],[4.397225,50.808682],[4.397309,50.808475],[4.397339,50.808346],[4.397366,50.808228],[4.39735,50.808064],[4.39735,50.807869],[4.397325,50.807677],[4.397297,50.807464],[4.397273,50.807247],[4.397264,50.807173],[4.397265,50.807108],[4.397295,50.806932],[4.397315,50.806865],[4.397323,50.806754],[4.397331,50.806624],[4.397285,50.80635],[4.397275,50.806294],[4.397221,50.80613],[4.397197,50.806004],[4.397106,50.805635],[4.397039,50.805448],[4.397034,50.805423],[4.397016,50.804947],[4.397004,50.804792],[4.396998,50.804766],[4.396978,50.804704],[4.396954,50.804656],[4.396875,50.804545],[4.39686,50.804506],[4.396683,50.804039],[4.396559,50.803826],[4.396433,50.803661],[4.396398,50.803561],[4.39638,50.803465],[4.396389,50.803358],[4.396426,50.803143],[4.396458,50.803047],[4.396493,50.802971],[4.396521,50.802926],[4.396555,50.802884],[4.396744,50.802669],[4.39677,50.802633],[4.3968,50.802576],[4.39688,50.802377],[4.396898,50.802321],[4.396929,50.802135],[4.396962,50.802038],[4.39701,50.801897],[4.396997,50.801856],[4.396963,50.801774],[4.396935,50.801765],[4.396899,50.801754]]],[[[4.350417,50.815848],[4.35046,50.816026],[4.35057,50.816476],[4.350866,50.816418],[4.350945,50.816561],[4.350958,50.816854],[4.351038,50.816986],[4.351053,50.817359],[4.351254,50.817312],[4.351419,50.817564],[4.351463,50.817618],[4.351607,50.817781],[4.351669,50.81785],[4.351737,50.817927],[4.351632,50.817954],[4.351854,50.818199],[4.351898,50.818336],[4.352195,50.818672],[4.352228,50.818725],[4.35223,50.818725],[4.352394,50.818984],[4.352311,50.819005],[4.353094,50.820236],[4.353346,50.820173],[4.353576,50.820538],[4.353603,50.820582],[4.353629,50.820582],[4.35367,50.820707],[4.353834,50.821495],[4.353899,50.822518],[4.353958,50.82257],[4.35411,50.822702],[4.354375,50.822828],[4.354824,50.823163],[4.355647,50.823711],[4.355896,50.823868],[4.356072,50.823928],[4.356308,50.823999],[4.356569,50.824078],[4.35685,50.824175],[4.356928,50.824199],[4.357011,50.824228],[4.357096,50.824257],[4.357181,50.824287],[4.357226,50.824303],[4.357012,50.824446],[4.357208,50.824536],[4.357507,50.824725],[4.357705,50.824814],[4.35802,50.824955],[4.358154,50.825046],[4.358447,50.824941],[4.3584,50.825164],[4.358385,50.825238],[4.358351,50.825407],[4.358353,50.825424],[4.358351,50.825463],[4.358286,50.825602],[4.358425,50.825949],[4.358463,50.826345],[4.35848,50.826514],[4.358517,50.826901],[4.358535,50.827166],[4.358547,50.82725],[4.358548,50.827271],[4.358458,50.827316],[4.35827,50.827427],[4.358208,50.827467],[4.357002,50.828162],[4.357319,50.828397],[4.357602,50.828608],[4.357554,50.828634],[4.357134,50.828865],[4.357598,50.829196],[4.357673,50.829276],[4.35792,50.829593],[4.358343,50.830119],[4.358444,50.830244],[4.358348,50.830281],[4.358114,50.830372],[4.358265,50.830555],[4.358325,50.830628],[4.358587,50.830373],[4.35864,50.830322],[4.358704,50.830258],[4.359518,50.82947],[4.359592,50.829399],[4.359656,50.829338],[4.360548,50.828471],[4.360686,50.828335],[4.360952,50.828078],[4.36141,50.827638],[4.362243,50.826827],[4.362157,50.82678],[4.361703,50.826532],[4.361846,50.82643],[4.362098,50.82625],[4.362525,50.826421],[4.362628,50.826463],[4.363075,50.826149],[4.36319,50.826075],[4.36332,50.825985],[4.36341,50.825435],[4.36348,50.825405],[4.36391,50.825234],[4.364555,50.82497],[4.36491,50.824557],[4.364951,50.824509],[4.364615,50.82426],[4.364333,50.82412],[4.364347,50.824113],[4.364549,50.824007],[4.365147,50.823673],[4.36515,50.823673],[4.365152,50.823672],[4.365241,50.823642],[4.365364,50.823588],[4.36553,50.823514],[4.365588,50.82348],[4.365012,50.823146],[4.367222,50.822993],[4.366935,50.822651],[4.366898,50.8226],[4.366885,50.822571],[4.366878,50.822553],[4.366763,50.82215],[4.366686,50.821886],[4.366624,50.821671],[4.366434,50.820957],[4.367474,50.820404],[4.367649,50.820312],[4.369576,50.819283],[4.369641,50.819248],[4.369654,50.819206],[4.370198,50.817468],[4.370294,50.817177],[4.370453,50.816324],[4.370479,50.816198],[4.370623,50.815479],[4.370657,50.815336],[4.370674,50.815268],[4.368121,50.814865],[4.368095,50.814932],[4.368041,50.815071],[4.367978,50.815229],[4.367875,50.815213],[4.367786,50.815439],[4.367764,50.815435],[4.367647,50.815713],[4.367596,50.815834],[4.36755,50.815943],[4.368144,50.816045],[4.368092,50.816166],[4.368084,50.816187],[4.368075,50.816207],[4.36807,50.816218],[4.367863,50.81619],[4.367851,50.81622],[4.367813,50.816313],[4.367799,50.816343],[4.367796,50.816349],[4.36773,50.816339],[4.367672,50.816363],[4.367636,50.816378],[4.367539,50.816419],[4.367525,50.816425],[4.367523,50.816426],[4.367436,50.816462],[4.36737,50.81649],[4.367293,50.816522],[4.367303,50.81658],[4.367306,50.816594],[4.367314,50.816641],[4.367322,50.816684],[4.367277,50.816715],[4.367255,50.81673],[4.367225,50.816751],[4.367186,50.816777],[4.36714,50.816809],[4.367118,50.816824],[4.367065,50.816853],[4.367046,50.816863],[4.367004,50.816882],[4.366971,50.816897],[4.366962,50.816901],[4.366922,50.816919],[4.36691,50.816924],[4.3669,50.816925],[4.36679,50.816934],[4.366765,50.816936],[4.366668,50.816845],[4.366638,50.816818],[4.366538,50.816725],[4.366514,50.816702],[4.366338,50.81663],[4.366312,50.816655],[4.365779,50.816463],[4.3652,50.816294],[4.365006,50.816238],[4.363634,50.815831],[4.363371,50.81582],[4.363158,50.815814],[4.362613,50.815792],[4.362558,50.815918],[4.362482,50.816091],[4.362374,50.816338],[4.361787,50.816221],[4.36134,50.816376],[4.361159,50.816443],[4.360527,50.816666],[4.3603,50.816625],[4.360089,50.816604],[4.359473,50.816493],[4.359418,50.816653],[4.358793,50.816565],[4.358586,50.816534],[4.35778,50.816419],[4.357967,50.815754],[4.357688,50.815723],[4.357584,50.815711],[4.357661,50.81544],[4.357315,50.815428],[4.35734,50.81534],[4.357402,50.815118],[4.357523,50.814691],[4.35611,50.814632],[4.356008,50.814628],[4.355888,50.814623],[4.354362,50.814559],[4.35415,50.814551],[4.351917,50.814457],[4.351552,50.814441],[4.351341,50.814432],[4.350128,50.814378],[4.34909,50.814334],[4.348509,50.814311],[4.348328,50.814304],[4.348166,50.814298],[4.347921,50.814289],[4.34794,50.814767],[4.347824,50.814749],[4.347291,50.816134],[4.349191,50.815914],[4.349491,50.815858],[4.350345,50.815693],[4.350417,50.815848]]]]}},{"type":"Feature","properties":{"niscode":"21004","nameFr":"Bruxelles","nameDut":"Brussel","name":"Brussel","area":33086943.5859531,"naam":"Brussel","total_population":196828,"internal_in_num":14290,"internal_in_pct":0.072601459141992,"internal_out_num":19410,"internal_out_pct":0.0986140183307253,"internal_balance_num":-5120,"internal_balance_pct":-0.02601255918873331,"international_balance_num":5059,"international_balance_pct":0.025702643932773793,"age_pct_65plus":0.1114,"age_pct_under3":0.0331,"age_pct_0_17":0.2128,"age_count_12_17":7213,"age_pct_18_24":0.1019,"age_pct_18_64":0.6758,"age_pct_30_44":0.2422,"age_pct_3_5":0.0348,"age_pct_45_64":0.2347,"age_pct_6_11":0.0728,"age_pct_65_79":0.0823,"age_pct_80plus":0.0291,"age_count_0_17":42198,"age_count_18_64":134025,"age_count_65plus":22091,"hq_qual_basic":0.002791,"hq_qual_normal":0.901516,"hq_qual_luxurious":0.002285,"hq_build_pre1900":0.142406,"hq_build_1900_1940":0.201402,"hq_build_1941_1960":0.107631,"hq_build_1961_1990":0.235625,"hq_build_1991_2010":0.119542,"hq_build_post2011":0.193394,"hq_renov_by1982":0.013513,"hq_renov_by1992":0.030484,"hq_renov_by2002":0.051198,"hq_renov_by2012":0.147966,"hq_renov_by2022":0.034342,"hq_type_closed":0.15867,"hq_type_halfopen":0.010028,"hq_type_open":0.005441,"fam_single_parent":0.1024,"fam_alone_under30":0.1222,"fam_alone_18_29":0.2966,"fam_alone_65plus_pct":0.4061,"fam_alone_65plus_hh":0.0937,"fam_couple_children":0.2019,"fam_couple_no_children":0.1254,"migbg_total":0.926,"migbg_belgian_with":0.554,"migbg_belgian_without":0.074,"nat_eu14_pct":0.1572,"nat_belgian_pct":0.6071,"pri_avg_dwelling":741,"pri_avg_parcel":1752,"pri_std_dev":11424,"rc_per_ha":273588,"rc_total":327304254,"rc_pct_low":0.379537,"rc_pct_high":0.243662,"avg_net_income":32272,"zero_income_rate":0.177883,"avg_prof_income":31443,"tax_per_resident":3582,"bp_res_new_dwellings":795,"bp_res_apartments":784,"bp_res_houses":11,"bp_res_new_surface":111851,"bp_res_renovations":153,"bp_nonres_new":19,"bp_nonres_renov":55,"re_apt_median":270000,"re_apt_p25":200000,"re_apt_transactions":1692,"re_house_median":430000,"re_house_transactions":232,"re_terraced_median":415000,"re_terraced_transactions":220,"re_detached_transactions":12,"hasData":true},"geometry":{"type":"Polygon","coordinates":[[[4.437065,50.878781],[4.437024,50.878776],[4.433654,50.878372],[4.429743,50.877819],[4.428984,50.877709],[4.428329,50.87763],[4.427336,50.877474],[4.427254,50.87721],[4.427231,50.876976],[4.428805,50.876293],[4.427564,50.874999],[4.425719,50.872131],[4.424411,50.872712],[4.42221,50.873362],[4.42154,50.873677],[4.42036,50.874504],[4.419199,50.875011],[4.419112,50.875049],[4.418604,50.875271],[4.41765,50.875323],[4.417312,50.875624],[4.417148,50.87577],[4.415955,50.876832],[4.415387,50.877338],[4.415351,50.87737],[4.414646,50.877998],[4.414481,50.878144],[4.414349,50.878262],[4.413731,50.878045],[4.413481,50.877957],[4.411103,50.877121],[4.411073,50.87711],[4.410757,50.876999],[4.410682,50.876973],[4.41058,50.877126],[4.410405,50.877389],[4.410375,50.877434],[4.410166,50.877747],[4.410088,50.877863],[4.409927,50.878099],[4.40956,50.878469],[4.40942,50.878688],[4.408892,50.879216],[4.408876,50.879311],[4.408828,50.879602],[4.408731,50.880117],[4.408669,50.880358],[4.408175,50.881111],[4.407535,50.881943],[4.407339,50.882178],[4.406992,50.88252],[4.406622,50.882724],[4.406433,50.88285],[4.406335,50.882941],[4.40591,50.883335],[4.405537,50.883681],[4.405505,50.88371],[4.405432,50.883776],[4.40532,50.883877],[4.40525,50.883941],[4.405225,50.883927],[4.404825,50.884153],[4.404775,50.884185],[4.403971,50.884693],[4.404034,50.884774],[4.403319,50.885023],[4.403266,50.884996],[4.403237,50.884956],[4.402966,50.885036],[4.403097,50.885256],[4.402002,50.885934],[4.398572,50.885015],[4.38731,50.881995],[4.388387,50.881062],[4.388185,50.881014],[4.385979,50.880513],[4.38504,50.880307],[4.384275,50.880138],[4.383988,50.880039],[4.383661,50.879925],[4.383347,50.879816],[4.38314,50.879719],[4.383067,50.879785],[4.382721,50.879631],[4.382576,50.879566],[4.382417,50.879458],[4.38152,50.878958],[4.381483,50.878985],[4.38087,50.878644],[4.380896,50.878626],[4.380726,50.878531],[4.380747,50.878515],[4.380628,50.878448],[4.380608,50.878465],[4.380002,50.878131],[4.380025,50.878114],[4.379897,50.878044],[4.379919,50.878027],[4.379683,50.8779],[4.379667,50.877913],[4.379511,50.877827],[4.379398,50.877906],[4.379295,50.877849],[4.37931,50.877838],[4.37908,50.877715],[4.379064,50.877728],[4.378701,50.877516],[4.374828,50.875497],[4.374506,50.875269],[4.373689,50.873749],[4.373299,50.873024],[4.373226,50.872888],[4.372831,50.872156],[4.37271,50.87193],[4.372513,50.871565],[4.372362,50.871577],[4.372058,50.87158],[4.371803,50.871573],[4.371502,50.871555],[4.371169,50.871522],[4.370911,50.871487],[4.370631,50.87144],[4.370258,50.871362],[4.370087,50.871318],[4.369875,50.871259],[4.369596,50.871169],[4.369317,50.871074],[4.369113,50.871005],[4.369015,50.870968],[4.368843,50.870902],[4.368627,50.870807],[4.368387,50.870688],[4.368071,50.870511],[4.367901,50.870404],[4.367741,50.870293],[4.367564,50.870156],[4.367389,50.870006],[4.367232,50.869868],[4.367078,50.869738],[4.366909,50.869593],[4.366155,50.86954],[4.365209,50.869474],[4.364901,50.870502],[4.365241,50.870891],[4.36459,50.871117],[4.364487,50.870995],[4.363734,50.871257],[4.363692,50.871209],[4.363625,50.871133],[4.36331,50.870769],[4.363123,50.870555],[4.362931,50.870367],[4.362625,50.87009],[4.362274,50.869785],[4.362078,50.86962],[4.361687,50.869273],[4.361365,50.869009],[4.361333,50.868985],[4.361145,50.868842],[4.361086,50.868804],[4.361038,50.868693],[4.360821,50.8682],[4.360658,50.86787],[4.360591,50.86772],[4.360544,50.867617],[4.360349,50.867204],[4.360334,50.867172],[4.360312,50.867126],[4.360301,50.867103],[4.359649,50.865656],[4.359613,50.865577],[4.359312,50.864909],[4.358755,50.863678],[4.358558,50.863213],[4.358305,50.862614],[4.358171,50.862329],[4.357869,50.861711],[4.357604,50.861129],[4.357186,50.860313],[4.356738,50.859536],[4.356684,50.859349],[4.356628,50.858368],[4.356624,50.858181],[4.356634,50.858],[4.356636,50.857945],[4.356637,50.857905],[4.356637,50.857885],[4.356638,50.857852],[4.356602,50.85775],[4.356581,50.8577],[4.356501,50.857597],[4.356336,50.857441],[4.356172,50.857294],[4.356009,50.857152],[4.355867,50.857033],[4.355812,50.856974],[4.355719,50.856857],[4.355463,50.856554],[4.355345,50.856388],[4.355297,50.856297],[4.355248,50.856205],[4.355436,50.856153],[4.355467,50.856144],[4.360638,50.854724],[4.360647,50.854722],[4.360697,50.854708],[4.361175,50.854571],[4.361186,50.854568],[4.361225,50.854557],[4.361496,50.85448],[4.36193,50.854356],[4.363177,50.853999],[4.36327,50.853972],[4.363523,50.8539],[4.363959,50.853775],[4.364403,50.853647],[4.364698,50.853563],[4.365162,50.85343],[4.365396,50.853363],[4.365402,50.853362],[4.365408,50.85336],[4.365415,50.853359],[4.365423,50.853358],[4.36543,50.853358],[4.365435,50.853358],[4.365441,50.853358],[4.365446,50.853358],[4.365452,50.853359],[4.365456,50.85336],[4.365461,50.853361],[4.365465,50.853362],[4.365467,50.853363],[4.365471,50.853364],[4.365475,50.853366],[4.365479,50.853368],[4.365485,50.85337],[4.365488,50.853372],[4.368274,50.85258],[4.368276,50.852579],[4.36838,50.852549],[4.368605,50.851689],[4.368641,50.851551],[4.368879,50.850666],[4.368912,50.85054],[4.368955,50.850375],[4.369021,50.850123],[4.369495,50.84829],[4.369496,50.848285],[4.369525,50.848174],[4.369698,50.847514],[4.369703,50.847496],[4.369723,50.847419],[4.369565,50.847119],[4.369772,50.847127],[4.369862,50.84713],[4.370048,50.847137],[4.370964,50.847172],[4.371315,50.847185],[4.371713,50.847207],[4.372291,50.847233],[4.373118,50.847279],[4.373172,50.847283],[4.373216,50.847287],[4.373252,50.847309],[4.373375,50.847397],[4.37347,50.847465],[4.373587,50.847565],[4.373698,50.847647],[4.37379,50.847719],[4.373863,50.847781],[4.373879,50.84782],[4.373883,50.847863],[4.373885,50.847887],[4.37388,50.84791],[4.374776,50.847723],[4.375261,50.847624],[4.375536,50.848139],[4.375713,50.848469],[4.375806,50.848501],[4.375967,50.848556],[4.377263,50.848995],[4.377365,50.849031],[4.377439,50.848939],[4.377474,50.848895],[4.377586,50.848755],[4.378079,50.848881],[4.378117,50.848891],[4.378225,50.848918],[4.378352,50.84895],[4.378466,50.848979],[4.37856,50.849003],[4.378654,50.849027],[4.378709,50.848973],[4.37887,50.849009],[4.378976,50.849032],[4.378964,50.849892],[4.379387,50.849965],[4.379598,50.850019],[4.38014,50.850248],[4.380525,50.850412],[4.380899,50.850559],[4.380989,50.850594],[4.381374,50.850709],[4.381648,50.850782],[4.38184,50.850833],[4.382095,50.850901],[4.382308,50.850957],[4.383056,50.851155],[4.38348,50.851267],[4.384052,50.851417],[4.384202,50.851457],[4.384303,50.851484],[4.384404,50.851511],[4.384801,50.851615],[4.385115,50.851698],[4.385227,50.851666],[4.385228,50.851665],[4.385407,50.851613],[4.385772,50.851472],[4.385883,50.851422],[4.385994,50.851372],[4.386305,50.851202],[4.386593,50.851014],[4.386712,50.850935],[4.386837,50.850853],[4.387734,50.850308],[4.387816,50.850258],[4.387898,50.850209],[4.389496,50.849248],[4.389644,50.849156],[4.3898,50.849059],[4.389973,50.848952],[4.390088,50.848881],[4.390329,50.848731],[4.390789,50.848423],[4.390865,50.848371],[4.390868,50.848369],[4.390941,50.848319],[4.391128,50.848199],[4.391284,50.848105],[4.391451,50.84801],[4.391539,50.847962],[4.391627,50.847914],[4.392662,50.847356],[4.392893,50.847232],[4.392996,50.847176],[4.393036,50.847145],[4.393316,50.846903],[4.393316,50.846902],[4.393446,50.84679],[4.393581,50.84668],[4.393685,50.846595],[4.394223,50.846064],[4.394306,50.845971],[4.394383,50.845887],[4.395094,50.845118],[4.395238,50.84493],[4.395373,50.844754],[4.395382,50.844741],[4.395387,50.844733],[4.395422,50.844673],[4.395468,50.844593],[4.395635,50.844299],[4.395743,50.844067],[4.395775,50.843995],[4.395807,50.843922],[4.395978,50.84353],[4.39599,50.843504],[4.396009,50.843456],[4.396028,50.843407],[4.396092,50.843252],[4.396036,50.843144],[4.396022,50.843118],[4.395924,50.842929],[4.394899,50.840965],[4.394728,50.840635],[4.394244,50.839704],[4.394042,50.839313],[4.393331,50.837942],[4.393167,50.837975],[4.392561,50.838099],[4.385823,50.839501],[4.385784,50.839424],[4.385305,50.839475],[4.38358,50.839659],[4.383178,50.839701],[4.382571,50.839766],[4.382277,50.839797],[4.380517,50.839985],[4.380488,50.839988],[4.380261,50.840012],[4.380676,50.839435],[4.380756,50.839113],[4.380745,50.83888],[4.380657,50.837911],[4.380624,50.837866],[4.380354,50.837544],[4.380358,50.837525],[4.380296,50.837515],[4.380245,50.837262],[4.380028,50.837067],[4.379831,50.836972],[4.379747,50.836916],[4.379645,50.836852],[4.379609,50.836829],[4.379495,50.836845],[4.379465,50.836849],[4.379411,50.836811],[4.379389,50.836814],[4.379376,50.836762],[4.379325,50.836729],[4.379263,50.836688],[4.379203,50.836648],[4.379179,50.836632],[4.379108,50.836585],[4.379058,50.836552],[4.379029,50.836533],[4.378989,50.836507],[4.378975,50.836501],[4.378907,50.836472],[4.378694,50.836382],[4.37858,50.836348],[4.378536,50.836417],[4.378423,50.836387],[4.378441,50.836364],[4.378154,50.836326],[4.378128,50.836323],[4.37805,50.836309],[4.377996,50.836299],[4.377966,50.836294],[4.377757,50.836256],[4.37752,50.836205],[4.377513,50.836203],[4.377573,50.83606],[4.377492,50.836047],[4.377409,50.836034],[4.377407,50.836034],[4.377369,50.836028],[4.377331,50.836022],[4.377328,50.836021],[4.377247,50.836008],[4.377204,50.836002],[4.377165,50.835995],[4.377082,50.835982],[4.377001,50.83597],[4.376996,50.835969],[4.376954,50.835962],[4.376916,50.835956],[4.376833,50.835943],[4.376791,50.835936],[4.376749,50.83593],[4.376768,50.835876],[4.376799,50.835788],[4.376794,50.835787],[4.376623,50.83577],[4.376519,50.835759],[4.376339,50.83575],[4.376123,50.83575],[4.375909,50.835761],[4.375869,50.835763],[4.375804,50.835769],[4.37566,50.835782],[4.375473,50.835798],[4.375402,50.835805],[4.374698,50.835868],[4.374601,50.835877],[4.374599,50.835883],[4.374587,50.835934],[4.374578,50.835969],[4.374685,50.835979],[4.374951,50.836004],[4.375376,50.836043],[4.375807,50.836081],[4.376012,50.836691],[4.376096,50.836735],[4.376202,50.837044],[4.376114,50.837],[4.376212,50.837313],[4.376229,50.837323],[4.375589,50.83778],[4.375284,50.837998],[4.375269,50.838009],[4.375068,50.838051],[4.375214,50.838333],[4.375219,50.838343],[4.375502,50.838889],[4.375944,50.839743],[4.375975,50.839802],[4.375945,50.839813],[4.375412,50.840016],[4.375298,50.840059],[4.375039,50.84016],[4.374953,50.840179],[4.374785,50.840216],[4.373831,50.840417],[4.372819,50.840629],[4.372123,50.839295],[4.371093,50.839511],[4.37006,50.839726],[4.368681,50.840015],[4.368305,50.839295],[4.367573,50.838913],[4.367541,50.83894],[4.367093,50.839309],[4.365952,50.83874],[4.364928,50.838719],[4.364571,50.838713],[4.362899,50.838677],[4.362327,50.838436],[4.361649,50.83815],[4.361587,50.83821],[4.358578,50.836844],[4.356583,50.835979],[4.356089,50.835766],[4.35596,50.83589],[4.355397,50.835656],[4.355676,50.835386],[4.355641,50.835371],[4.35631,50.834726],[4.35658,50.834465],[4.357346,50.833724],[4.358785,50.833526],[4.359942,50.832397],[4.359704,50.832217],[4.359764,50.832186],[4.360617,50.831734],[4.36066,50.83171],[4.360371,50.831504],[4.360429,50.831477],[4.361015,50.831209],[4.361189,50.831132],[4.361891,50.830808],[4.362011,50.830752],[4.362874,50.830355],[4.363018,50.830291],[4.36328,50.830172],[4.363387,50.830179],[4.363997,50.830221],[4.364068,50.830226],[4.364091,50.83009],[4.3641,50.830041],[4.36429,50.830082],[4.364409,50.83002],[4.365411,50.830384],[4.365472,50.830407],[4.366418,50.829409],[4.366357,50.829386],[4.365233,50.828954],[4.36516,50.828927],[4.365512,50.828553],[4.365508,50.828548],[4.364696,50.827623],[4.366788,50.826241],[4.366736,50.826204],[4.366811,50.826158],[4.36696,50.826066],[4.366866,50.825998],[4.367402,50.825677],[4.367542,50.825593],[4.36748,50.825543],[4.36743,50.825568],[4.367112,50.825314],[4.367194,50.825285],[4.368654,50.824765],[4.368747,50.824732],[4.368509,50.824461],[4.3686,50.824428],[4.369483,50.824101],[4.370182,50.824026],[4.370404,50.824003],[4.370489,50.82399],[4.370805,50.823508],[4.371055,50.823158],[4.371716,50.822278],[4.371857,50.822089],[4.372399,50.821362],[4.372525,50.821192],[4.373023,50.820531],[4.373529,50.819849],[4.37362,50.819726],[4.374061,50.819286],[4.374116,50.819229],[4.376008,50.817314],[4.376274,50.817045],[4.376345,50.816973],[4.376781,50.816531],[4.376979,50.816331],[4.377243,50.816056],[4.377283,50.816008],[4.377371,50.815901],[4.37748,50.815769],[4.377542,50.815695],[4.378192,50.814935],[4.378303,50.814808],[4.378616,50.814449],[4.378775,50.814258],[4.378878,50.814134],[4.379121,50.813842],[4.382589,50.81585],[4.382851,50.815631],[4.382956,50.815521],[4.383023,50.815451],[4.383154,50.815299],[4.383232,50.815202],[4.383347,50.815036],[4.383379,50.814989],[4.383411,50.814938],[4.383435,50.814895],[4.383528,50.814715],[4.383573,50.814613],[4.383593,50.814569],[4.383609,50.814526],[4.383625,50.814476],[4.383689,50.814187],[4.383701,50.814144],[4.383702,50.814139],[4.383752,50.813895],[4.383837,50.813576],[4.383906,50.813437],[4.383961,50.813357],[4.384068,50.81321],[4.384273,50.812912],[4.384453,50.812656],[4.384573,50.812487],[4.384688,50.812322],[4.384776,50.812198],[4.384877,50.812053],[4.384911,50.812007],[4.385008,50.811872],[4.385016,50.811861],[4.385039,50.811826],[4.385065,50.811786],[4.385087,50.811748],[4.385106,50.811714],[4.385125,50.811675],[4.385143,50.811638],[4.385154,50.811614],[4.385174,50.811565],[4.385183,50.811539],[4.385194,50.811507],[4.385209,50.811457],[4.385219,50.811419],[4.385227,50.811385],[4.385232,50.811359],[4.385236,50.811336],[4.385242,50.811302],[4.385247,50.811257],[4.38525,50.81122],[4.385251,50.811194],[4.385252,50.811159],[4.385253,50.811139],[4.385253,50.81112],[4.385255,50.811085],[4.385257,50.811061],[4.385259,50.81103],[4.385263,50.810999],[4.385267,50.810965],[4.385272,50.810935],[4.385278,50.810901],[4.385283,50.810872],[4.385291,50.810836],[4.385303,50.81079],[4.385312,50.810756],[4.385322,50.810724],[4.385334,50.810687],[4.385352,50.810636],[4.385373,50.810582],[4.385393,50.810536],[4.385411,50.810498],[4.385431,50.810457],[4.385457,50.810408],[4.385481,50.810367],[4.385514,50.810313],[4.385541,50.810271],[4.385616,50.810155],[4.385628,50.810136],[4.386069,50.809489],[4.386149,50.809373],[4.386221,50.809269],[4.386305,50.809146],[4.386369,50.809055],[4.386439,50.808953],[4.386553,50.808788],[4.386594,50.808729],[4.386657,50.808633],[4.386727,50.808514],[4.386753,50.808467],[4.386778,50.808421],[4.386801,50.808374],[4.386841,50.808293],[4.386873,50.80822],[4.386894,50.808172],[4.386965,50.807973],[4.387038,50.807725],[4.387058,50.807588],[4.387085,50.807406],[4.387097,50.807328],[4.387173,50.806856],[4.38719,50.806757],[4.387198,50.806708],[4.387206,50.806658],[4.387216,50.806595],[4.387225,50.806542],[4.387243,50.806429],[4.387263,50.806299],[4.387302,50.806093],[4.387335,50.805915],[4.387357,50.805802],[4.3874,50.80566],[4.387448,50.805554],[4.387515,50.80542],[4.38757,50.805332],[4.387628,50.805245],[4.387695,50.805157],[4.387728,50.805117],[4.387746,50.805097],[4.387775,50.805064],[4.387787,50.805051],[4.387834,50.805002],[4.387994,50.804831],[4.388046,50.804776],[4.388099,50.80472],[4.388148,50.804668],[4.388252,50.804554],[4.388393,50.804398],[4.388451,50.804334],[4.38848,50.804301],[4.388552,50.804224],[4.388663,50.804107],[4.388749,50.804015],[4.388802,50.803957],[4.389672,50.803017],[4.389816,50.802862],[4.390463,50.802162],[4.390849,50.801997],[4.391098,50.801891],[4.392116,50.801457],[4.392303,50.801378],[4.393331,50.800941],[4.393775,50.800751],[4.393922,50.800799],[4.394141,50.800869],[4.396262,50.801549],[4.39633,50.801571],[4.396634,50.801669],[4.396899,50.801754],[4.39693,50.801666],[4.396956,50.801621],[4.396977,50.801575],[4.39703,50.801484],[4.397057,50.801435],[4.397099,50.801376],[4.397225,50.801221],[4.397239,50.801204],[4.39739,50.801107],[4.397472,50.801049],[4.397625,50.800948],[4.397714,50.800898],[4.397734,50.800879],[4.397782,50.800837],[4.397877,50.800751],[4.397917,50.800716],[4.398027,50.800617],[4.39806,50.800587],[4.398103,50.800548],[4.398136,50.800519],[4.398165,50.800493],[4.398178,50.800482],[4.398247,50.800419],[4.398284,50.800386],[4.398368,50.80031],[4.398399,50.800282],[4.398475,50.800215],[4.39854,50.800155],[4.398769,50.799954],[4.39886,50.799875],[4.398972,50.799769],[4.399088,50.799645],[4.399174,50.799544],[4.399278,50.799423],[4.399392,50.799289],[4.399421,50.799258],[4.399445,50.799232],[4.399498,50.799178],[4.399568,50.799118],[4.399661,50.799043],[4.399786,50.798942],[4.399855,50.798884],[4.399947,50.798788],[4.400665,50.797979],[4.400915,50.79764],[4.401043,50.797466],[4.401033,50.797427],[4.401013,50.797349],[4.401009,50.797332],[4.400957,50.797131],[4.400949,50.797087],[4.400949,50.797084],[4.400949,50.797077],[4.400908,50.796344],[4.400814,50.796357],[4.394307,50.797219],[4.378472,50.799329],[4.375443,50.799725],[4.375377,50.799734],[4.375377,50.799784],[4.375466,50.799794],[4.376431,50.799912],[4.376584,50.799931],[4.377291,50.800008],[4.377852,50.800197],[4.377994,50.800281],[4.377943,50.801034],[4.377844,50.801104],[4.376904,50.80093],[4.376789,50.80091],[4.376753,50.80091],[4.376513,50.800906],[4.37581,50.800993],[4.375694,50.801163],[4.375601,50.801241],[4.375473,50.801296],[4.375267,50.801387],[4.37512,50.801421],[4.374963,50.80149],[4.374809,50.801557],[4.37473,50.801586],[4.374368,50.801739],[4.374304,50.801767],[4.374214,50.801819],[4.374104,50.801871],[4.373939,50.801955],[4.373895,50.801992],[4.373817,50.802059],[4.373674,50.802148],[4.373671,50.802151],[4.373639,50.802178],[4.373599,50.802213],[4.373454,50.802338],[4.37341,50.802375],[4.373229,50.802638],[4.373571,50.80269],[4.373359,50.803211],[4.372837,50.803095],[4.372824,50.80313],[4.372817,50.803149],[4.372761,50.803297],[4.372407,50.804252],[4.372231,50.805515],[4.372194,50.805651],[4.372183,50.80568],[4.372138,50.80581],[4.372073,50.805986],[4.372019,50.806123],[4.371976,50.806225],[4.371937,50.806312],[4.371923,50.806339],[4.371881,50.806412],[4.37182,50.806528],[4.371765,50.806625],[4.37175,50.806652],[4.372774,50.806708],[4.372981,50.807574],[4.372725,50.807802],[4.372976,50.808109],[4.37296,50.808174],[4.372423,50.808476],[4.371178,50.808748],[4.371071,50.808755],[4.37109,50.808838],[4.37087,50.808966],[4.370865,50.808964],[4.370616,50.80911],[4.37049,50.809175],[4.370441,50.809194],[4.370107,50.809343],[4.369778,50.809453],[4.369751,50.809445],[4.369603,50.809677],[4.369518,50.809811],[4.369497,50.809842],[4.369477,50.809871],[4.369365,50.810065],[4.369261,50.810277],[4.369141,50.810554],[4.368634,50.811873],[4.3685,50.812204],[4.367836,50.813895],[4.368006,50.813921],[4.367996,50.813946],[4.368284,50.813987],[4.368298,50.814177],[4.368121,50.814865],[4.370674,50.815268],[4.370657,50.815336],[4.370623,50.815479],[4.370479,50.816198],[4.370453,50.816324],[4.370294,50.817177],[4.370198,50.817468],[4.369654,50.819206],[4.369641,50.819248],[4.369576,50.819283],[4.367649,50.820312],[4.367474,50.820404],[4.366434,50.820957],[4.366624,50.821671],[4.366686,50.821886],[4.366763,50.82215],[4.366878,50.822553],[4.366885,50.822571],[4.366898,50.8226],[4.366935,50.822651],[4.367222,50.822993],[4.365012,50.823146],[4.365588,50.82348],[4.36553,50.823514],[4.365364,50.823588],[4.365241,50.823642],[4.365152,50.823672],[4.36515,50.823673],[4.365147,50.823673],[4.364549,50.824007],[4.364347,50.824113],[4.364333,50.82412],[4.364615,50.82426],[4.364951,50.824509],[4.36491,50.824557],[4.364555,50.82497],[4.36391,50.825234],[4.36348,50.825405],[4.36341,50.825435],[4.36332,50.825985],[4.36319,50.826075],[4.363075,50.826149],[4.362628,50.826463],[4.362525,50.826421],[4.362098,50.82625],[4.361846,50.82643],[4.361703,50.826532],[4.362157,50.82678],[4.362243,50.826827],[4.36141,50.827638],[4.360952,50.828078],[4.360686,50.828335],[4.360548,50.828471],[4.359656,50.829338],[4.359592,50.829399],[4.359518,50.82947],[4.358704,50.830258],[4.35864,50.830322],[4.358587,50.830373],[4.358325,50.830628],[4.357906,50.831034],[4.35794,50.83113],[4.358008,50.831322],[4.358037,50.831408],[4.358112,50.831526],[4.358331,50.831876],[4.357667,50.832219],[4.35762,50.832264],[4.357604,50.832656],[4.35704,50.832811],[4.356925,50.832843],[4.35719,50.833652],[4.357115,50.833724],[4.356422,50.834394],[4.356394,50.83442],[4.356346,50.834465],[4.355958,50.834843],[4.355853,50.834944],[4.355481,50.835303],[4.355446,50.835289],[4.355166,50.835559],[4.354153,50.835134],[4.353515,50.83487],[4.351282,50.833933],[4.350012,50.833402],[4.348985,50.833007],[4.348672,50.832887],[4.348569,50.832858],[4.348456,50.832832],[4.348339,50.83281],[4.348239,50.832796],[4.348147,50.832787],[4.348107,50.832783],[4.347837,50.832775],[4.345952,50.832717],[4.345861,50.832714],[4.34497,50.832605],[4.344875,50.832615],[4.344614,50.832641],[4.344146,50.832737],[4.343884,50.832791],[4.342996,50.832972],[4.34298,50.832981],[4.342957,50.832995],[4.342932,50.833013],[4.342903,50.833037],[4.34288,50.83306],[4.342856,50.833089],[4.342717,50.833472],[4.342608,50.833762],[4.342412,50.834312],[4.342291,50.834638],[4.341951,50.835578],[4.341555,50.836695],[4.341296,50.837411],[4.341147,50.837811],[4.340498,50.8396],[4.340348,50.840018],[4.340298,50.840159],[4.340077,50.840127],[4.339994,50.840115],[4.339953,50.840228],[4.340036,50.84024],[4.340112,50.840251],[4.340082,50.840326],[4.340042,50.840426],[4.340008,50.840514],[4.339968,50.840608],[4.339933,50.840695],[4.339902,50.840772],[4.339861,50.840874],[4.339822,50.840971],[4.339796,50.841034],[4.339778,50.84108],[4.339748,50.841154],[4.339719,50.841226],[4.339692,50.841294],[4.339659,50.841377],[4.339631,50.841446],[4.339605,50.841512],[4.339581,50.841573],[4.339557,50.841633],[4.339536,50.841683],[4.339516,50.841735],[4.339495,50.841788],[4.339474,50.84184],[4.339453,50.841893],[4.339432,50.841946],[4.339411,50.841999],[4.33939,50.842051],[4.339369,50.842104],[4.339348,50.842157],[4.339327,50.842209],[4.339306,50.842263],[4.339285,50.842316],[4.339264,50.842369],[4.339243,50.842422],[4.339222,50.842475],[4.339201,50.842529],[4.33918,50.842582],[4.339159,50.842635],[4.339138,50.842689],[4.339117,50.842742],[4.339108,50.842764],[4.339065,50.842887],[4.338975,50.843124],[4.338698,50.843863],[4.338666,50.843949],[4.338419,50.844616],[4.33841,50.844638],[4.338377,50.844714],[4.338335,50.84481],[4.338313,50.844879],[4.338283,50.84497],[4.338043,50.845729],[4.338015,50.845818],[4.337969,50.846034],[4.337952,50.846118],[4.337938,50.846181],[4.337916,50.846288],[4.337878,50.846449],[4.337821,50.846448],[4.337482,50.846439],[4.336565,50.846415],[4.336006,50.8464],[4.335635,50.848146],[4.335474,50.848918],[4.337424,50.848495],[4.337797,50.849158],[4.337831,50.849414],[4.337842,50.849436],[4.337863,50.849475],[4.338077,50.849656],[4.338365,50.850177],[4.338524,50.850465],[4.338942,50.850905],[4.340815,50.852896],[4.340852,50.852987],[4.340861,50.85301],[4.341128,50.8533],[4.341409,50.853539],[4.342306,50.854487],[4.343013,50.855202],[4.343014,50.855202],[4.346543,50.858916],[4.34665,50.859029],[4.345748,50.859412],[4.345823,50.859489],[4.345658,50.859559],[4.345695,50.859596],[4.347106,50.861033],[4.348395,50.86285],[4.347503,50.863126],[4.344985,50.863929],[4.344784,50.863993],[4.343085,50.864535],[4.342836,50.864614],[4.341739,50.864962],[4.341687,50.865081],[4.341715,50.865115],[4.342146,50.865653],[4.342877,50.866584],[4.342991,50.866727],[4.343163,50.866945],[4.343265,50.867095],[4.343536,50.867395],[4.343575,50.867459],[4.3436,50.867526],[4.343614,50.867619],[4.343619,50.867729],[4.343612,50.867783],[4.343563,50.867932],[4.343506,50.868026],[4.34346,50.868087],[4.343405,50.86814],[4.343096,50.868419],[4.343587,50.869049],[4.343308,50.869316],[4.342747,50.869851],[4.341735,50.870825],[4.341392,50.870976],[4.340523,50.871362],[4.340225,50.871495],[4.340213,50.871569],[4.34013,50.871789],[4.340085,50.871907],[4.33998,50.872355],[4.339971,50.872393],[4.33989,50.872782],[4.339851,50.872913],[4.339801,50.873061],[4.339493,50.873815],[4.339406,50.874029],[4.33917,50.874629],[4.338932,50.875196],[4.338759,50.875579],[4.338532,50.876057],[4.338475,50.876169],[4.338364,50.876389],[4.338362,50.876393],[4.339476,50.876593],[4.339476,50.876594],[4.339474,50.876648],[4.339429,50.877911],[4.339424,50.878035],[4.339392,50.878931],[4.339389,50.87902],[4.339292,50.881754],[4.339259,50.881813],[4.33923,50.881866],[4.339153,50.881996],[4.339076,50.882155],[4.338486,50.883161],[4.338391,50.88333],[4.337949,50.884117],[4.33782,50.88434],[4.338267,50.884551],[4.338333,50.88483],[4.338287,50.884834],[4.337682,50.88489],[4.33746,50.885596],[4.337394,50.885807],[4.33736,50.885915],[4.337058,50.886901],[4.337038,50.886965],[4.336695,50.886939],[4.336172,50.886898],[4.334691,50.886787],[4.334523,50.886654],[4.334316,50.886492],[4.334221,50.886423],[4.334062,50.886315],[4.333894,50.886205],[4.333769,50.886132],[4.333537,50.886011],[4.333505,50.885996],[4.333479,50.885983],[4.333447,50.885969],[4.333416,50.885955],[4.333384,50.88594],[4.333358,50.885929],[4.333334,50.885918],[4.333308,50.885907],[4.333283,50.885896],[4.333263,50.885888],[4.333229,50.885873],[4.333199,50.885861],[4.333174,50.885851],[4.333149,50.885841],[4.333122,50.88583],[4.33309,50.885818],[4.333064,50.885808],[4.333039,50.885798],[4.33301,50.885787],[4.332978,50.885775],[4.332956,50.885767],[4.332922,50.885755],[4.332887,50.885742],[4.332852,50.885729],[4.332812,50.885716],[4.332767,50.8857],[4.332721,50.885685],[4.332663,50.885666],[4.332612,50.88565],[4.332568,50.885636],[4.332514,50.88562],[4.332461,50.885604],[4.332403,50.885587],[4.332293,50.885708],[4.332206,50.885676],[4.332002,50.885602],[4.331886,50.885565],[4.331732,50.885514],[4.33152,50.885447],[4.331359,50.885398],[4.331197,50.885353],[4.331032,50.885309],[4.330768,50.885237],[4.330597,50.885195],[4.33045,50.885163],[4.330311,50.885137],[4.330193,50.885117],[4.330164,50.885121],[4.330151,50.885121],[4.330133,50.885123],[4.33012,50.885124],[4.330107,50.885127],[4.330094,50.88513],[4.330086,50.885132],[4.330074,50.885136],[4.330062,50.88514],[4.330052,50.885145],[4.330041,50.885151],[4.32999,50.885184],[4.329869,50.885352],[4.329793,50.885464],[4.32966,50.885662],[4.32958,50.885785],[4.329525,50.885868],[4.329461,50.885964],[4.329393,50.886061],[4.329303,50.886198],[4.329224,50.886319],[4.329137,50.886445],[4.328899,50.886808],[4.328605,50.887248],[4.328444,50.887483],[4.328389,50.887566],[4.328266,50.887747],[4.328011,50.888131],[4.327786,50.888465],[4.327696,50.8886],[4.327649,50.888669],[4.327525,50.888853],[4.327479,50.888922],[4.327535,50.888996],[4.327551,50.889029],[4.327559,50.889072],[4.32756,50.889093],[4.327559,50.889103],[4.32756,50.889106],[4.327561,50.889109],[4.327563,50.889112],[4.327566,50.889114],[4.327569,50.889116],[4.327573,50.889119],[4.32974,50.890022],[4.329944,50.890107],[4.329701,50.890163],[4.329801,50.890549],[4.329751,50.890557],[4.32868,50.890728],[4.328513,50.890755],[4.327448,50.890926],[4.327281,50.890952],[4.326081,50.891145],[4.326482,50.891712],[4.326575,50.891844],[4.327119,50.892615],[4.327189,50.892713],[4.32759,50.893282],[4.327645,50.893359],[4.327646,50.89336],[4.327586,50.893383],[4.327499,50.89342],[4.327432,50.893453],[4.327373,50.893485],[4.327318,50.893517],[4.327226,50.89358],[4.327188,50.893614],[4.327131,50.89366],[4.327095,50.893686],[4.327023,50.89373],[4.326956,50.893764],[4.326918,50.89378],[4.326891,50.893791],[4.326824,50.893816],[4.326779,50.893829],[4.326724,50.893844],[4.326683,50.893853],[4.326622,50.893864],[4.326568,50.893872],[4.326506,50.893881],[4.326437,50.893887],[4.32636,50.893896],[4.326268,50.893905],[4.324943,50.894029],[4.324659,50.894056],[4.324451,50.894075],[4.324298,50.894088],[4.324116,50.8941],[4.323926,50.894111],[4.323735,50.894117],[4.323545,50.894118],[4.323305,50.894113],[4.323066,50.894102],[4.322828,50.894084],[4.322554,50.894056],[4.322284,50.894018],[4.322017,50.89397],[4.321423,50.893858],[4.320144,50.893615],[4.318576,50.893314],[4.317656,50.893143],[4.317474,50.89311],[4.317291,50.893081],[4.317106,50.893056],[4.316836,50.893025],[4.316563,50.893002],[4.316289,50.89299],[4.316077,50.892985],[4.315866,50.892988],[4.315655,50.892999],[4.315372,50.893019],[4.315091,50.893045],[4.314811,50.893078],[4.314214,50.893173],[4.313798,50.893269],[4.313768,50.893311],[4.314611,50.893608],[4.31471,50.893634],[4.314889,50.893682],[4.317628,50.894399],[4.318136,50.894531],[4.318297,50.894578],[4.31855,50.894657],[4.318835,50.894758],[4.319076,50.894852],[4.319382,50.894985],[4.319618,50.895106],[4.319836,50.895225],[4.320223,50.895465],[4.32034,50.895547],[4.32058,50.895728],[4.320769,50.895881],[4.320867,50.895974],[4.321286,50.896345],[4.321527,50.896559],[4.321802,50.896806],[4.321988,50.896968],[4.322212,50.897165],[4.322383,50.897314],[4.322562,50.897467],[4.32274,50.897606],[4.322822,50.897667],[4.322992,50.897787],[4.323095,50.897855],[4.323163,50.8979],[4.323423,50.898054],[4.323629,50.898162],[4.32378,50.898236],[4.324137,50.898396],[4.324602,50.898592],[4.324714,50.898634],[4.324738,50.898643],[4.324898,50.898702],[4.325116,50.898782],[4.326223,50.899193],[4.326966,50.899471],[4.32794,50.89983],[4.32904,50.900279],[4.329544,50.900475],[4.329883,50.900593],[4.330125,50.900675],[4.330453,50.900782],[4.330561,50.900816],[4.330917,50.900915],[4.331547,50.901085],[4.331768,50.901136],[4.332117,50.901211],[4.332376,50.901262],[4.33272,50.901326],[4.333232,50.901408],[4.333661,50.901468],[4.335434,50.901681],[4.336844,50.901851],[4.33791,50.90198],[4.338724,50.902077],[4.339475,50.902168],[4.33994,50.902224],[4.340406,50.90228],[4.340725,50.902317],[4.341011,50.902347],[4.341309,50.902372],[4.34147,50.902384],[4.341635,50.902394],[4.341812,50.902404],[4.342048,50.902413],[4.342298,50.902419],[4.342674,50.90242],[4.342816,50.902419],[4.343022,50.902415],[4.343316,50.902407],[4.343582,50.902395],[4.343805,50.902382],[4.344074,50.902362],[4.344363,50.902337],[4.344505,50.902321],[4.344816,50.902279],[4.346057,50.901987],[4.347026,50.901744],[4.348098,50.901534],[4.348251,50.90152],[4.348463,50.901505],[4.348623,50.901495],[4.348789,50.901485],[4.349342,50.901454],[4.349577,50.90144],[4.349714,50.901432],[4.349942,50.901418],[4.350109,50.901409],[4.350598,50.901378],[4.350754,50.901369],[4.351153,50.901346],[4.351396,50.901332],[4.351496,50.901326],[4.351833,50.901306],[4.352057,50.901293],[4.352364,50.90128],[4.352516,50.901275],[4.353054,50.901266],[4.353275,50.901266],[4.353589,50.901273],[4.354522,50.901296],[4.355033,50.90131],[4.35581,50.90133],[4.356629,50.901352],[4.35731,50.901369],[4.360245,50.901199],[4.360262,50.901198],[4.360359,50.901193],[4.360454,50.90118],[4.360463,50.901178],[4.36076,50.901137],[4.360775,50.901137],[4.361988,50.901086],[4.362266,50.901074],[4.362303,50.901073],[4.362492,50.901067],[4.362709,50.901063],[4.362748,50.901065],[4.363019,50.901073],[4.363037,50.901074],[4.363222,50.901081],[4.363247,50.901082],[4.363304,50.901085],[4.363377,50.901092],[4.363571,50.901109],[4.363574,50.90111],[4.363653,50.901117],[4.363992,50.90115],[4.369283,50.899373],[4.369717,50.899222],[4.369941,50.899134],[4.37006,50.899091],[4.370232,50.899031],[4.370451,50.898968],[4.370539,50.898942],[4.370634,50.898907],[4.370751,50.89887],[4.370873,50.89884],[4.370938,50.898843],[4.371015,50.898844],[4.371104,50.898837],[4.371173,50.898828],[4.37125,50.898813],[4.371448,50.89878],[4.371565,50.898758],[4.371693,50.898736],[4.371887,50.898707],[4.372064,50.89868],[4.372171,50.89866],[4.372385,50.898619],[4.37263,50.898563],[4.373415,50.898402],[4.373423,50.898421],[4.373457,50.898414],[4.375467,50.897972],[4.375513,50.89796],[4.375528,50.897954],[4.375592,50.897914],[4.375735,50.897806],[4.375755,50.897783],[4.375785,50.89776],[4.37587,50.897736],[4.375946,50.897712],[4.376057,50.897689],[4.376232,50.897668],[4.37628,50.897658],[4.376304,50.897652],[4.376387,50.897622],[4.376497,50.89758],[4.376649,50.8975],[4.376624,50.897466],[4.376849,50.897396],[4.376947,50.897357],[4.377052,50.897304],[4.377096,50.897268],[4.377157,50.897219],[4.377178,50.897197],[4.377214,50.897159],[4.377256,50.897105],[4.377281,50.897076],[4.377332,50.897021],[4.377361,50.897001],[4.377392,50.896987],[4.377455,50.896999],[4.377522,50.897023],[4.377642,50.897067],[4.37806,50.897146],[4.37817,50.897222],[4.378224,50.897282],[4.378323,50.897627],[4.378329,50.897845],[4.378094,50.898489],[4.378247,50.898501],[4.378286,50.898515],[4.378298,50.898543],[4.378191,50.898699],[4.378123,50.898823],[4.378063,50.898871],[4.378015,50.898924],[4.378021,50.898997],[4.377986,50.899085],[4.377971,50.899173],[4.377922,50.899322],[4.377969,50.899405],[4.37821,50.89962],[4.378475,50.899848],[4.378709,50.900051],[4.378898,50.900222],[4.379017,50.900336],[4.379055,50.900375],[4.379126,50.900465],[4.379177,50.900557],[4.37922,50.900672],[4.37922,50.900797],[4.380232,50.901058],[4.381339,50.90135],[4.381583,50.901423],[4.382926,50.901793],[4.382951,50.901799],[4.382969,50.901821],[4.382974,50.901828],[4.383575,50.902585],[4.383793,50.902862],[4.383998,50.903101],[4.384023,50.903132],[4.384213,50.903352],[4.384432,50.903608],[4.384543,50.903735],[4.384551,50.903745],[4.384586,50.903785],[4.384599,50.903802],[4.385288,50.904687],[4.385562,50.905007],[4.386184,50.905758],[4.387038,50.907244],[4.387195,50.908073],[4.387208,50.908115],[4.387249,50.908251],[4.387269,50.908319],[4.387289,50.908388],[4.387308,50.908449],[4.387326,50.908511],[4.387495,50.909066],[4.387762,50.909944],[4.388521,50.910276],[4.388603,50.910228],[4.388997,50.91],[4.389258,50.91036],[4.389703,50.910151],[4.390004,50.91001],[4.389991,50.909975],[4.390865,50.910014],[4.390989,50.910019],[4.391357,50.910036],[4.391511,50.910043],[4.392906,50.909959],[4.393378,50.910052],[4.394004,50.910175],[4.394037,50.910186],[4.394606,50.910371],[4.394886,50.910187],[4.395271,50.910473],[4.396377,50.911297],[4.396601,50.91145],[4.397199,50.911857],[4.397689,50.912055],[4.398306,50.912097],[4.398921,50.912138],[4.399067,50.913232],[4.400918,50.913353],[4.401846,50.913336],[4.403041,50.913044],[4.403328,50.913622],[4.403466,50.913901],[4.404692,50.913555],[4.406245,50.913115],[4.406335,50.91309],[4.407222,50.912951],[4.407637,50.912886],[4.409826,50.912542],[4.410148,50.912469],[4.410958,50.912287],[4.411033,50.912271],[4.412254,50.911996],[4.412445,50.911954],[4.412541,50.911932],[4.412661,50.911905],[4.41294,50.911842],[4.413176,50.911789],[4.413441,50.911719],[4.413441,50.911719],[4.413492,50.911705],[4.413492,50.911705],[4.413783,50.911627],[4.413933,50.911581],[4.413966,50.91157],[4.41399,50.911565],[4.414142,50.911533],[4.414234,50.91153],[4.414257,50.911489],[4.414276,50.911431],[4.414303,50.911353],[4.414412,50.911255],[4.414303,50.911104],[4.414173,50.910938],[4.41411,50.910864],[4.414039,50.910792],[4.413962,50.910706],[4.413908,50.91064],[4.413869,50.910588],[4.413849,50.910557],[4.413804,50.910484],[4.41376,50.910394],[4.413751,50.910287],[4.413752,50.910166],[4.413753,50.910158],[4.413762,50.910088],[4.413777,50.910003],[4.41379,50.909903],[4.413802,50.90979],[4.413805,50.909738],[4.413803,50.909706],[4.413794,50.909656],[4.413787,50.909619],[4.413772,50.909583],[4.413753,50.909538],[4.413732,50.909506],[4.413677,50.909447],[4.413599,50.909379],[4.413545,50.909336],[4.4135,50.9093],[4.413442,50.909258],[4.413352,50.909194],[4.413312,50.909168],[4.413243,50.90913],[4.413187,50.909104],[4.413144,50.909091],[4.413002,50.909055],[4.412977,50.909049],[4.412942,50.90904],[4.412907,50.909029],[4.412826,50.909006],[4.412734,50.908974],[4.412673,50.908942],[4.412646,50.908921],[4.412619,50.908893],[4.412577,50.908842],[4.412503,50.908727],[4.412489,50.9087],[4.412451,50.908618],[4.412433,50.90857],[4.412416,50.908512],[4.412394,50.908424],[4.412391,50.90838],[4.412393,50.908327],[4.412399,50.908255],[4.41242,50.90816],[4.412428,50.908119],[4.41245,50.908037],[4.412467,50.907965],[4.412469,50.907951],[4.412478,50.907867],[4.412488,50.907792],[4.412509,50.907666],[4.41252,50.907577],[4.412522,50.907544],[4.412525,50.907441],[4.412525,50.907387],[4.412523,50.907315],[4.412524,50.907282],[4.412526,50.907245],[4.412524,50.9072],[4.412513,50.907135],[4.412495,50.90708],[4.412475,50.907022],[4.412708,50.906969],[4.412723,50.906878],[4.412744,50.906821],[4.412786,50.906772],[4.412831,50.906739],[4.412933,50.906692],[4.413236,50.906637],[4.413446,50.906611],[4.413629,50.90659],[4.413727,50.906577],[4.413953,50.906561],[4.414037,50.906554],[4.414182,50.906534],[4.414356,50.906502],[4.414444,50.906482],[4.414627,50.906435],[4.414723,50.906409],[4.414994,50.906337],[4.415274,50.906256],[4.415433,50.906209],[4.415671,50.906137],[4.415708,50.906126],[4.415719,50.906123],[4.415768,50.906107],[4.417021,50.905686],[4.41728,50.905607],[4.417403,50.905568],[4.417593,50.905509],[4.417913,50.905421],[4.417881,50.905362],[4.417675,50.904973],[4.417618,50.904806],[4.417583,50.904754],[4.417492,50.904576],[4.417492,50.904503],[4.417537,50.904448],[4.417692,50.904342],[4.41777,50.904287],[4.41786,50.904214],[4.418081,50.903956],[4.418142,50.903915],[4.418343,50.903844],[4.418605,50.903819],[4.418993,50.903811],[4.419193,50.903808],[4.419363,50.903786],[4.419529,50.903747],[4.419564,50.90374],[4.41972,50.90371],[4.420028,50.90364],[4.420293,50.903601],[4.420488,50.903583],[4.420631,50.903567],[4.420706,50.903515],[4.420842,50.903439],[4.420971,50.903336],[4.421073,50.903227],[4.42111,50.903202],[4.421195,50.903191],[4.4213,50.903189],[4.421753,50.903224],[4.422117,50.90317],[4.422397,50.902612],[4.422496,50.902574],[4.422559,50.902581],[4.422635,50.902596],[4.422699,50.902645],[4.422961,50.902967],[4.423399,50.902669],[4.424246,50.902086],[4.424312,50.901994],[4.424407,50.90186],[4.424456,50.901792],[4.424492,50.901767],[4.424757,50.901745],[4.424879,50.901592],[4.424944,50.90145],[4.424985,50.901425],[4.425318,50.901381],[4.425448,50.901289],[4.425454,50.901203],[4.425453,50.901159],[4.42551,50.90113],[4.425975,50.901063],[4.426067,50.901029],[4.426098,50.900998],[4.426079,50.900935],[4.426041,50.900852],[4.426061,50.900799],[4.426116,50.900769],[4.426353,50.900754],[4.42639,50.90072],[4.426466,50.900477],[4.426435,50.900396],[4.426515,50.900392],[4.426604,50.900397],[4.426752,50.900348],[4.426905,50.900252],[4.427035,50.900221],[4.427165,50.900189],[4.427383,50.900081],[4.427686,50.900008],[4.427813,50.899956],[4.427824,50.899857],[4.427786,50.899798],[4.427415,50.899608],[4.427234,50.899516],[4.427178,50.89953],[4.426987,50.899504],[4.426825,50.89933],[4.426516,50.89906],[4.426351,50.898885],[4.426253,50.89874],[4.426146,50.898609],[4.425955,50.898528],[4.425911,50.898509],[4.425978,50.898469],[4.426165,50.898344],[4.426228,50.898297],[4.426337,50.898203],[4.426447,50.898098],[4.426521,50.898024],[4.426642,50.897905],[4.42668,50.897872],[4.426758,50.897815],[4.427015,50.897706],[4.427302,50.897626],[4.42737,50.897612],[4.42775,50.897547],[4.427894,50.897524],[4.428211,50.897472],[4.428252,50.897464],[4.42843,50.897422],[4.428578,50.897377],[4.428684,50.89734],[4.429092,50.897138],[4.429193,50.897084],[4.429273,50.897039],[4.42931,50.897019],[4.42946,50.896928],[4.429641,50.896815],[4.429849,50.896684],[4.43005,50.896558],[4.430244,50.896426],[4.43034,50.89636],[4.430436,50.896294],[4.431245,50.895744],[4.43137,50.895663],[4.431228,50.895255],[4.431623,50.895166],[4.432382,50.894929],[4.432789,50.894729],[4.43275,50.894698],[4.4325,50.894504],[4.432247,50.894291],[4.43184,50.893928],[4.431931,50.89387],[4.431962,50.89385],[4.431773,50.893718],[4.431747,50.8937],[4.43172,50.893682],[4.431693,50.893664],[4.431666,50.893646],[4.431637,50.893628],[4.431609,50.893611],[4.43158,50.893594],[4.43155,50.893578],[4.43152,50.893561],[4.43149,50.893545],[4.431459,50.89353],[4.431427,50.893515],[4.431396,50.8935],[4.431364,50.893485],[4.431331,50.893471],[4.431298,50.893457],[4.431265,50.893444],[4.431231,50.893431],[4.431197,50.893418],[4.431163,50.893406],[4.431128,50.893394],[4.431093,50.893382],[4.431057,50.893371],[4.431022,50.89336],[4.430986,50.89335],[4.43034,50.893169],[4.430045,50.893086],[4.429316,50.892881],[4.429257,50.892828],[4.429134,50.892724],[4.42897,50.892588],[4.427999,50.891796],[4.427914,50.891722],[4.427839,50.891657],[4.427781,50.891607],[4.427692,50.891526],[4.427612,50.891453],[4.427559,50.891405],[4.427519,50.891368],[4.427462,50.891316],[4.427443,50.891298],[4.42741,50.891267],[4.427393,50.891251],[4.427357,50.891217],[4.427332,50.891192],[4.427307,50.891168],[4.427288,50.891149],[4.427262,50.891124],[4.427229,50.89109],[4.427196,50.891057],[4.42715,50.89101],[4.427132,50.890991],[4.427086,50.890943],[4.427037,50.890889],[4.427212,50.88986],[4.427333,50.889545],[4.4275,50.889267],[4.428328,50.888442],[4.42871,50.88813],[4.429584,50.887371],[4.429909,50.887064],[4.430017,50.886915],[4.43016,50.886674],[4.430412,50.886376],[4.430521,50.886251],[4.430947,50.885877],[4.431114,50.885674],[4.431456,50.885337],[4.431766,50.884791],[4.432065,50.88438],[4.432375,50.884056],[4.433383,50.882839],[4.434049,50.882044],[4.435059,50.880946],[4.435534,50.880427],[4.436432,50.87953],[4.43676,50.879124],[4.437065,50.878781]]]}},{"type":"Feature","properties":{"niscode":"21011","nameFr":"Koekelberg","nameDut":"Koekelberg","name":"Koekelberg","area":1181945.92856625,"naam":"Koekelberg","total_population":22648,"internal_in_num":1777,"internal_in_pct":0.07846167432002826,"internal_out_num":2043,"internal_out_pct":0.09020664076298128,"internal_balance_num":-266,"internal_balance_pct":-0.01174496644295302,"international_balance_num":378,"international_balance_pct":0.01669021547156482,"age_pct_65plus":0.1076,"age_pct_under3":0.0411,"age_pct_0_17":0.2565,"age_count_12_17":8577,"age_pct_18_24":0.093,"age_pct_18_64":0.636,"age_pct_30_44":0.2318,"age_pct_3_5":0.0436,"age_pct_45_64":0.2374,"age_pct_6_11":0.086,"age_pct_65_79":0.0775,"age_pct_80plus":0.0301,"age_count_0_17":5893,"age_count_18_64":14614,"age_count_65plus":2472,"hq_qual_basic":0.001166,"hq_qual_normal":0.971026,"hq_qual_luxurious":0,"hq_build_pre1900":0.078472,"hq_build_1900_1940":0.2635,"hq_build_1941_1960":0.19162,"hq_build_1961_1990":0.288243,"hq_build_1991_2010":0.12579,"hq_build_post2011":0.052375,"hq_renov_by1982":0.019465,"hq_renov_by1992":0.039559,"hq_renov_by2002":0.067905,"hq_renov_by2012":0.091945,"hq_renov_by2022":0.039559,"hq_type_closed":0.154826,"hq_type_halfopen":0.002153,"hq_type_open":0.000807,"fam_single_parent":0.1331,"fam_alone_under30":0.0537,"fam_alone_18_29":0.1312,"fam_alone_65plus_pct":0.3685,"fam_alone_65plus_hh":0.0973,"fam_couple_children":0.2884,"fam_couple_no_children":0.1334,"migbg_total":0.892,"migbg_belgian_with":0.583,"migbg_belgian_without":0.108,"nat_eu14_pct":0.0838,"nat_belgian_pct":0.6578,"pri_avg_dwelling":940,"pri_avg_parcel":1289,"pri_std_dev":9895,"rc_per_ha":173166,"rc_total":10780958,"rc_pct_low":0.092407,"rc_pct_high":0.193997,"avg_net_income":30805,"zero_income_rate":0.136105,"avg_prof_income":30589,"tax_per_resident":3029,"bp_res_new_dwellings":0,"bp_res_apartments":0,"bp_res_houses":0,"bp_res_new_surface":1806,"bp_res_renovations":13,"bp_nonres_new":0,"bp_nonres_renov":2,"re_apt_median":226000,"re_apt_p25":187000,"re_apt_transactions":216,"re_house_median":344500,"re_house_transactions":15,"re_terraced_median":344500,"re_terraced_transactions":15,"re_detached_transactions":1,"hasData":true},"geometry":{"type":"Polygon","coordinates":[[[4.325222,50.866674],[4.325629,50.866809],[4.325815,50.866871],[4.326218,50.867004],[4.326715,50.867169],[4.326828,50.867206],[4.327206,50.867331],[4.327614,50.867466],[4.327646,50.867437],[4.327654,50.86743],[4.327708,50.867385],[4.327735,50.867392],[4.328038,50.867477],[4.328321,50.867199],[4.328338,50.867182],[4.328663,50.867286],[4.328735,50.867309],[4.328965,50.867382],[4.328969,50.867384],[4.329133,50.867438],[4.329225,50.867465],[4.329323,50.867495],[4.329391,50.867516],[4.32955,50.867565],[4.329616,50.867585],[4.329818,50.867374],[4.330171,50.867006],[4.330526,50.866633],[4.33061,50.866538],[4.331291,50.86571],[4.331394,50.865574],[4.331502,50.865568],[4.332121,50.864792],[4.332367,50.864544],[4.33246,50.864338],[4.33303,50.863662],[4.334183,50.862345],[4.334,50.862218],[4.335049,50.861919],[4.334917,50.861735],[4.334841,50.861629],[4.334816,50.861618],[4.334857,50.861531],[4.334836,50.861527],[4.334851,50.861498],[4.334816,50.861491],[4.334834,50.861437],[4.334856,50.861375],[4.334865,50.861346],[4.334866,50.861344],[4.334952,50.861089],[4.335027,50.861029],[4.335801,50.860397],[4.33603,50.860199],[4.336179,50.860067],[4.336498,50.860194],[4.336619,50.860115],[4.337616,50.859526],[4.337727,50.859467],[4.337726,50.859466],[4.337688,50.859434],[4.33697,50.85897],[4.336849,50.85891],[4.336294,50.858681],[4.33614,50.858622],[4.335097,50.858212],[4.335035,50.858188],[4.334989,50.858231],[4.334916,50.858303],[4.33485,50.858356],[4.334605,50.858253],[4.334561,50.858293],[4.334503,50.858348],[4.334345,50.858277],[4.33372,50.857995],[4.333505,50.857897],[4.333248,50.857783],[4.332692,50.857528],[4.332506,50.857445],[4.332569,50.857368],[4.332601,50.857326],[4.332666,50.857243],[4.33277,50.857112],[4.332612,50.857105],[4.331586,50.857058],[4.331283,50.85704],[4.330867,50.857007],[4.330382,50.856957],[4.329883,50.856892],[4.329882,50.856892],[4.329881,50.856892],[4.32937,50.856824],[4.328847,50.856789],[4.328327,50.856785],[4.328035,50.856783],[4.32781,50.856781],[4.326868,50.856776],[4.326688,50.856791],[4.326482,50.856809],[4.325712,50.856912],[4.325488,50.856947],[4.325644,50.857234],[4.326117,50.8583],[4.326736,50.859382],[4.327123,50.859933],[4.326992,50.860002],[4.326896,50.860058],[4.327242,50.86045],[4.327381,50.860607],[4.327019,50.861023],[4.326929,50.861101],[4.326833,50.861145],[4.325366,50.861507],[4.324772,50.861663],[4.3233,50.862021],[4.322633,50.862154],[4.322211,50.862526],[4.321994,50.86248],[4.317505,50.861527],[4.317272,50.861476],[4.31703,50.861422],[4.316336,50.861279],[4.316119,50.861233],[4.316051,50.861285],[4.315675,50.861572],[4.315487,50.861715],[4.315368,50.861816],[4.312657,50.863869],[4.312234,50.864226],[4.311913,50.864321],[4.311235,50.864521],[4.310895,50.864614],[4.310816,50.864635],[4.310601,50.864699],[4.310581,50.864681],[4.310508,50.864613],[4.310471,50.864523],[4.310466,50.864511],[4.310426,50.864388],[4.310089,50.864436],[4.309856,50.864461],[4.309659,50.864483],[4.309323,50.864503],[4.30918,50.864501],[4.30898,50.864497],[4.308892,50.864506],[4.308844,50.864506],[4.308731,50.864494],[4.308698,50.864487],[4.308687,50.864486],[4.308528,50.864457],[4.307866,50.864343],[4.30742,50.864271],[4.307328,50.864263],[4.307042,50.864239],[4.307037,50.864267],[4.307023,50.864343],[4.307004,50.864461],[4.306996,50.864508],[4.306977,50.864697],[4.30696,50.864907],[4.306921,50.864927],[4.307032,50.865012],[4.307085,50.865139],[4.307188,50.865436],[4.307191,50.865445],[4.307218,50.865575],[4.307323,50.865677],[4.307326,50.86568],[4.307476,50.86576],[4.307558,50.865803],[4.307764,50.865922],[4.307891,50.865974],[4.308363,50.866206],[4.308595,50.866368],[4.308894,50.866614],[4.308959,50.866714],[4.309188,50.866859],[4.310142,50.866914],[4.312653,50.867057],[4.314058,50.867136],[4.314594,50.867165],[4.314712,50.867174],[4.314999,50.867194],[4.31512,50.867201],[4.316027,50.86718],[4.316057,50.867177],[4.316641,50.867103],[4.31723,50.867073],[4.318085,50.866942],[4.318651,50.866855],[4.318895,50.8668],[4.319136,50.866751],[4.319471,50.866696],[4.319472,50.866696],[4.319763,50.866676],[4.320168,50.866601],[4.320324,50.866571],[4.320443,50.866536],[4.320458,50.866531],[4.320563,50.866507],[4.320692,50.866486],[4.320827,50.86646],[4.320867,50.866454],[4.321055,50.866437],[4.321128,50.866432],[4.32119,50.866425],[4.321345,50.866401],[4.321462,50.866378],[4.321923,50.866263],[4.322129,50.866225],[4.322265,50.866206],[4.322517,50.866186],[4.322776,50.866136],[4.322896,50.866104],[4.323012,50.866071],[4.323077,50.86605],[4.323377,50.865913],[4.323981,50.865602],[4.324306,50.865377],[4.324404,50.865313],[4.324822,50.865089],[4.32588,50.865541],[4.326144,50.865654],[4.326037,50.86576],[4.32544,50.86634],[4.325131,50.866643],[4.325222,50.866674]]]}},{"type":"Feature","properties":{"niscode":"21010","nameFr":"Jette","nameDut":"Jette","name":"Jette","area":5189410.5919985,"naam":"Jette","total_population":54107,"internal_in_num":3987,"internal_in_pct":0.07368732326686012,"internal_out_num":4540,"internal_out_pct":0.08390781229785425,"internal_balance_num":-553,"internal_balance_pct":-0.01022048903099414,"international_balance_num":659,"international_balance_pct":0.012179570111076201,"age_pct_65plus":0.1456,"age_pct_under3":0.036,"age_pct_0_17":0.2341,"age_count_12_17":7974,"age_pct_18_24":0.0908,"age_pct_18_64":0.6203,"age_pct_30_44":0.2214,"age_pct_3_5":0.0388,"age_pct_45_64":0.2407,"age_pct_6_11":0.0795,"age_pct_65_79":0.1009,"age_pct_80plus":0.0447,"age_count_0_17":12733,"age_count_18_64":33740,"age_count_65plus":7917,"hq_qual_basic":0.000555,"hq_qual_normal":0.946509,"hq_qual_luxurious":0.001283,"hq_build_pre1900":0.039994,"hq_build_1900_1940":0.244159,"hq_build_1941_1960":0.130196,"hq_build_1961_1990":0.342281,"hq_build_1991_2010":0.129838,"hq_build_post2011":0.113532,"hq_renov_by1982":0.010712,"hq_renov_by1992":0.018061,"hq_renov_by2002":0.065555,"hq_renov_by2012":0.110102,"hq_renov_by2022":0.038723,"hq_type_closed":0.178049,"hq_type_halfopen":0.012272,"hq_type_open":0.004472,"fam_single_parent":0.1387,"fam_alone_under30":0.0423,"fam_alone_18_29":0.1112,"fam_alone_65plus_pct":0.3825,"fam_alone_65plus_hh":0.1339,"fam_couple_children":0.2813,"fam_couple_no_children":0.1521,"migbg_total":0.776,"migbg_belgian_with":0.529,"migbg_belgian_without":0.224,"nat_eu14_pct":0.0726,"nat_belgian_pct":0.7323,"pri_avg_dwelling":1044,"pri_avg_parcel":1364,"pri_std_dev":14413,"rc_per_ha":129344,"rc_total":29238709,"rc_pct_low":0.055578,"rc_pct_high":0.234787,"avg_net_income":33735,"zero_income_rate":0.113861,"avg_prof_income":33365,"tax_per_resident":3876,"bp_res_new_dwellings":3,"bp_res_apartments":3,"bp_res_houses":0,"bp_res_new_surface":255,"bp_res_renovations":42,"bp_nonres_new":4,"bp_nonres_renov":7,"re_apt_median":220000,"re_apt_p25":175000,"re_apt_transactions":511,"re_house_median":425000,"re_house_transactions":82,"re_terraced_median":412580,"re_terraced_transactions":72,"re_detached_transactions":10,"hasData":true},"geometry":{"type":"Polygon","coordinates":[[[4.340523,50.871362],[4.332367,50.864544],[4.332121,50.864792],[4.331502,50.865568],[4.331394,50.865574],[4.331291,50.86571],[4.33061,50.866538],[4.330526,50.866633],[4.330171,50.867006],[4.329818,50.867374],[4.329616,50.867585],[4.32955,50.867565],[4.329391,50.867516],[4.329323,50.867495],[4.329225,50.867465],[4.329133,50.867438],[4.328969,50.867384],[4.328965,50.867382],[4.328735,50.867309],[4.328663,50.867286],[4.328338,50.867182],[4.328321,50.867199],[4.328038,50.867477],[4.327735,50.867392],[4.327708,50.867385],[4.327654,50.86743],[4.327646,50.867437],[4.327614,50.867466],[4.327206,50.867331],[4.326828,50.867206],[4.326715,50.867169],[4.326218,50.867004],[4.325815,50.866871],[4.325629,50.866809],[4.325222,50.866674],[4.325212,50.866689],[4.325201,50.866706],[4.325193,50.866717],[4.325178,50.86674],[4.325173,50.866748],[4.325146,50.866789],[4.325144,50.866792],[4.325131,50.86681],[4.325114,50.866836],[4.325085,50.866879],[4.325054,50.866924],[4.325034,50.866953],[4.325024,50.866969],[4.325021,50.866973],[4.324921,50.866948],[4.324877,50.866937],[4.324872,50.866968],[4.324872,50.866969],[4.324863,50.867025],[4.32486,50.867045],[4.324855,50.867077],[4.324847,50.86712],[4.324743,50.867097],[4.324662,50.867079],[4.324656,50.86713],[4.324648,50.867128],[4.324572,50.867108],[4.324433,50.867072],[4.324431,50.867071],[4.324378,50.867057],[4.324247,50.867021],[4.324175,50.867001],[4.324052,50.866968],[4.323815,50.867323],[4.323717,50.867468],[4.323623,50.867607],[4.322321,50.869543],[4.322049,50.869949],[4.321802,50.870318],[4.320648,50.872043],[4.320601,50.872112],[4.320601,50.872113],[4.320564,50.872168],[4.320829,50.872226],[4.32181,50.872437],[4.321943,50.872464],[4.322075,50.872491],[4.323134,50.872667],[4.32337,50.872706],[4.323327,50.872771],[4.322726,50.873669],[4.322652,50.873783],[4.322547,50.87394],[4.322534,50.873957],[4.322499,50.874005],[4.322426,50.87409],[4.322349,50.874166],[4.32226,50.874241],[4.322162,50.874311],[4.322056,50.874376],[4.321929,50.874443],[4.320415,50.875185],[4.320666,50.876676],[4.320707,50.876925],[4.320716,50.87697],[4.320733,50.877043],[4.320749,50.8771],[4.320771,50.877164],[4.320792,50.877215],[4.320817,50.877271],[4.320835,50.877307],[4.320858,50.87735],[4.320873,50.877377],[4.32089,50.877404],[4.32091,50.877436],[4.321098,50.877726],[4.321066,50.877735],[4.321032,50.877744],[4.320984,50.877757],[4.32093,50.877773],[4.320872,50.87779],[4.320815,50.877809],[4.320764,50.877826],[4.320715,50.877844],[4.320675,50.877858],[4.320624,50.877878],[4.320575,50.877897],[4.320527,50.877918],[4.320482,50.877937],[4.320434,50.877958],[4.320387,50.877981],[4.32032,50.878014],[4.319338,50.878469],[4.319384,50.878641],[4.31946,50.879041],[4.319524,50.879382],[4.319718,50.879897],[4.319674,50.880142],[4.319657,50.880237],[4.318885,50.880176],[4.317999,50.880111],[4.315933,50.879958],[4.315908,50.879957],[4.315667,50.87995],[4.315353,50.879941],[4.314963,50.879931],[4.314711,50.87992],[4.314622,50.879917],[4.314365,50.87991],[4.31412,50.879913],[4.313854,50.879925],[4.313573,50.879942],[4.313326,50.879963],[4.313081,50.87999],[4.312878,50.880017],[4.312541,50.880074],[4.312142,50.880157],[4.311751,50.880249],[4.311065,50.880405],[4.310584,50.880522],[4.310189,50.880615],[4.309432,50.880781],[4.308954,50.88088],[4.307909,50.881087],[4.306878,50.881271],[4.306013,50.881397],[4.30487,50.881512],[4.304505,50.881547],[4.304113,50.881582],[4.303674,50.881621],[4.298364,50.882086],[4.298205,50.8821],[4.298178,50.882175],[4.298177,50.88219],[4.298172,50.882291],[4.298184,50.882366],[4.298199,50.882445],[4.298203,50.882512],[4.298171,50.882596],[4.298152,50.882657],[4.298096,50.88272],[4.29804,50.882775],[4.298004,50.882827],[4.297998,50.882885],[4.297991,50.882947],[4.297986,50.883002],[4.297958,50.883133],[4.297952,50.883244],[4.297952,50.883302],[4.297952,50.883365],[4.297919,50.883451],[4.297897,50.883509],[4.297835,50.883597],[4.297799,50.883664],[4.297742,50.883727],[4.297646,50.883868],[4.297568,50.883989],[4.297533,50.884065],[4.297482,50.884162],[4.297447,50.884235],[4.297386,50.884398],[4.297366,50.884432],[4.297339,50.884491],[4.297289,50.884549],[4.297182,50.884699],[4.297124,50.884789],[4.297099,50.884862],[4.29707,50.884971],[4.297052,50.885038],[4.296998,50.885069],[4.296919,50.885083],[4.296848,50.885063],[4.296698,50.885011],[4.296625,50.884986],[4.296565,50.884976],[4.296412,50.885035],[4.296253,50.885112],[4.296095,50.885183],[4.295932,50.885259],[4.295758,50.885326],[4.295642,50.885391],[4.295546,50.885447],[4.295388,50.885538],[4.295282,50.885596],[4.295187,50.885672],[4.295036,50.88579],[4.294926,50.885879],[4.294776,50.885988],[4.294675,50.886064],[4.294604,50.886125],[4.294546,50.886203],[4.294457,50.886322],[4.294331,50.886473],[4.294199,50.886638],[4.294127,50.886753],[4.294023,50.886916],[4.293936,50.887079],[4.293914,50.887157],[4.293908,50.887315],[4.293917,50.887502],[4.293919,50.887621],[4.293912,50.887772],[4.293909,50.887884],[4.293892,50.887926],[4.29384,50.888561],[4.293761,50.889044],[4.29512,50.889326],[4.300573,50.890452],[4.300937,50.890562],[4.301012,50.890488],[4.301156,50.890419],[4.301404,50.890389],[4.30198,50.890396],[4.302334,50.890464],[4.302659,50.890511],[4.303019,50.890548],[4.303393,50.890566],[4.303768,50.890576],[4.30409,50.890616],[4.304376,50.890673],[4.304741,50.890748],[4.30509,50.890822],[4.305438,50.890894],[4.305776,50.890945],[4.306153,50.890955],[4.306921,50.890941],[4.307243,50.890958],[4.307428,50.890992],[4.307855,50.891154],[4.308196,50.891287],[4.309169,50.891655],[4.309698,50.891842],[4.310006,50.891947],[4.310333,50.892054],[4.310586,50.892127],[4.310955,50.89226],[4.311266,50.892372],[4.311586,50.892477],[4.311899,50.892598],[4.3122,50.892712],[4.312495,50.892827],[4.312796,50.892946],[4.313094,50.893067],[4.313396,50.89318],[4.313768,50.893311],[4.313798,50.893269],[4.314214,50.893173],[4.314811,50.893078],[4.315091,50.893045],[4.315372,50.893019],[4.315655,50.892999],[4.315866,50.892988],[4.316077,50.892985],[4.316289,50.89299],[4.316563,50.893002],[4.316836,50.893025],[4.317106,50.893056],[4.317291,50.893081],[4.317474,50.89311],[4.317656,50.893143],[4.318576,50.893314],[4.320144,50.893615],[4.321423,50.893858],[4.322017,50.89397],[4.322284,50.894018],[4.322554,50.894056],[4.322828,50.894084],[4.323066,50.894102],[4.323305,50.894113],[4.323545,50.894118],[4.323735,50.894117],[4.323926,50.894111],[4.324116,50.8941],[4.324298,50.894088],[4.324451,50.894075],[4.324659,50.894056],[4.324943,50.894029],[4.326268,50.893905],[4.32636,50.893896],[4.326437,50.893887],[4.326506,50.893881],[4.326568,50.893872],[4.326622,50.893864],[4.326683,50.893853],[4.326724,50.893844],[4.326779,50.893829],[4.326824,50.893816],[4.326891,50.893791],[4.326918,50.89378],[4.326956,50.893764],[4.327023,50.89373],[4.327095,50.893686],[4.327131,50.89366],[4.327188,50.893614],[4.327226,50.89358],[4.327318,50.893517],[4.327373,50.893485],[4.327432,50.893453],[4.327499,50.89342],[4.327586,50.893383],[4.327646,50.89336],[4.327645,50.893359],[4.32759,50.893282],[4.327189,50.892713],[4.327119,50.892615],[4.326575,50.891844],[4.326482,50.891712],[4.326081,50.891145],[4.327281,50.890952],[4.327448,50.890926],[4.328513,50.890755],[4.32868,50.890728],[4.329751,50.890557],[4.329801,50.890549],[4.329701,50.890163],[4.329944,50.890107],[4.32974,50.890022],[4.327573,50.889119],[4.327569,50.889116],[4.327566,50.889114],[4.327563,50.889112],[4.327561,50.889109],[4.32756,50.889106],[4.327559,50.889103],[4.32756,50.889093],[4.327559,50.889072],[4.327551,50.889029],[4.327535,50.888996],[4.327479,50.888922],[4.327525,50.888853],[4.327649,50.888669],[4.327696,50.8886],[4.327786,50.888465],[4.328011,50.888131],[4.328266,50.887747],[4.328389,50.887566],[4.328444,50.887483],[4.328605,50.887248],[4.328899,50.886808],[4.329137,50.886445],[4.329224,50.886319],[4.329303,50.886198],[4.329393,50.886061],[4.329461,50.885964],[4.329525,50.885868],[4.32958,50.885785],[4.32966,50.885662],[4.329793,50.885464],[4.329869,50.885352],[4.32999,50.885184],[4.330041,50.885151],[4.330052,50.885145],[4.330062,50.88514],[4.330074,50.885136],[4.330086,50.885132],[4.330094,50.88513],[4.330107,50.885127],[4.33012,50.885124],[4.330133,50.885123],[4.330151,50.885121],[4.330164,50.885121],[4.330193,50.885117],[4.330311,50.885137],[4.33045,50.885163],[4.330597,50.885195],[4.330768,50.885237],[4.331032,50.885309],[4.331197,50.885353],[4.331359,50.885398],[4.33152,50.885447],[4.331732,50.885514],[4.331886,50.885565],[4.332002,50.885602],[4.332206,50.885676],[4.332293,50.885708],[4.332403,50.885587],[4.332461,50.885604],[4.332514,50.88562],[4.332568,50.885636],[4.332612,50.88565],[4.332663,50.885666],[4.332721,50.885685],[4.332767,50.8857],[4.332812,50.885716],[4.332852,50.885729],[4.332887,50.885742],[4.332922,50.885755],[4.332956,50.885767],[4.332978,50.885775],[4.33301,50.885787],[4.333039,50.885798],[4.333064,50.885808],[4.33309,50.885818],[4.333122,50.88583],[4.333149,50.885841],[4.333174,50.885851],[4.333199,50.885861],[4.333229,50.885873],[4.333263,50.885888],[4.333283,50.885896],[4.333308,50.885907],[4.333334,50.885918],[4.333358,50.885929],[4.333384,50.88594],[4.333416,50.885955],[4.333447,50.885969],[4.333479,50.885983],[4.333505,50.885996],[4.333537,50.886011],[4.333769,50.886132],[4.333894,50.886205],[4.334062,50.886315],[4.334221,50.886423],[4.334316,50.886492],[4.334523,50.886654],[4.334691,50.886787],[4.336172,50.886898],[4.336695,50.886939],[4.337038,50.886965],[4.337058,50.886901],[4.33736,50.885915],[4.337394,50.885807],[4.33746,50.885596],[4.337682,50.88489],[4.338287,50.884834],[4.338333,50.88483],[4.338267,50.884551],[4.33782,50.88434],[4.337949,50.884117],[4.338391,50.88333],[4.338486,50.883161],[4.339076,50.882155],[4.339153,50.881996],[4.33923,50.881866],[4.339259,50.881813],[4.339292,50.881754],[4.339389,50.87902],[4.339392,50.878931],[4.339424,50.878035],[4.339429,50.877911],[4.339474,50.876648],[4.339476,50.876594],[4.339476,50.876593],[4.338362,50.876393],[4.338364,50.876389],[4.338475,50.876169],[4.338532,50.876057],[4.338759,50.875579],[4.338932,50.875196],[4.33917,50.874629],[4.339406,50.874029],[4.339493,50.873815],[4.339801,50.873061],[4.339851,50.872913],[4.33989,50.872782],[4.339971,50.872393],[4.33998,50.872355],[4.340085,50.871907],[4.34013,50.871789],[4.340213,50.871569],[4.340225,50.871495],[4.340523,50.871362]]]}},{"type":"Feature","properties":{"niscode":"21008","nameFr":"Ganshoren","nameDut":"Ganshoren","name":"Ganshoren","area":2437706.5443082,"naam":"Ganshoren","total_population":25564,"internal_in_num":1814,"internal_in_pct":0.0709591613206071,"internal_out_num":1935,"internal_out_pct":0.07569237990924738,"internal_balance_num":-121,"internal_balance_pct":-0.004733218588640275,"international_balance_num":151,"international_balance_pct":0.005906743858551088,"age_pct_65plus":0.1637,"age_pct_under3":0.0363,"age_pct_0_17":0.2334,"age_count_12_17":7948,"age_pct_18_24":0.0854,"age_pct_18_64":0.6029,"age_pct_30_44":0.2101,"age_pct_3_5":0.0395,"age_pct_45_64":0.2448,"age_pct_6_11":0.0782,"age_pct_65_79":0.1153,"age_pct_80plus":0.0485,"age_count_0_17":5996,"age_count_18_64":15490,"age_count_65plus":4207,"hq_qual_basic":0.000709,"hq_qual_normal":0.983689,"hq_qual_luxurious":0.000158,"hq_build_pre1900":0.009863,"hq_build_1900_1940":0.178949,"hq_build_1941_1960":0.216901,"hq_build_1961_1990":0.452896,"hq_build_1991_2010":0.113934,"hq_build_post2011":0.027458,"hq_renov_by1982":0.011662,"hq_renov_by1992":0.026791,"hq_renov_by2002":0.052715,"hq_renov_by2012":0.071468,"hq_renov_by2022":0.069734,"hq_type_closed":0.184777,"hq_type_halfopen":0.024269,"hq_type_open":0.001497,"fam_single_parent":0.1276,"fam_alone_under30":0.0415,"fam_alone_18_29":0.1238,"fam_alone_65plus_pct":0.4497,"fam_alone_65plus_hh":0.1668,"fam_couple_children":0.2643,"fam_couple_no_children":0.1524,"migbg_total":0.755,"migbg_belgian_with":0.526,"migbg_belgian_without":0.245,"nat_eu14_pct":0.0662,"nat_belgian_pct":0.7491,"pri_avg_dwelling":1068,"pri_avg_parcel":1420,"pri_std_dev":13879,"rc_per_ha":136402,"rc_total":14266956,"rc_pct_low":0.056828,"rc_pct_high":0.266279,"avg_net_income":33228,"zero_income_rate":0.09229,"avg_prof_income":32842,"tax_per_resident":3709,"bp_res_new_dwellings":10,"bp_res_apartments":7,"bp_res_houses":3,"bp_res_new_surface":1733,"bp_res_renovations":28,"bp_nonres_new":0,"bp_nonres_renov":0,"re_apt_median":220000,"re_apt_p25":195000,"re_apt_transactions":221,"re_house_median":384000,"re_house_transactions":58,"re_terraced_median":384000,"re_terraced_transactions":56,"re_detached_transactions":2,"hasData":true},"geometry":{"type":"Polygon","coordinates":[[[4.291528,50.875276],[4.291664,50.875263],[4.291831,50.875323],[4.291915,50.875346],[4.292014,50.875394],[4.292131,50.875516],[4.292171,50.875535],[4.292446,50.875535],[4.292497,50.875641],[4.292753,50.875654],[4.293051,50.87573],[4.293052,50.875845],[4.293222,50.875906],[4.293358,50.875978],[4.293455,50.876032],[4.2936,50.876119],[4.293697,50.876196],[4.293697,50.876237],[4.293698,50.876315],[4.293699,50.876354],[4.293664,50.876393],[4.293761,50.876433],[4.29397,50.876409],[4.293973,50.876409],[4.294024,50.876421],[4.29405,50.876466],[4.294136,50.876617],[4.294273,50.876654],[4.294367,50.876716],[4.294443,50.876757],[4.294574,50.876828],[4.294605,50.876902],[4.294427,50.876878],[4.294383,50.87691],[4.294417,50.876984],[4.294284,50.877133],[4.294421,50.877153],[4.294598,50.877221],[4.294789,50.877284],[4.294808,50.877382],[4.294875,50.877421],[4.294967,50.877445],[4.295089,50.87744],[4.295192,50.87748],[4.295266,50.877536],[4.295377,50.877536],[4.295495,50.877576],[4.295692,50.877642],[4.295711,50.877718],[4.295861,50.877728],[4.295975,50.87785],[4.296081,50.877872],[4.296153,50.877934],[4.296271,50.877991],[4.296424,50.878045],[4.296585,50.878114],[4.296694,50.878217],[4.29697,50.87829],[4.29705,50.878335],[4.297153,50.878362],[4.297197,50.878425],[4.297322,50.878481],[4.297479,50.878564],[4.297612,50.878609],[4.297665,50.878686],[4.297811,50.878728],[4.298027,50.878859],[4.298206,50.878978],[4.29828,50.879068],[4.298353,50.879128],[4.298388,50.879239],[4.298487,50.879306],[4.298492,50.879411],[4.298569,50.87946],[4.298611,50.879647],[4.298848,50.879763],[4.2989,50.879927],[4.298889,50.879949],[4.298862,50.88],[4.298859,50.880056],[4.298833,50.880144],[4.29883,50.880241],[4.29884,50.880364],[4.298833,50.880442],[4.298774,50.880513],[4.298739,50.880571],[4.298722,50.880654],[4.298645,50.880815],[4.298587,50.880926],[4.298576,50.880981],[4.298505,50.881177],[4.298418,50.881441],[4.298375,50.881595],[4.298305,50.881808],[4.29827,50.881918],[4.298229,50.882025],[4.298221,50.882054],[4.298205,50.8821],[4.298364,50.882086],[4.303674,50.881621],[4.304113,50.881582],[4.304505,50.881547],[4.30487,50.881512],[4.306013,50.881397],[4.306878,50.881271],[4.307909,50.881087],[4.308954,50.88088],[4.309432,50.880781],[4.310189,50.880615],[4.310584,50.880522],[4.311065,50.880405],[4.311751,50.880249],[4.312142,50.880157],[4.312541,50.880074],[4.312878,50.880017],[4.313081,50.87999],[4.313326,50.879963],[4.313573,50.879942],[4.313854,50.879925],[4.31412,50.879913],[4.314365,50.87991],[4.314622,50.879917],[4.314711,50.87992],[4.314963,50.879931],[4.315353,50.879941],[4.315667,50.87995],[4.315908,50.879957],[4.315933,50.879958],[4.317999,50.880111],[4.318885,50.880176],[4.319657,50.880237],[4.319674,50.880142],[4.319718,50.879897],[4.319524,50.879382],[4.31946,50.879041],[4.319384,50.878641],[4.319338,50.878469],[4.32032,50.878014],[4.320387,50.877981],[4.320434,50.877958],[4.320482,50.877937],[4.320527,50.877918],[4.320575,50.877897],[4.320624,50.877878],[4.320675,50.877858],[4.320715,50.877844],[4.320764,50.877826],[4.320815,50.877809],[4.320872,50.87779],[4.32093,50.877773],[4.320984,50.877757],[4.321032,50.877744],[4.321066,50.877735],[4.321098,50.877726],[4.32091,50.877436],[4.32089,50.877404],[4.320873,50.877377],[4.320858,50.87735],[4.320835,50.877307],[4.320817,50.877271],[4.320792,50.877215],[4.320771,50.877164],[4.320749,50.8771],[4.320733,50.877043],[4.320716,50.87697],[4.320707,50.876925],[4.320666,50.876676],[4.320415,50.875185],[4.321929,50.874443],[4.322056,50.874376],[4.322162,50.874311],[4.32226,50.874241],[4.322349,50.874166],[4.322426,50.87409],[4.322499,50.874005],[4.322534,50.873957],[4.322547,50.87394],[4.322652,50.873783],[4.322726,50.873669],[4.323327,50.872771],[4.32337,50.872706],[4.323134,50.872667],[4.322075,50.872491],[4.321943,50.872464],[4.32181,50.872437],[4.320829,50.872226],[4.320564,50.872168],[4.320601,50.872113],[4.320601,50.872112],[4.320648,50.872043],[4.321802,50.870318],[4.322049,50.869949],[4.322321,50.869543],[4.323623,50.867607],[4.323717,50.867468],[4.323815,50.867323],[4.324052,50.866968],[4.324175,50.867001],[4.324247,50.867021],[4.324378,50.867057],[4.324431,50.867071],[4.324433,50.867072],[4.324572,50.867108],[4.324648,50.867128],[4.324656,50.86713],[4.324662,50.867079],[4.324743,50.867097],[4.324847,50.86712],[4.324855,50.867077],[4.32486,50.867045],[4.324863,50.867025],[4.324872,50.866969],[4.324872,50.866968],[4.324877,50.866937],[4.324921,50.866948],[4.325021,50.866973],[4.325024,50.866969],[4.325034,50.866953],[4.325054,50.866924],[4.325085,50.866879],[4.325114,50.866836],[4.325131,50.86681],[4.325144,50.866792],[4.325146,50.866789],[4.325173,50.866748],[4.325178,50.86674],[4.325193,50.866717],[4.325201,50.866706],[4.325212,50.866689],[4.325222,50.866674],[4.325131,50.866643],[4.32544,50.86634],[4.326037,50.86576],[4.326144,50.865654],[4.32588,50.865541],[4.324822,50.865089],[4.324404,50.865313],[4.324306,50.865377],[4.323981,50.865602],[4.323377,50.865913],[4.323077,50.86605],[4.323012,50.866071],[4.322896,50.866104],[4.322776,50.866136],[4.322517,50.866186],[4.322265,50.866206],[4.322129,50.866225],[4.321923,50.866263],[4.321462,50.866378],[4.321345,50.866401],[4.32119,50.866425],[4.321128,50.866432],[4.321055,50.866437],[4.320867,50.866454],[4.320827,50.86646],[4.320692,50.866486],[4.320563,50.866507],[4.320458,50.866531],[4.320443,50.866536],[4.320324,50.866571],[4.320168,50.866601],[4.319763,50.866676],[4.319472,50.866696],[4.319471,50.866696],[4.319136,50.866751],[4.318895,50.8668],[4.318651,50.866855],[4.318085,50.866942],[4.31723,50.867073],[4.316641,50.867103],[4.316057,50.867177],[4.316027,50.86718],[4.31512,50.867201],[4.314999,50.867194],[4.314712,50.867174],[4.314594,50.867165],[4.314058,50.867136],[4.314045,50.867228],[4.314013,50.867458],[4.314012,50.86746],[4.313921,50.867474],[4.313856,50.867498],[4.313478,50.867641],[4.31317,50.867759],[4.312978,50.867817],[4.312777,50.867866],[4.31258,50.867911],[4.3124,50.867979],[4.312184,50.868061],[4.312014,50.868125],[4.312,50.86813],[4.311276,50.868403],[4.310328,50.868765],[4.31026,50.868801],[4.310128,50.868874],[4.309981,50.868956],[4.31008,50.869135],[4.308758,50.869324],[4.308577,50.869316],[4.308225,50.869301],[4.308193,50.8693],[4.307419,50.869263],[4.306334,50.869309],[4.305587,50.869241],[4.304765,50.869094],[4.304673,50.869103],[4.304468,50.869143],[4.303913,50.869305],[4.303784,50.86935],[4.303686,50.86939],[4.303033,50.869657],[4.301787,50.870149],[4.301012,50.870502],[4.300235,50.870884],[4.298578,50.871722],[4.297978,50.871933],[4.297199,50.872209],[4.296856,50.872471],[4.296791,50.87252],[4.296705,50.872594],[4.295982,50.873119],[4.294037,50.874077],[4.293534,50.874303],[4.293427,50.874375],[4.293151,50.874561],[4.292247,50.874916],[4.29179,50.875132],[4.291528,50.875276]]]}},{"type":"Feature","properties":{"niscode":"21012","nameFr":"Molenbeek-Saint-Jean","nameDut":"Sint-Jans-Molenbeek","name":"Sint-Jans-Molenbeek","area":6015726.21817811,"naam":"Sint-Jans-Molenbeek","total_population":98365,"internal_in_num":5872,"internal_in_pct":0.05969603009200427,"internal_out_num":7470,"internal_out_pct":0.07594164591063894,"internal_balance_num":-1598,"internal_balance_pct":-0.016245615818634675,"international_balance_num":1328,"international_balance_pct":0.013500737050780257,"age_pct_65plus":0.1167,"age_pct_under3":0.0399,"age_pct_0_17":0.2715,"age_count_12_17":9424,"age_pct_18_24":0.1013,"age_pct_18_64":0.6118,"age_pct_30_44":0.2109,"age_pct_3_5":0.044,"age_pct_45_64":0.2301,"age_pct_6_11":0.0933,"age_pct_65_79":0.0852,"age_pct_80plus":0.0315,"age_count_0_17":26800,"age_count_18_64":60392,"age_count_65plus":11521,"hq_qual_basic":0.002829,"hq_qual_normal":0.931902,"hq_qual_luxurious":0.000735,"hq_build_pre1900":0.081697,"hq_build_1900_1940":0.229881,"hq_build_1941_1960":0.09905,"hq_build_1961_1990":0.299266,"hq_build_1991_2010":0.168412,"hq_build_post2011":0.121695,"hq_renov_by1982":0.01165,"hq_renov_by1992":0.030875,"hq_renov_by2002":0.038783,"hq_renov_by2012":0.098394,"hq_renov_by2022":0.036466,"hq_type_closed":0.16197,"hq_type_halfopen":0.004299,"hq_type_open":0.001871,"fam_single_parent":0.1499,"fam_alone_under30":0.0565,"fam_alone_18_29":0.1318,"fam_alone_65plus_pct":0.3554,"fam_alone_65plus_hh":0.1041,"fam_couple_children":0.2927,"fam_couple_no_children":0.1213,"migbg_total":0.915,"migbg_belgian_with":0.633,"migbg_belgian_without":0.085,"nat_eu14_pct":0.0806,"nat_belgian_pct":0.7025,"pri_avg_dwelling":912,"pri_avg_parcel":1388,"pri_std_dev":11132,"rc_per_ha":169587,"rc_total":52224732,"rc_pct_low":0.086949,"rc_pct_high":0.23311,"avg_net_income":27773,"zero_income_rate":0.161863,"avg_prof_income":27597,"tax_per_resident":2217,"bp_res_new_dwellings":13,"bp_res_apartments":11,"bp_res_houses":2,"bp_res_new_surface":2274,"bp_res_renovations":45,"bp_nonres_new":1,"bp_nonres_renov":13,"re_apt_median":219000,"re_apt_p25":176000,"re_apt_transactions":797,"re_house_median":350000,"re_house_transactions":62,"re_terraced_median":350000,"re_terraced_transactions":61,"re_detached_transactions":1,"hasData":true},"geometry":{"type":"Polygon","coordinates":[[[4.289841,50.855866],[4.289854,50.85582],[4.289901,50.855748],[4.289929,50.855705],[4.290168,50.855334],[4.290169,50.855334],[4.290278,50.855354],[4.290387,50.855374],[4.290496,50.855394],[4.290605,50.855415],[4.290715,50.855435],[4.290964,50.855481],[4.291209,50.855526],[4.291802,50.855629],[4.291982,50.855667],[4.292104,50.855688],[4.292232,50.855714],[4.292289,50.855725],[4.292586,50.855775],[4.292768,50.855806],[4.292853,50.85582],[4.292945,50.855835],[4.293057,50.855856],[4.293172,50.855878],[4.293263,50.855896],[4.293338,50.855911],[4.293367,50.855917],[4.293386,50.855874],[4.293455,50.855724],[4.293558,50.8555],[4.29358,50.855453],[4.293589,50.855434],[4.294139,50.85538],[4.294395,50.855397],[4.294506,50.855401],[4.29465,50.855406],[4.294799,50.855411],[4.294899,50.855411],[4.295063,50.855411],[4.295114,50.85541],[4.29546,50.855405],[4.295656,50.855363],[4.295654,50.855381],[4.29564,50.855479],[4.295632,50.855532],[4.295708,50.855556],[4.295903,50.855618],[4.295928,50.855626],[4.295998,50.855651],[4.296018,50.855658],[4.296096,50.855683],[4.296102,50.855685],[4.296189,50.855714],[4.296229,50.855726],[4.296286,50.855745],[4.296363,50.85577],[4.296385,50.855777],[4.29645,50.855799],[4.296476,50.855807],[4.296537,50.855827],[4.296572,50.855839],[4.296673,50.855873],[4.29742,50.856233],[4.297706,50.856381],[4.297815,50.856433],[4.297954,50.856495],[4.298401,50.85666],[4.298563,50.856729],[4.298635,50.856757],[4.298754,50.856803],[4.298833,50.856833],[4.298911,50.856862],[4.298988,50.856892],[4.29899,50.856892],[4.299247,50.85699],[4.299431,50.85706],[4.300183,50.85722],[4.300927,50.857368],[4.301323,50.857447],[4.30178,50.85754],[4.301854,50.857557],[4.301993,50.857587],[4.302049,50.857599],[4.302223,50.857634],[4.30257,50.857708],[4.302694,50.857734],[4.303123,50.857825],[4.303166,50.857834],[4.303203,50.857842],[4.303226,50.857847],[4.30341,50.857885],[4.303494,50.857904],[4.303507,50.857907],[4.303572,50.857922],[4.303644,50.857939],[4.303715,50.857953],[4.303894,50.857988],[4.304087,50.858029],[4.304018,50.858205],[4.303999,50.858256],[4.303973,50.858324],[4.303967,50.858341],[4.304033,50.858407],[4.304097,50.85847],[4.304201,50.858572],[4.304035,50.858817],[4.304024,50.858834],[4.303991,50.858883],[4.303953,50.858939],[4.303916,50.858995],[4.303878,50.859051],[4.30384,50.859107],[4.303802,50.859163],[4.303765,50.859219],[4.303748,50.859244],[4.303724,50.859279],[4.30359,50.859478],[4.303562,50.85959],[4.30337,50.859853],[4.30318,50.85981],[4.303099,50.85979],[4.303028,50.859772],[4.302761,50.859711],[4.302678,50.859692],[4.302595,50.859673],[4.302534,50.859659],[4.302438,50.8598],[4.302371,50.8599],[4.302339,50.85995],[4.30232,50.859982],[4.302259,50.860073],[4.302225,50.860125],[4.302171,50.860207],[4.302669,50.860363],[4.302934,50.860495],[4.303091,50.860573],[4.303372,50.860542],[4.303493,50.860567],[4.303592,50.860588],[4.303653,50.860519],[4.303791,50.860365],[4.304109,50.860433],[4.30467,50.860553],[4.304788,50.860473],[4.305002,50.860338],[4.305123,50.860263],[4.305164,50.860255],[4.305204,50.860247],[4.305256,50.860318],[4.305216,50.860343],[4.305144,50.860388],[4.304963,50.860511],[4.304961,50.860512],[4.304886,50.86056],[4.304748,50.860649],[4.304685,50.860689],[4.304622,50.86073],[4.304559,50.86077],[4.304495,50.860812],[4.304367,50.860894],[4.304301,50.860936],[4.30402,50.861116],[4.303524,50.861274],[4.30448,50.861484],[4.304452,50.861537],[4.304378,50.861678],[4.304386,50.86168],[4.306025,50.86203],[4.306334,50.862097],[4.306477,50.862127],[4.306492,50.862151],[4.306524,50.862207],[4.30652,50.862255],[4.306432,50.862543],[4.306351,50.862806],[4.306217,50.863232],[4.306106,50.863593],[4.305921,50.864188],[4.30611,50.864211],[4.306128,50.86421],[4.306165,50.864208],[4.306192,50.864208],[4.306492,50.864194],[4.307042,50.864239],[4.307328,50.864263],[4.30742,50.864271],[4.307866,50.864343],[4.308528,50.864457],[4.308687,50.864486],[4.308698,50.864487],[4.308731,50.864494],[4.308844,50.864506],[4.308892,50.864506],[4.30898,50.864497],[4.30918,50.864501],[4.309323,50.864503],[4.309659,50.864483],[4.309856,50.864461],[4.310089,50.864436],[4.310426,50.864388],[4.310466,50.864511],[4.310471,50.864523],[4.310508,50.864613],[4.310581,50.864681],[4.310601,50.864699],[4.310816,50.864635],[4.310895,50.864614],[4.311235,50.864521],[4.311913,50.864321],[4.312234,50.864226],[4.312657,50.863869],[4.315368,50.861816],[4.315487,50.861715],[4.315675,50.861572],[4.316051,50.861285],[4.316119,50.861233],[4.316336,50.861279],[4.31703,50.861422],[4.317272,50.861476],[4.317505,50.861527],[4.321994,50.86248],[4.322211,50.862526],[4.322633,50.862154],[4.3233,50.862021],[4.324772,50.861663],[4.325366,50.861507],[4.326833,50.861145],[4.326929,50.861101],[4.327019,50.861023],[4.327381,50.860607],[4.327242,50.86045],[4.326896,50.860058],[4.326992,50.860002],[4.327123,50.859933],[4.326736,50.859382],[4.326117,50.8583],[4.325644,50.857234],[4.325488,50.856947],[4.325712,50.856912],[4.326482,50.856809],[4.326688,50.856791],[4.326868,50.856776],[4.32781,50.856781],[4.328035,50.856783],[4.328327,50.856785],[4.328847,50.856789],[4.32937,50.856824],[4.329881,50.856892],[4.329882,50.856892],[4.329883,50.856892],[4.330382,50.856957],[4.330867,50.857007],[4.331283,50.85704],[4.331586,50.857058],[4.332612,50.857105],[4.33277,50.857112],[4.332666,50.857243],[4.332601,50.857326],[4.332569,50.857368],[4.332506,50.857445],[4.332692,50.857528],[4.333248,50.857783],[4.333505,50.857897],[4.33372,50.857995],[4.334345,50.858277],[4.334503,50.858348],[4.334561,50.858293],[4.334605,50.858253],[4.33485,50.858356],[4.334916,50.858303],[4.334989,50.858231],[4.335035,50.858188],[4.335097,50.858212],[4.33614,50.858622],[4.336294,50.858681],[4.336849,50.85891],[4.33697,50.85897],[4.337688,50.859434],[4.337726,50.859466],[4.337727,50.859467],[4.337616,50.859526],[4.336619,50.860115],[4.336498,50.860194],[4.336179,50.860067],[4.33603,50.860199],[4.335801,50.860397],[4.335027,50.861029],[4.334952,50.861089],[4.334866,50.861344],[4.334865,50.861346],[4.334856,50.861375],[4.334834,50.861437],[4.334816,50.861491],[4.334851,50.861498],[4.334836,50.861527],[4.334857,50.861531],[4.334816,50.861618],[4.334841,50.861629],[4.334917,50.861735],[4.335049,50.861919],[4.334,50.862218],[4.334183,50.862345],[4.33303,50.863662],[4.33246,50.864338],[4.332367,50.864544],[4.340523,50.871362],[4.341392,50.870976],[4.341735,50.870825],[4.342747,50.869851],[4.343308,50.869316],[4.343587,50.869049],[4.343096,50.868419],[4.343405,50.86814],[4.34346,50.868087],[4.343506,50.868026],[4.343563,50.867932],[4.343612,50.867783],[4.343619,50.867729],[4.343614,50.867619],[4.3436,50.867526],[4.343575,50.867459],[4.343536,50.867395],[4.343265,50.867095],[4.343163,50.866945],[4.342991,50.866727],[4.342877,50.866584],[4.342146,50.865653],[4.341715,50.865115],[4.341687,50.865081],[4.341739,50.864962],[4.342836,50.864614],[4.343085,50.864535],[4.344784,50.863993],[4.344985,50.863929],[4.347503,50.863126],[4.348395,50.86285],[4.347106,50.861033],[4.345695,50.859596],[4.345658,50.859559],[4.345823,50.859489],[4.345748,50.859412],[4.34665,50.859029],[4.346543,50.858916],[4.343014,50.855202],[4.343013,50.855202],[4.342306,50.854487],[4.341409,50.853539],[4.341128,50.8533],[4.340861,50.85301],[4.340852,50.852987],[4.340815,50.852896],[4.338942,50.850905],[4.338524,50.850465],[4.338365,50.850177],[4.338077,50.849656],[4.337863,50.849475],[4.337842,50.849436],[4.337831,50.849414],[4.337797,50.849158],[4.337424,50.848495],[4.335474,50.848918],[4.335635,50.848146],[4.335386,50.848126],[4.335214,50.848116],[4.334907,50.848098],[4.33475,50.848085],[4.334608,50.848068],[4.334504,50.848046],[4.334227,50.847987],[4.334126,50.847965],[4.334028,50.847946],[4.33391,50.847921],[4.333845,50.847907],[4.333718,50.84788],[4.333513,50.847793],[4.33316,50.847516],[4.33288,50.84735],[4.332739,50.847257],[4.332624,50.847177],[4.332457,50.847031],[4.332239,50.846833],[4.332178,50.846752],[4.332114,50.846666],[4.332049,50.846565],[4.331977,50.846448],[4.331926,50.846362],[4.331882,50.846271],[4.331852,50.846209],[4.33183,50.846164],[4.331812,50.846125],[4.331786,50.846056],[4.33175,50.84596],[4.331702,50.845824],[4.331672,50.845742],[4.331614,50.845596],[4.331419,50.845134],[4.331225,50.844929],[4.33117,50.844876],[4.331168,50.844875],[4.330924,50.844574],[4.330877,50.844507],[4.330846,50.84447],[4.330725,50.84429],[4.330725,50.844282],[4.330727,50.844203],[4.330731,50.843972],[4.33054,50.843971],[4.330427,50.84403],[4.330316,50.844089],[4.330148,50.844131],[4.330033,50.844155],[4.329959,50.844192],[4.329776,50.844312],[4.329694,50.844337],[4.329621,50.844371],[4.32948,50.844452],[4.329349,50.844533],[4.329314,50.844542],[4.329253,50.844539],[4.329203,50.844535],[4.329154,50.844528],[4.328968,50.844455],[4.328899,50.844426],[4.328882,50.844419],[4.328741,50.844361],[4.328715,50.844351],[4.328609,50.844295],[4.328444,50.844207],[4.328367,50.844167],[4.328279,50.84412],[4.328206,50.844082],[4.328133,50.844043],[4.328079,50.844101],[4.328001,50.844185],[4.327937,50.844253],[4.327875,50.84432],[4.3278,50.8444],[4.327608,50.844606],[4.32753,50.844689],[4.327422,50.844806],[4.327338,50.844895],[4.32726,50.844979],[4.327248,50.844992],[4.327022,50.845051],[4.326553,50.845194],[4.326405,50.845237],[4.326086,50.845331],[4.325933,50.845377],[4.325726,50.845438],[4.325517,50.845497],[4.325076,50.845628],[4.324937,50.845668],[4.324817,50.845703],[4.3247,50.845738],[4.324604,50.845765],[4.324507,50.845794],[4.324391,50.845828],[4.324297,50.845856],[4.324183,50.845889],[4.324084,50.845918],[4.323168,50.846187],[4.322789,50.846303],[4.32127,50.846772],[4.320739,50.846934],[4.320343,50.847056],[4.320227,50.84709],[4.319914,50.847186],[4.319799,50.847221],[4.319364,50.847353],[4.319198,50.847405],[4.318672,50.847563],[4.31862,50.847579],[4.318426,50.847646],[4.31824,50.847703],[4.317903,50.847815],[4.31752,50.847936],[4.317328,50.847995],[4.317282,50.84801],[4.317211,50.848031],[4.317027,50.848089],[4.316936,50.848117],[4.316855,50.848143],[4.316736,50.84818],[4.316633,50.848213],[4.316505,50.848253],[4.316414,50.848282],[4.316335,50.848306],[4.315982,50.848428],[4.315971,50.848432],[4.315839,50.848464],[4.315217,50.848593],[4.315067,50.848628],[4.314939,50.848658],[4.314825,50.848685],[4.314724,50.848709],[4.314553,50.848749],[4.314382,50.848785],[4.314226,50.848818],[4.314116,50.848841],[4.313685,50.84893],[4.313654,50.848949],[4.313489,50.849052],[4.313074,50.849303],[4.312994,50.849354],[4.312829,50.849461],[4.312751,50.849512],[4.312664,50.849568],[4.312477,50.84969],[4.312315,50.849737],[4.312279,50.849748],[4.311524,50.849968],[4.31075,50.850194],[4.310718,50.850203],[4.310548,50.850237],[4.310423,50.850296],[4.310281,50.850318],[4.30963,50.850296],[4.309534,50.850255],[4.309476,50.850223],[4.309434,50.8502],[4.309406,50.850189],[4.309331,50.85016],[4.309256,50.850131],[4.309181,50.850102],[4.309093,50.850081],[4.309003,50.850059],[4.308855,50.85],[4.308501,50.849934],[4.308419,50.849904],[4.308364,50.849885],[4.308338,50.849876],[4.308297,50.849858],[4.308237,50.849832],[4.308153,50.849795],[4.30811,50.849849],[4.308035,50.849967],[4.307895,50.849901],[4.307821,50.849872],[4.307748,50.849835],[4.307691,50.849822],[4.307633,50.849811],[4.307594,50.849797],[4.307555,50.849781],[4.307425,50.849782],[4.307371,50.849783],[4.307342,50.849785],[4.307268,50.84979],[4.3072,50.849771],[4.307085,50.849738],[4.30704,50.849721],[4.306983,50.849697],[4.306926,50.849673],[4.306846,50.849634],[4.306779,50.8496],[4.306712,50.849565],[4.306633,50.849544],[4.306559,50.849514],[4.306402,50.849449],[4.306318,50.849415],[4.306233,50.84938],[4.306164,50.849353],[4.306089,50.849323],[4.306019,50.849296],[4.305946,50.849267],[4.305875,50.849239],[4.305801,50.84921],[4.305727,50.849181],[4.305683,50.849164],[4.305638,50.849146],[4.305565,50.849117],[4.305471,50.849078],[4.305425,50.849054],[4.305318,50.848997],[4.305251,50.848961],[4.305185,50.848926],[4.305117,50.84889],[4.305048,50.848857],[4.304979,50.848824],[4.304946,50.848805],[4.304882,50.848769],[4.30483,50.848736],[4.304726,50.848596],[4.30471,50.848584],[4.304403,50.848462],[4.304294,50.848383],[4.304176,50.84834],[4.303973,50.848266],[4.303901,50.848258],[4.303841,50.848249],[4.303751,50.848247],[4.303664,50.848238],[4.303581,50.848228],[4.303496,50.848219],[4.303418,50.84821],[4.303341,50.8482],[4.303237,50.848187],[4.303151,50.84818],[4.302949,50.848149],[4.302932,50.848148],[4.302838,50.848252],[4.302784,50.848316],[4.30272,50.848379],[4.302679,50.848415],[4.302641,50.848469],[4.30261,50.848511],[4.302565,50.848513],[4.302417,50.848518],[4.302294,50.84852],[4.302186,50.848515],[4.302167,50.848515],[4.302059,50.848523],[4.301977,50.848528],[4.301942,50.848531],[4.301891,50.848532],[4.30181,50.848531],[4.301722,50.848529],[4.301494,50.848527],[4.30139,50.848525],[4.301308,50.848524],[4.301223,50.848523],[4.301136,50.848522],[4.301053,50.848525],[4.301023,50.848526],[4.300951,50.848542],[4.300855,50.84857],[4.30081,50.848602],[4.300752,50.848663],[4.300723,50.84871],[4.30068,50.848785],[4.300562,50.848896],[4.300524,50.848927],[4.300477,50.848955],[4.300436,50.848973],[4.30038,50.848999],[4.300287,50.849041],[4.30014,50.849105],[4.300077,50.849132],[4.300055,50.849142],[4.300019,50.849154],[4.300004,50.849158],[4.299797,50.849188],[4.299733,50.84919],[4.299746,50.849105],[4.299748,50.849094],[4.299757,50.849041],[4.299769,50.848965],[4.299785,50.848866],[4.299805,50.848749],[4.299843,50.848524],[4.29987,50.848366],[4.299858,50.848231],[4.299844,50.848068],[4.299844,50.848065],[4.299827,50.847831],[4.299822,50.84776],[4.299817,50.847698],[4.299815,50.84766],[4.299816,50.847631],[4.299819,50.847562],[4.299822,50.847501],[4.299823,50.847482],[4.299828,50.847378],[4.299763,50.847376],[4.299679,50.847373],[4.299202,50.847373],[4.298597,50.847368],[4.298171,50.847369],[4.297884,50.847368],[4.297782,50.847368],[4.297501,50.847366],[4.297423,50.847366],[4.297193,50.847366],[4.297102,50.847366],[4.296985,50.847365],[4.296808,50.847367],[4.296769,50.84738],[4.296742,50.847389],[4.296714,50.847398],[4.296543,50.847435],[4.296351,50.847466],[4.296163,50.847492],[4.296127,50.847498],[4.295916,50.847524],[4.295908,50.847525],[4.29552,50.847557],[4.295429,50.847565],[4.295217,50.847597],[4.295113,50.847587],[4.295016,50.847577],[4.294858,50.847562],[4.29469,50.847546],[4.2946,50.847538],[4.29457,50.847513],[4.294501,50.847479],[4.294499,50.847478],[4.294462,50.847461],[4.294414,50.847439],[4.294308,50.84736],[4.294303,50.847356],[4.294267,50.847341],[4.294248,50.847366],[4.294191,50.847441],[4.294184,50.84745],[4.294171,50.847467],[4.29408,50.847583],[4.293971,50.847722],[4.29396,50.847738],[4.293926,50.847789],[4.29392,50.847797],[4.293868,50.847875],[4.293865,50.847879],[4.29381,50.847982],[4.293786,50.848123],[4.293745,50.848262],[4.293695,50.848478],[4.293624,50.848793],[4.293562,50.849085],[4.293539,50.849208],[4.293505,50.849434],[4.293468,50.849436],[4.292434,50.849474],[4.292384,50.848994],[4.292117,50.848993],[4.29199,50.848993],[4.291866,50.848986],[4.291529,50.848982],[4.291416,50.848997],[4.291248,50.849008],[4.291145,50.84901],[4.290924,50.849035],[4.290446,50.849062],[4.290617,50.84878],[4.290677,50.84868],[4.291045,50.848072],[4.291159,50.847883],[4.291195,50.847824],[4.291496,50.847327],[4.291499,50.847322],[4.291507,50.847309],[4.291613,50.847129],[4.291753,50.847005],[4.291809,50.846955],[4.291853,50.846917],[4.291866,50.846902],[4.291886,50.84688],[4.291886,50.846844],[4.291868,50.846814],[4.291889,50.846784],[4.291925,50.846733],[4.291961,50.846681],[4.292024,50.846597],[4.292091,50.846515],[4.292128,50.84647],[4.292281,50.846275],[4.292958,50.846292],[4.292959,50.846276],[4.29297,50.846132],[4.292976,50.846062],[4.293003,50.845738],[4.293023,50.845442],[4.293028,50.845361],[4.293033,50.845297],[4.292465,50.845208],[4.292196,50.845186],[4.291722,50.845223],[4.291573,50.845212],[4.291468,50.845207],[4.291313,50.845201],[4.291289,50.845197],[4.291223,50.845196],[4.29116,50.845199],[4.291152,50.845199],[4.29109,50.8452],[4.291018,50.845206],[4.290949,50.845212],[4.290861,50.845224],[4.290779,50.845235],[4.290604,50.845255],[4.290484,50.845269],[4.290271,50.845274],[4.290212,50.84528],[4.290108,50.845288],[4.290109,50.845286],[4.290075,50.84529],[4.289911,50.84531],[4.289678,50.84534],[4.289672,50.845341],[4.28944,50.845374],[4.289352,50.845386],[4.289165,50.845403],[4.289064,50.845412],[4.288962,50.845422],[4.288715,50.845432],[4.288589,50.84543],[4.288541,50.845426],[4.288329,50.845408],[4.288293,50.845408],[4.288031,50.84537],[4.287488,50.84531],[4.287112,50.845277],[4.286921,50.84524],[4.286607,50.84517],[4.286235,50.845143],[4.285977,50.845156],[4.285486,50.845182],[4.285441,50.845182],[4.285391,50.845186],[4.285306,50.845196],[4.285221,50.84521],[4.285044,50.845231],[4.284957,50.845246],[4.284866,50.845263],[4.284615,50.845297],[4.284605,50.845338],[4.284289,50.8454],[4.284484,50.845602],[4.284577,50.845698],[4.284593,50.845809],[4.284671,50.846365],[4.28464,50.846461],[4.284357,50.84662],[4.284161,50.846718],[4.283984,50.846789],[4.283504,50.84698],[4.2833,50.846992],[4.28325,50.846995],[4.2837,50.847748],[4.283722,50.847781],[4.283751,50.847823],[4.283809,50.847895],[4.283862,50.847953],[4.283933,50.848025],[4.283982,50.848069],[4.284033,50.848106],[4.284088,50.848139],[4.284153,50.84817],[4.284213,50.848193],[4.284286,50.848215],[4.284382,50.848242],[4.284489,50.848271],[4.284897,50.84838],[4.285014,50.848314],[4.285088,50.848275],[4.285166,50.848231],[4.285255,50.848184],[4.285316,50.848149],[4.285405,50.848101],[4.285446,50.848078],[4.285461,50.848069],[4.28575,50.847859],[4.285846,50.847818],[4.285878,50.847807],[4.285946,50.847789],[4.285979,50.847782],[4.286074,50.847768],[4.286099,50.847765],[4.286124,50.847764],[4.286183,50.847762],[4.286228,50.847762],[4.286279,50.847763],[4.286585,50.847788],[4.286637,50.847794],[4.286766,50.847809],[4.286854,50.847819],[4.286954,50.847833],[4.287057,50.84785],[4.287176,50.847874],[4.287315,50.847917],[4.28768,50.848052],[4.287867,50.848122],[4.288247,50.848267],[4.288045,50.848499],[4.288005,50.84855],[4.287976,50.848591],[4.287923,50.848671],[4.287851,50.8488],[4.2878,50.848891],[4.287748,50.848985],[4.28769,50.849088],[4.287546,50.849306],[4.287516,50.849377],[4.287464,50.849503],[4.287426,50.849594],[4.287406,50.849645],[4.287372,50.849727],[4.28735,50.84978],[4.287333,50.849821],[4.287253,50.849965],[4.2872,50.850052],[4.287118,50.850175],[4.287048,50.850282],[4.28697,50.850399],[4.286922,50.850476],[4.286847,50.850594],[4.286823,50.850633],[4.286763,50.850734],[4.286678,50.85088],[4.286626,50.850967],[4.286572,50.851061],[4.28655,50.851098],[4.286444,50.851281],[4.286429,50.8513],[4.286395,50.851342],[4.286365,50.851376],[4.286326,50.851416],[4.286297,50.851445],[4.286278,50.851463],[4.286222,50.851512],[4.286165,50.851561],[4.28611,50.851603],[4.286068,50.851635],[4.286048,50.851648],[4.285952,50.85171],[4.285906,50.851739],[4.285847,50.851774],[4.285739,50.851839],[4.285634,50.851903],[4.285573,50.851941],[4.285502,50.851985],[4.285465,50.852008],[4.285406,50.852047],[4.285295,50.852118],[4.28521,50.852171],[4.28512,50.852228],[4.285012,50.852298],[4.284923,50.852354],[4.284804,50.852431],[4.284697,50.852501],[4.284556,50.852587],[4.284381,50.852697],[4.284245,50.852785],[4.28417,50.852832],[4.284073,50.852891],[4.283988,50.852939],[4.283898,50.852989],[4.283828,50.853028],[4.283741,50.853075],[4.283621,50.853136],[4.283592,50.853149],[4.283542,50.853174],[4.283513,50.853188],[4.28345,50.85322],[4.283401,50.853243],[4.283349,50.85327],[4.283321,50.853283],[4.283249,50.853332],[4.283222,50.853358],[4.283207,50.853374],[4.283189,50.8534],[4.283115,50.853544],[4.283112,50.853591],[4.283116,50.853615],[4.283136,50.853665],[4.283149,50.853687],[4.283169,50.853713],[4.283196,50.85375],[4.283217,50.853772],[4.283254,50.853808],[4.283292,50.853841],[4.28338,50.85391],[4.283459,50.85396],[4.283502,50.853984],[4.283557,50.854013],[4.283661,50.854061],[4.283752,50.854102],[4.283798,50.854123],[4.283857,50.854149],[4.283938,50.854185],[4.284064,50.854242],[4.284303,50.854347],[4.284395,50.854385],[4.28448,50.854416],[4.284562,50.854442],[4.284647,50.854468],[4.28472,50.854487],[4.284829,50.85451],[4.284964,50.854536],[4.285034,50.854546],[4.285115,50.854556],[4.285212,50.854564],[4.285337,50.854566],[4.285482,50.854567],[4.285588,50.854568],[4.285738,50.85457],[4.285822,50.854573],[4.286055,50.854584],[4.286111,50.854586],[4.286171,50.85459],[4.286215,50.854594],[4.286268,50.8546],[4.286342,50.854612],[4.286411,50.854626],[4.286454,50.854636],[4.286587,50.854668],[4.286655,50.854686],[4.286715,50.854705],[4.286786,50.854731],[4.286841,50.854751],[4.286934,50.854785],[4.286972,50.854799],[4.287081,50.85484],[4.287201,50.854885],[4.287248,50.854902],[4.287502,50.854994],[4.287589,50.855025],[4.287654,50.855049],[4.287742,50.855081],[4.28789,50.855133],[4.287974,50.855163],[4.288048,50.855189],[4.28834,50.855294],[4.288586,50.855381],[4.288758,50.855441],[4.289081,50.855558],[4.289258,50.855621],[4.289528,50.85572],[4.289665,50.855796],[4.289698,50.855814],[4.289841,50.855866]]]}},{"type":"Feature","properties":{"niscode":"21003","nameFr":"Berchem-Sainte-Agathe","nameDut":"Sint-Agatha-Berchem","name":"Sint-Agatha-Berchem","area":2950130.66186684,"naam":"Sint-Agatha-Berchem","total_population":25787,"internal_in_num":1717,"internal_in_pct":0.06658393764299841,"internal_out_num":1923,"internal_out_pct":0.07457245899096444,"internal_balance_num":-206,"internal_balance_pct":-0.00798852134796603,"international_balance_num":154,"international_balance_pct":0.0059720013960522745,"age_pct_65plus":0.157,"age_pct_under3":0.0353,"age_pct_0_17":0.2423,"age_count_12_17":8321,"age_pct_18_24":0.0922,"age_pct_18_64":0.6007,"age_pct_30_44":0.1972,"age_pct_3_5":0.0394,"age_pct_45_64":0.2478,"age_pct_6_11":0.0844,"age_pct_65_79":0.1126,"age_pct_80plus":0.0443,"age_count_0_17":6252,"age_count_18_64":15501,"age_count_65plus":4050,"hq_qual_basic":0.000768,"hq_qual_normal":0.935561,"hq_qual_luxurious":0.001152,"hq_build_pre1900":0.008038,"hq_build_1900_1940":0.218693,"hq_build_1941_1960":0.164867,"hq_build_1961_1990":0.321144,"hq_build_1991_2010":0.180471,"hq_build_post2011":0.106785,"hq_renov_by1982":0.018049,"hq_renov_by1992":0.030415,"hq_renov_by2002":0.05576,"hq_renov_by2012":0.100845,"hq_renov_by2022":0.03894,"hq_type_closed":0.249232,"hq_type_halfopen":0.041014,"hq_type_open":0.009293,"fam_single_parent":0.1409,"fam_alone_under30":0.0272,"fam_alone_18_29":0.0687,"fam_alone_65plus_pct":0.341,"fam_alone_65plus_hh":0.1359,"fam_couple_children":0.3129,"fam_couple_no_children":0.1677,"migbg_total":0.752,"migbg_belgian_with":0.552,"migbg_belgian_without":0.248,"nat_eu14_pct":0.0662,"nat_belgian_pct":0.7855,"pri_avg_dwelling":1186,"pri_avg_parcel":1462,"pri_std_dev":14771,"rc_per_ha":110689,"rc_total":17366700,"rc_pct_low":0.050816,"rc_pct_high":0.254792,"avg_net_income":35041,"zero_income_rate":0.100123,"avg_prof_income":34560,"tax_per_resident":4002,"bp_res_new_dwellings":45,"bp_res_apartments":39,"bp_res_houses":6,"bp_res_new_surface":7244,"bp_res_renovations":36,"bp_nonres_new":2,"bp_nonres_renov":7,"re_apt_median":225000,"re_apt_p25":195000,"re_apt_transactions":150,"re_house_median":415000,"re_house_transactions":91,"re_terraced_median":420000,"re_terraced_transactions":85,"re_detached_transactions":6,"hasData":true},"geometry":{"type":"Polygon","coordinates":[[[4.289841,50.855866],[4.289677,50.856121],[4.289677,50.856121],[4.289359,50.856618],[4.288377,50.857574],[4.287529,50.856914],[4.287035,50.857598],[4.286972,50.857469],[4.286059,50.857727],[4.28581,50.857801],[4.284606,50.858147],[4.284517,50.858171],[4.284387,50.858207],[4.284291,50.858233],[4.284199,50.858258],[4.284011,50.858309],[4.284243,50.858496],[4.284201,50.858512],[4.283854,50.858649],[4.283449,50.858799],[4.28358,50.858936],[4.283702,50.85905],[4.283844,50.8592],[4.28389,50.85925],[4.283377,50.859433],[4.283138,50.859519],[4.282695,50.859678],[4.282654,50.859692],[4.282609,50.85962],[4.282596,50.859602],[4.282559,50.859547],[4.282479,50.859439],[4.282401,50.859336],[4.282326,50.859195],[4.282297,50.859205],[4.280337,50.859906],[4.280458,50.860039],[4.280509,50.860106],[4.28061,50.860313],[4.28066,50.860461],[4.280661,50.860501],[4.280662,50.860545],[4.280647,50.860611],[4.280646,50.860615],[4.280783,50.861461],[4.280738,50.861464],[4.280343,50.861488],[4.280329,50.861489],[4.28033,50.861503],[4.280326,50.861584],[4.280312,50.861704],[4.280311,50.861836],[4.280321,50.861916],[4.280328,50.861939],[4.280355,50.861973],[4.280395,50.862018],[4.280409,50.862041],[4.280415,50.862074],[4.280391,50.862184],[4.280368,50.862255],[4.280332,50.862301],[4.280303,50.862334],[4.280275,50.86235],[4.280237,50.862371],[4.280219,50.862386],[4.280226,50.862439],[4.280226,50.862472],[4.280193,50.862519],[4.280184,50.862564],[4.280165,50.86262],[4.280128,50.862694],[4.280041,50.862837],[4.280013,50.862896],[4.279953,50.863029],[4.279935,50.863089],[4.27992,50.863135],[4.279893,50.863192],[4.279814,50.863324],[4.279773,50.863401],[4.27976,50.863431],[4.279755,50.863485],[4.279752,50.863505],[4.279665,50.863691],[4.27961,50.863803],[4.279564,50.86388],[4.279528,50.863956],[4.279519,50.864001],[4.279495,50.864071],[4.279466,50.864116],[4.279457,50.864132],[4.279433,50.864157],[4.27943,50.864178],[4.279428,50.864213],[4.27942,50.86422],[4.279404,50.864222],[4.279382,50.864221],[4.279373,50.864225],[4.279365,50.864243],[4.279372,50.864267],[4.279363,50.86429],[4.279343,50.864308],[4.279319,50.864315],[4.279299,50.864351],[4.279313,50.864375],[4.279311,50.864412],[4.279295,50.864463],[4.279276,50.864511],[4.279277,50.864531],[4.279288,50.864555],[4.279294,50.86458],[4.279282,50.864614],[4.279246,50.864639],[4.279227,50.864657],[4.279212,50.864694],[4.279195,50.864761],[4.279201,50.86482],[4.279215,50.864853],[4.279261,50.864865],[4.279321,50.864892],[4.279348,50.864914],[4.279365,50.86494],[4.279399,50.864957],[4.279444,50.864974],[4.279466,50.864991],[4.27959,50.865122],[4.279631,50.865163],[4.279573,50.8652],[4.279541,50.865224],[4.27951,50.865254],[4.279488,50.865279],[4.279473,50.865305],[4.27946,50.865339],[4.279438,50.865374],[4.279418,50.865407],[4.279415,50.865412],[4.279353,50.865431],[4.279282,50.865448],[4.279262,50.865452],[4.279262,50.865709],[4.279557,50.866108],[4.279794,50.866448],[4.280055,50.866823],[4.280314,50.867071],[4.280537,50.867216],[4.280565,50.867225],[4.280605,50.86723],[4.280635,50.867226],[4.280679,50.867212],[4.280746,50.867184],[4.28084,50.867137],[4.280956,50.867086],[4.281012,50.86707],[4.281068,50.867053],[4.281126,50.867048],[4.281167,50.867051],[4.281199,50.867068],[4.281224,50.867092],[4.281236,50.867113],[4.281243,50.867145],[4.281248,50.867178],[4.281257,50.867199],[4.281283,50.86722],[4.281309,50.867233],[4.281353,50.867245],[4.281406,50.867256],[4.281496,50.867281],[4.28152,50.867289],[4.281564,50.867316],[4.281602,50.867342],[4.281673,50.867412],[4.281691,50.867426],[4.281751,50.867462],[4.281781,50.867488],[4.281827,50.867536],[4.28187,50.86759],[4.281913,50.867631],[4.281956,50.867657],[4.282005,50.867678],[4.282049,50.867695],[4.282077,50.867722],[4.282088,50.867747],[4.282114,50.867775],[4.282175,50.867809],[4.282223,50.867832],[4.282285,50.867854],[4.282353,50.867877],[4.282418,50.867903],[4.282451,50.867924],[4.28249,50.867958],[4.282527,50.867979],[4.282594,50.867997],[4.282649,50.868015],[4.28267,50.86803],[4.282695,50.868058],[4.282713,50.868084],[4.282739,50.868106],[4.282792,50.868132],[4.282861,50.868155],[4.282911,50.868177],[4.282959,50.868203],[4.283008,50.868251],[4.28304,50.868288],[4.28309,50.868322],[4.283163,50.868359],[4.283271,50.868408],[4.283324,50.868437],[4.283374,50.86848],[4.283425,50.868537],[4.283486,50.868602],[4.283562,50.868656],[4.283633,50.868702],[4.283694,50.868731],[4.283767,50.868763],[4.283817,50.868779],[4.283891,50.868781],[4.283922,50.868782],[4.283939,50.868793],[4.283934,50.86883],[4.283938,50.868846],[4.283959,50.86885],[4.283996,50.868847],[4.284023,50.868847],[4.28404,50.868858],[4.284036,50.868894],[4.284055,50.868946],[4.284101,50.868978],[4.284175,50.86902],[4.284223,50.869077],[4.284291,50.869161],[4.284351,50.869233],[4.284395,50.869293],[4.284418,50.86933],[4.284449,50.869387],[4.284487,50.869452],[4.284513,50.86948],[4.284544,50.869506],[4.284581,50.869523],[4.2846,50.869538],[4.284613,50.869556],[4.284633,50.869564],[4.284681,50.869576],[4.28472,50.869582],[4.284739,50.869595],[4.284779,50.869642],[4.284829,50.869698],[4.284901,50.869766],[4.284971,50.869819],[4.285067,50.869875],[4.285141,50.869925],[4.285183,50.869948],[4.28523,50.869967],[4.285284,50.869988],[4.285318,50.870007],[4.285353,50.870033],[4.285396,50.870082],[4.285423,50.870114],[4.285474,50.870166],[4.285492,50.87019],[4.285503,50.870215],[4.28548,50.870311],[4.285503,50.870387],[4.285509,50.870441],[4.285507,50.87047],[4.285493,50.870498],[4.28549,50.870512],[4.285496,50.87052],[4.285526,50.870525],[4.285552,50.870535],[4.285566,50.870552],[4.285573,50.870598],[4.285568,50.870653],[4.285559,50.870698],[4.285538,50.870732],[4.285502,50.870778],[4.285485,50.870808],[4.285479,50.870828],[4.285485,50.870839],[4.285503,50.870846],[4.285532,50.87085],[4.285557,50.870851],[4.285577,50.87086],[4.285596,50.87088],[4.285614,50.870909],[4.285636,50.870916],[4.285673,50.870926],[4.285692,50.870944],[4.285703,50.870961],[4.285735,50.870982],[4.285769,50.870997],[4.285784,50.871013],[4.285791,50.871054],[4.285804,50.871076],[4.285842,50.871104],[4.285885,50.871139],[4.285914,50.871172],[4.28592,50.871199],[4.285923,50.871226],[4.285946,50.871269],[4.285949,50.871295],[4.285942,50.871318],[4.2859,50.871336],[4.285861,50.871353],[4.285844,50.871372],[4.285854,50.871399],[4.285883,50.871427],[4.285946,50.871475],[4.28604,50.871534],[4.286116,50.871578],[4.286194,50.871618],[4.286251,50.871661],[4.2863,50.871712],[4.286346,50.871766],[4.286402,50.871835],[4.286462,50.871896],[4.28653,50.871958],[4.286575,50.871994],[4.286626,50.872033],[4.286674,50.872057],[4.286743,50.872081],[4.286784,50.872104],[4.286828,50.872115],[4.286902,50.872125],[4.28694,50.87214],[4.286965,50.872167],[4.286981,50.872216],[4.287001,50.872266],[4.287038,50.872285],[4.287108,50.872317],[4.287131,50.872342],[4.287148,50.872383],[4.287178,50.87241],[4.287242,50.872443],[4.287305,50.872484],[4.287373,50.872537],[4.287413,50.872578],[4.28745,50.872637],[4.28749,50.872678],[4.287528,50.872702],[4.287569,50.87272],[4.287609,50.872746],[4.287638,50.87279],[4.287709,50.872839],[4.287914,50.872979],[4.287993,50.873062],[4.28801,50.873138],[4.28805,50.87318],[4.288231,50.873267],[4.288273,50.873321],[4.288513,50.873396],[4.288626,50.873442],[4.28874,50.873488],[4.28879,50.873499],[4.288868,50.873488],[4.288892,50.873488],[4.28891,50.873482],[4.288972,50.873463],[4.289001,50.873455],[4.289012,50.873467],[4.289008,50.87348],[4.289013,50.8735],[4.289045,50.873531],[4.289047,50.873533],[4.289102,50.873568],[4.289136,50.873599],[4.289156,50.873612],[4.289183,50.873611],[4.289252,50.873605],[4.289258,50.873604],[4.289281,50.873605],[4.289311,50.873622],[4.289349,50.87364],[4.289455,50.873689],[4.289481,50.873698],[4.289506,50.873708],[4.289548,50.873711],[4.289618,50.873716],[4.289715,50.873742],[4.289744,50.873758],[4.289782,50.873784],[4.289828,50.873806],[4.289916,50.87384],[4.289976,50.873855],[4.290023,50.87388],[4.290043,50.873881],[4.290049,50.87389],[4.290057,50.873903],[4.290096,50.873932],[4.290143,50.873957],[4.29024,50.873963],[4.290248,50.873962],[4.290293,50.873955],[4.29033,50.873956],[4.29038,50.873981],[4.290409,50.874009],[4.290431,50.874028],[4.290437,50.874033],[4.290455,50.874051],[4.290493,50.874051],[4.290512,50.874054],[4.290625,50.874069],[4.29066,50.874077],[4.290724,50.874101],[4.290734,50.874116],[4.290739,50.874125],[4.290752,50.874147],[4.290785,50.87417],[4.290815,50.874185],[4.290935,50.874214],[4.29097,50.874215],[4.291002,50.874208],[4.291007,50.874207],[4.291053,50.874203],[4.291096,50.874209],[4.291121,50.874228],[4.291205,50.874291],[4.291233,50.874301],[4.291268,50.874308],[4.291317,50.874306],[4.291342,50.874308],[4.291428,50.874338],[4.291546,50.874396],[4.291567,50.874402],[4.291578,50.874415],[4.29158,50.874445],[4.2915,50.874479],[4.291476,50.8745],[4.291477,50.874525],[4.291513,50.874551],[4.291553,50.874558],[4.291592,50.874542],[4.291607,50.874531],[4.29165,50.874502],[4.291696,50.874507],[4.291749,50.874546],[4.291767,50.874567],[4.291761,50.874627],[4.291809,50.874778],[4.291845,50.8748],[4.29189,50.874799],[4.29199,50.874797],[4.292048,50.874888],[4.292039,50.874952],[4.292036,50.874955],[4.292026,50.874967],[4.292016,50.87497],[4.292001,50.874973],[4.291834,50.874997],[4.291792,50.875003],[4.291782,50.875008],[4.291775,50.875013],[4.291771,50.875017],[4.291771,50.875028],[4.291777,50.875049],[4.291784,50.875059],[4.291797,50.875076],[4.291799,50.875078],[4.291731,50.875124],[4.291702,50.875142],[4.291642,50.875169],[4.29154,50.875212],[4.291458,50.875228],[4.29143,50.875245],[4.291399,50.875289],[4.291528,50.875276],[4.29179,50.875132],[4.292247,50.874916],[4.293151,50.874561],[4.293427,50.874375],[4.293534,50.874303],[4.294037,50.874077],[4.295982,50.873119],[4.296705,50.872594],[4.296791,50.87252],[4.296856,50.872471],[4.297199,50.872209],[4.297978,50.871933],[4.298578,50.871722],[4.300235,50.870884],[4.301012,50.870502],[4.301787,50.870149],[4.303033,50.869657],[4.303686,50.86939],[4.303784,50.86935],[4.303913,50.869305],[4.304468,50.869143],[4.304673,50.869103],[4.304765,50.869094],[4.305587,50.869241],[4.306334,50.869309],[4.307419,50.869263],[4.308193,50.8693],[4.308225,50.869301],[4.308577,50.869316],[4.308758,50.869324],[4.31008,50.869135],[4.309981,50.868956],[4.310128,50.868874],[4.31026,50.868801],[4.310328,50.868765],[4.311276,50.868403],[4.312,50.86813],[4.312014,50.868125],[4.312184,50.868061],[4.3124,50.867979],[4.31258,50.867911],[4.312777,50.867866],[4.312978,50.867817],[4.31317,50.867759],[4.313478,50.867641],[4.313856,50.867498],[4.313921,50.867474],[4.314012,50.86746],[4.314013,50.867458],[4.314045,50.867228],[4.314058,50.867136],[4.312653,50.867057],[4.310142,50.866914],[4.309188,50.866859],[4.308959,50.866714],[4.308894,50.866614],[4.308595,50.866368],[4.308363,50.866206],[4.307891,50.865974],[4.307764,50.865922],[4.307558,50.865803],[4.307476,50.86576],[4.307326,50.86568],[4.307323,50.865677],[4.307218,50.865575],[4.307191,50.865445],[4.307188,50.865436],[4.307085,50.865139],[4.307032,50.865012],[4.306921,50.864927],[4.30696,50.864907],[4.306977,50.864697],[4.306996,50.864508],[4.307004,50.864461],[4.307023,50.864343],[4.307037,50.864267],[4.307042,50.864239],[4.306492,50.864194],[4.306192,50.864208],[4.306165,50.864208],[4.306128,50.86421],[4.30611,50.864211],[4.305921,50.864188],[4.306106,50.863593],[4.306217,50.863232],[4.306351,50.862806],[4.306432,50.862543],[4.30652,50.862255],[4.306524,50.862207],[4.306492,50.862151],[4.306477,50.862127],[4.306334,50.862097],[4.306025,50.86203],[4.304386,50.86168],[4.304378,50.861678],[4.304452,50.861537],[4.30448,50.861484],[4.303524,50.861274],[4.30402,50.861116],[4.304301,50.860936],[4.304367,50.860894],[4.304495,50.860812],[4.304559,50.86077],[4.304622,50.86073],[4.304685,50.860689],[4.304748,50.860649],[4.304886,50.86056],[4.304961,50.860512],[4.304963,50.860511],[4.305144,50.860388],[4.305216,50.860343],[4.305256,50.860318],[4.305204,50.860247],[4.305164,50.860255],[4.305123,50.860263],[4.305002,50.860338],[4.304788,50.860473],[4.30467,50.860553],[4.304109,50.860433],[4.303791,50.860365],[4.303653,50.860519],[4.303592,50.860588],[4.303493,50.860567],[4.303372,50.860542],[4.303091,50.860573],[4.302934,50.860495],[4.302669,50.860363],[4.302171,50.860207],[4.302225,50.860125],[4.302259,50.860073],[4.30232,50.859982],[4.302339,50.85995],[4.302371,50.8599],[4.302438,50.8598],[4.302534,50.859659],[4.302595,50.859673],[4.302678,50.859692],[4.302761,50.859711],[4.303028,50.859772],[4.303099,50.85979],[4.30318,50.85981],[4.30337,50.859853],[4.303562,50.85959],[4.30359,50.859478],[4.303724,50.859279],[4.303748,50.859244],[4.303765,50.859219],[4.303802,50.859163],[4.30384,50.859107],[4.303878,50.859051],[4.303916,50.858995],[4.303953,50.858939],[4.303991,50.858883],[4.304024,50.858834],[4.304035,50.858817],[4.304201,50.858572],[4.304097,50.85847],[4.304033,50.858407],[4.303967,50.858341],[4.303973,50.858324],[4.303999,50.858256],[4.304018,50.858205],[4.304087,50.858029],[4.303894,50.857988],[4.303715,50.857953],[4.303644,50.857939],[4.303572,50.857922],[4.303507,50.857907],[4.303494,50.857904],[4.30341,50.857885],[4.303226,50.857847],[4.303203,50.857842],[4.303166,50.857834],[4.303123,50.857825],[4.302694,50.857734],[4.30257,50.857708],[4.302223,50.857634],[4.302049,50.857599],[4.301993,50.857587],[4.301854,50.857557],[4.30178,50.85754],[4.301323,50.857447],[4.300927,50.857368],[4.300183,50.85722],[4.299431,50.85706],[4.299247,50.85699],[4.29899,50.856892],[4.298988,50.856892],[4.298911,50.856862],[4.298833,50.856833],[4.298754,50.856803],[4.298635,50.856757],[4.298563,50.856729],[4.298401,50.85666],[4.297954,50.856495],[4.297815,50.856433],[4.297706,50.856381],[4.29742,50.856233],[4.296673,50.855873],[4.296572,50.855839],[4.296537,50.855827],[4.296476,50.855807],[4.29645,50.855799],[4.296385,50.855777],[4.296363,50.85577],[4.296286,50.855745],[4.296229,50.855726],[4.296189,50.855714],[4.296102,50.855685],[4.296096,50.855683],[4.296018,50.855658],[4.295998,50.855651],[4.295928,50.855626],[4.295903,50.855618],[4.295708,50.855556],[4.295632,50.855532],[4.29564,50.855479],[4.295654,50.855381],[4.295656,50.855363],[4.29546,50.855405],[4.295114,50.85541],[4.295063,50.855411],[4.294899,50.855411],[4.294799,50.855411],[4.29465,50.855406],[4.294506,50.855401],[4.294395,50.855397],[4.294139,50.85538],[4.293589,50.855434],[4.29358,50.855453],[4.293558,50.8555],[4.293455,50.855724],[4.293386,50.855874],[4.293367,50.855917],[4.293338,50.855911],[4.293263,50.855896],[4.293172,50.855878],[4.293057,50.855856],[4.292945,50.855835],[4.292853,50.85582],[4.292768,50.855806],[4.292586,50.855775],[4.292289,50.855725],[4.292232,50.855714],[4.292104,50.855688],[4.291982,50.855667],[4.291802,50.855629],[4.291209,50.855526],[4.290964,50.855481],[4.290715,50.855435],[4.290605,50.855415],[4.290496,50.855394],[4.290387,50.855374],[4.290278,50.855354],[4.290169,50.855334],[4.290168,50.855334],[4.289929,50.855705],[4.289901,50.855748],[4.289854,50.85582],[4.289841,50.855866]]]}},{"type":"Feature","properties":{"niscode":"21013","nameFr":"Saint-Gilles","nameDut":"Sint-Gillis","name":"Sint-Gillis","area":2533846.59800959,"naam":"Sint-Gillis","total_population":49293,"internal_in_num":4331,"internal_in_pct":0.0878623739679062,"internal_out_num":5749,"internal_out_pct":0.11662913598279674,"internal_balance_num":-1418,"internal_balance_pct":-0.028766762014890552,"international_balance_num":879,"international_balance_pct":0.0178321465522488,"age_pct_65plus":0.1032,"age_pct_under3":0.0277,"age_pct_0_17":0.1624,"age_count_12_17":5466,"age_pct_18_24":0.0841,"age_pct_18_64":0.7344,"age_pct_30_44":0.2849,"age_pct_3_5":0.0275,"age_pct_45_64":0.2458,"age_pct_6_11":0.0525,"age_pct_65_79":0.0789,"age_pct_80plus":0.0243,"age_count_0_17":7928,"age_count_18_64":35859,"age_count_65plus":5040,"hq_qual_basic":0.002586,"hq_qual_normal":0.96588,"hq_qual_luxurious":0.000551,"hq_build_pre1900":0.073967,"hq_build_1900_1940":0.599864,"hq_build_1941_1960":0.053071,"hq_build_1961_1990":0.168702,"hq_build_1991_2010":0.054943,"hq_build_post2011":0.049453,"hq_renov_by1982":0.032255,"hq_renov_by1992":0.044038,"hq_renov_by2002":0.096766,"hq_renov_by2012":0.095155,"hq_renov_by2022":0.13326,"hq_type_closed":0.220786,"hq_type_halfopen":0.001907,"hq_type_open":0.000381,"fam_single_parent":0.0976,"fam_alone_under30":0.1043,"fam_alone_18_29":0.2695,"fam_alone_65plus_pct":0.4266,"fam_alone_65plus_hh":0.0836,"fam_couple_children":0.1503,"fam_couple_no_children":0.1337,"migbg_total":0.894,"migbg_belgian_with":0.413,"migbg_belgian_without":0.106,"nat_eu14_pct":0.293,"nat_belgian_pct":0.5064,"pri_avg_dwelling":823,"pri_avg_parcel":1407,"pri_std_dev":10231,"rc_per_ha":267317,"rc_total":38576446,"rc_pct_low":0.138557,"rc_pct_high":0.30582,"avg_net_income":30586,"zero_income_rate":0.166437,"avg_prof_income":30079,"tax_per_resident":3940,"bp_res_new_dwellings":0,"bp_res_apartments":0,"bp_res_houses":0,"bp_res_new_surface":11951,"bp_res_renovations":75,"bp_nonres_new":0,"bp_nonres_renov":7,"re_apt_median":297500,"re_apt_p25":210000,"re_apt_transactions":390,"re_house_median":550000,"re_house_transactions":34,"re_terraced_median":550000,"re_terraced_transactions":34,"hasData":true},"geometry":{"type":"MultiPolygon","coordinates":[[[[4.355896,50.823868],[4.355647,50.823711],[4.354824,50.823163],[4.354375,50.822828],[4.35411,50.822702],[4.353958,50.82257],[4.353899,50.822518],[4.353834,50.821495],[4.35367,50.820707],[4.353629,50.820582],[4.353603,50.820582],[4.35248,50.82057],[4.352162,50.820604],[4.351452,50.820658],[4.350978,50.820674],[4.350672,50.820696],[4.349979,50.820736],[4.349554,50.820759],[4.34931,50.820776],[4.348241,50.820831],[4.348012,50.820843],[4.347734,50.820919],[4.347583,50.820961],[4.347315,50.821034],[4.347137,50.821083],[4.347103,50.821092],[4.346962,50.821131],[4.346751,50.821189],[4.345294,50.821589],[4.345194,50.821524],[4.344792,50.821263],[4.344666,50.821206],[4.344631,50.821196],[4.344543,50.82112],[4.34447,50.821152],[4.344412,50.821182],[4.344345,50.821213],[4.344273,50.821249],[4.344195,50.821286],[4.344112,50.821325],[4.344039,50.82136],[4.343311,50.821711],[4.342941,50.82189],[4.34254,50.822094],[4.342446,50.822147],[4.342367,50.82219],[4.342104,50.822317],[4.341785,50.822473],[4.341454,50.822637],[4.341489,50.822702],[4.341465,50.82273],[4.341438,50.822762],[4.341421,50.822781],[4.341415,50.822789],[4.341398,50.822808],[4.341391,50.822816],[4.341292,50.822931],[4.341196,50.823044],[4.341104,50.823141],[4.341103,50.823142],[4.340896,50.823361],[4.340295,50.823995],[4.340149,50.824149],[4.340032,50.824273],[4.339719,50.824607],[4.339687,50.824635],[4.33964,50.824677],[4.339469,50.824828],[4.339432,50.824861],[4.339328,50.824953],[4.339293,50.824984],[4.339115,50.825095],[4.338946,50.825202],[4.338607,50.825401],[4.33839,50.825539],[4.338298,50.825598],[4.338075,50.82574],[4.337966,50.825801],[4.337792,50.825898],[4.337767,50.825912],[4.337628,50.82599],[4.337559,50.826021],[4.337488,50.826051],[4.337385,50.826126],[4.337326,50.826166],[4.337269,50.826206],[4.337223,50.826177],[4.337191,50.826198],[4.337126,50.826157],[4.337117,50.826163],[4.337109,50.826168],[4.337041,50.826207],[4.336989,50.826238],[4.336918,50.82628],[4.336852,50.826319],[4.33679,50.826356],[4.336729,50.826392],[4.336697,50.826411],[4.336666,50.826429],[4.336618,50.826458],[4.336602,50.826467],[4.336542,50.826503],[4.336479,50.82654],[4.33642,50.826574],[4.336358,50.826611],[4.336333,50.826626],[4.336296,50.826648],[4.33625,50.826675],[4.336244,50.826678],[4.336229,50.826688],[4.336171,50.826722],[4.336148,50.826736],[4.336064,50.826785],[4.335949,50.826853],[4.335806,50.82694],[4.335629,50.827107],[4.335243,50.827476],[4.335218,50.8275],[4.335186,50.827531],[4.335109,50.827602],[4.335071,50.827638],[4.33491,50.827786],[4.33481,50.827878],[4.334706,50.82798],[4.334277,50.828133],[4.333813,50.828285],[4.333627,50.828346],[4.33331,50.828453],[4.332519,50.828728],[4.332285,50.828811],[4.332123,50.828874],[4.332088,50.828888],[4.331854,50.828976],[4.331629,50.829019],[4.331194,50.829171],[4.331042,50.829221],[4.330809,50.829312],[4.330267,50.829525],[4.330008,50.829609],[4.329896,50.829645],[4.329335,50.829814],[4.325901,50.830547],[4.326002,50.830648],[4.326051,50.830692],[4.326109,50.830723],[4.326177,50.830749],[4.326357,50.830819],[4.326487,50.83086],[4.326982,50.830996],[4.327639,50.831103],[4.328245,50.831214],[4.328829,50.831318],[4.329272,50.831395],[4.329422,50.83143],[4.329516,50.831463],[4.329591,50.831497],[4.329649,50.831535],[4.329696,50.83157],[4.329996,50.831792],[4.330239,50.831971],[4.330291,50.832013],[4.330304,50.832024],[4.330346,50.832062],[4.330396,50.83211],[4.330461,50.832183],[4.330467,50.832189],[4.330513,50.832255],[4.330547,50.832316],[4.330568,50.832364],[4.330582,50.832409],[4.330602,50.832504],[4.330628,50.832623],[4.330681,50.832874],[4.3307,50.832949],[4.330718,50.833004],[4.330739,50.83305],[4.330762,50.833091],[4.330795,50.833141],[4.330834,50.833189],[4.330895,50.833257],[4.330963,50.833322],[4.331066,50.833409],[4.331575,50.833825],[4.332219,50.834327],[4.332196,50.83448],[4.332167,50.834704],[4.332163,50.834729],[4.332164,50.834795],[4.332164,50.834831],[4.332163,50.834861],[4.332169,50.834884],[4.332173,50.834896],[4.33219,50.834911],[4.332191,50.834915],[4.332197,50.83492],[4.332199,50.834928],[4.332211,50.834975],[4.332224,50.835024],[4.332232,50.83505],[4.332242,50.835087],[4.332312,50.835145],[4.332584,50.835277],[4.332678,50.835323],[4.332756,50.835426],[4.332751,50.835511],[4.3327,50.835657],[4.332675,50.835717],[4.332669,50.835779],[4.3327,50.835892],[4.33287,50.836032],[4.333016,50.836149],[4.333204,50.836473],[4.333395,50.836645],[4.333582,50.83671],[4.333684,50.836725],[4.334148,50.836982],[4.334204,50.837014],[4.334476,50.837169],[4.334801,50.837314],[4.335006,50.837532],[4.335155,50.837671],[4.335192,50.837706],[4.335348,50.837803],[4.33535,50.837804],[4.335456,50.837871],[4.335523,50.837913],[4.335676,50.83799],[4.335779,50.838048],[4.335859,50.838118],[4.335887,50.838147],[4.335948,50.838211],[4.335962,50.838303],[4.335962,50.838308],[4.335955,50.838418],[4.335952,50.838465],[4.335978,50.838524],[4.335979,50.838537],[4.335984,50.838786],[4.335984,50.838844],[4.336047,50.838937],[4.336629,50.839234],[4.336781,50.839309],[4.336964,50.839373],[4.337208,50.839462],[4.337238,50.839472],[4.337502,50.839557],[4.337748,50.839637],[4.337848,50.83967],[4.337874,50.839678],[4.337963,50.839711],[4.338117,50.839768],[4.338293,50.839855],[4.33831,50.839863],[4.338532,50.839987],[4.33863,50.840041],[4.338794,50.840132],[4.338838,50.840143],[4.338854,50.840147],[4.33889,50.840151],[4.33893,50.840156],[4.33902,50.840166],[4.339031,50.840167],[4.339144,50.840173],[4.339261,50.840178],[4.339383,50.840181],[4.339467,50.840183],[4.339479,50.840184],[4.339953,50.840228],[4.339994,50.840115],[4.340077,50.840127],[4.340298,50.840159],[4.340348,50.840018],[4.340498,50.8396],[4.341147,50.837811],[4.341296,50.837411],[4.341555,50.836695],[4.341951,50.835578],[4.342291,50.834638],[4.342412,50.834312],[4.342608,50.833762],[4.342717,50.833472],[4.342856,50.833089],[4.34288,50.83306],[4.342903,50.833037],[4.342932,50.833013],[4.342957,50.832995],[4.34298,50.832981],[4.342996,50.832972],[4.343884,50.832791],[4.344146,50.832737],[4.344614,50.832641],[4.344875,50.832615],[4.34497,50.832605],[4.345861,50.832714],[4.345952,50.832717],[4.347837,50.832775],[4.348107,50.832783],[4.348147,50.832787],[4.348239,50.832796],[4.348339,50.83281],[4.348456,50.832832],[4.348569,50.832858],[4.348672,50.832887],[4.348985,50.833007],[4.350012,50.833402],[4.351282,50.833933],[4.353515,50.83487],[4.354153,50.835134],[4.355166,50.835559],[4.355446,50.835289],[4.355481,50.835303],[4.355853,50.834944],[4.355958,50.834843],[4.356346,50.834465],[4.356394,50.83442],[4.356422,50.834394],[4.357115,50.833724],[4.35719,50.833652],[4.356925,50.832843],[4.35704,50.832811],[4.357604,50.832656],[4.35762,50.832264],[4.357667,50.832219],[4.358331,50.831876],[4.358112,50.831526],[4.358037,50.831408],[4.358008,50.831322],[4.35794,50.83113],[4.357906,50.831034],[4.358325,50.830628],[4.358265,50.830555],[4.358114,50.830372],[4.358348,50.830281],[4.358444,50.830244],[4.358343,50.830119],[4.35792,50.829593],[4.357673,50.829276],[4.357598,50.829196],[4.357134,50.828865],[4.357554,50.828634],[4.357602,50.828608],[4.357319,50.828397],[4.357002,50.828162],[4.358208,50.827467],[4.35827,50.827427],[4.358458,50.827316],[4.358548,50.827271],[4.358547,50.82725],[4.358535,50.827166],[4.358517,50.826901],[4.35848,50.826514],[4.358463,50.826345],[4.358425,50.825949],[4.358286,50.825602],[4.358351,50.825463],[4.358353,50.825424],[4.358351,50.825407],[4.358385,50.825238],[4.3584,50.825164],[4.358447,50.824941],[4.358154,50.825046],[4.35802,50.824955],[4.357705,50.824814],[4.357507,50.824725],[4.357208,50.824536],[4.357012,50.824446],[4.357226,50.824303],[4.357181,50.824287],[4.357096,50.824257],[4.357011,50.824228],[4.356928,50.824199],[4.35685,50.824175],[4.356569,50.824078],[4.356308,50.823999],[4.356072,50.823928],[4.355896,50.823868]]],[[[4.35631,50.834726],[4.355641,50.835371],[4.355676,50.835386],[4.355397,50.835656],[4.35596,50.83589],[4.356089,50.835766],[4.356515,50.835327],[4.356562,50.835278],[4.356646,50.835191],[4.356715,50.83512],[4.356764,50.835069],[4.356835,50.834996],[4.356866,50.834964],[4.356345,50.834742],[4.35631,50.834726]]]]}},{"type":"Feature","properties":{"niscode":"21007","nameFr":"Forest","nameDut":"Vorst","name":"Vorst","area":6292153.90099369,"naam":"Vorst","total_population":58044,"internal_in_num":4541,"internal_in_pct":0.07823375370408656,"internal_out_num":4793,"internal_out_pct":0.08257528771276962,"internal_balance_num":-252,"internal_balance_pct":-0.004341534008683068,"international_balance_num":635,"international_balance_pct":0.010939976569499,"age_pct_65plus":0.1293,"age_pct_under3":0.0338,"age_pct_0_17":0.2111,"age_count_12_17":7008,"age_pct_18_24":0.0808,"age_pct_18_64":0.6596,"age_pct_30_44":0.2562,"age_pct_3_5":0.0362,"age_pct_45_64":0.2471,"age_pct_6_11":0.071,"age_pct_65_79":0.0937,"age_pct_80plus":0.0356,"age_count_0_17":12386,"age_count_18_64":38703,"age_count_65plus":7586,"hq_qual_basic":0.000898,"hq_qual_normal":0.943385,"hq_qual_luxurious":0.000527,"hq_build_pre1900":0.032162,"hq_build_1900_1940":0.427986,"hq_build_1941_1960":0.122132,"hq_build_1961_1990":0.235333,"hq_build_1991_2010":0.048846,"hq_build_post2011":0.133541,"hq_renov_by1982":0.013101,"hq_renov_by1992":0.036329,"hq_renov_by2002":0.078729,"hq_renov_by2012":0.06919,"hq_renov_by2022":0.055531,"hq_type_closed":0.158975,"hq_type_halfopen":0.016229,"hq_type_open":0.00223,"fam_single_parent":0.1271,"fam_alone_under30":0.0585,"fam_alone_18_29":0.1752,"fam_alone_65plus_pct":0.4086,"fam_alone_65plus_hh":0.1129,"fam_couple_children":0.2249,"fam_couple_no_children":0.147,"migbg_total":0.81,"migbg_belgian_with":0.457,"migbg_belgian_without":0.19,"nat_eu14_pct":0.1939,"nat_belgian_pct":0.6395,"pri_avg_dwelling":1013,"pri_avg_parcel":1353,"pri_std_dev":10271,"rc_per_ha":127536,"rc_total":38788933,"rc_pct_low":0.107413,"rc_pct_high":0.222329,"avg_net_income":34130,"zero_income_rate":0.130238,"avg_prof_income":33438,"tax_per_resident":4302,"bp_res_new_dwellings":23,"bp_res_apartments":23,"bp_res_houses":0,"bp_res_new_surface":2259,"bp_res_renovations":62,"bp_nonres_new":1,"bp_nonres_renov":4,"re_apt_median":279500,"re_apt_p25":219500,"re_apt_transactions":600,"re_house_median":640000,"re_house_transactions":86,"re_terraced_median":650000,"re_terraced_transactions":83,"re_detached_transactions":3,"hasData":true},"geometry":{"type":"Polygon","coordinates":[[[4.339384,50.814958],[4.338193,50.8151],[4.338158,50.815107],[4.338035,50.81513],[4.337992,50.815139],[4.337751,50.815183],[4.337704,50.814996],[4.337604,50.814603],[4.337568,50.814448],[4.33756,50.814408],[4.33732,50.813945],[4.337169,50.813935],[4.336548,50.813735],[4.336289,50.81349],[4.335915,50.81324],[4.33587,50.81321],[4.335817,50.813201],[4.335777,50.813197],[4.335705,50.813191],[4.335471,50.813184],[4.335384,50.813173],[4.335284,50.81315],[4.335071,50.813077],[4.334982,50.813059],[4.334959,50.813055],[4.334834,50.812997],[4.334781,50.812972],[4.334786,50.812957],[4.334812,50.812901],[4.3349,50.812806],[4.335027,50.812667],[4.33506,50.812632],[4.335076,50.812614],[4.335096,50.812595],[4.335332,50.812377],[4.335376,50.812339],[4.335471,50.812255],[4.335571,50.812168],[4.335609,50.812135],[4.335672,50.81208],[4.335694,50.812063],[4.335713,50.812049],[4.33578,50.812],[4.335806,50.81198],[4.336055,50.811792],[4.336404,50.811613],[4.336408,50.81161],[4.336529,50.811535],[4.336595,50.811494],[4.336662,50.811451],[4.336732,50.811408],[4.336736,50.811406],[4.336751,50.811396],[4.336754,50.811394],[4.336925,50.811318],[4.337201,50.811194],[4.337267,50.811149],[4.337297,50.811116],[4.337311,50.811098],[4.337289,50.811045],[4.337262,50.81098],[4.33726,50.810974],[4.33723,50.810924],[4.337208,50.810887],[4.337205,50.810879],[4.337177,50.810819],[4.337175,50.810816],[4.337168,50.810803],[4.337153,50.810776],[4.337132,50.810738],[4.33713,50.810735],[4.337112,50.810702],[4.337087,50.810669],[4.337065,50.810641],[4.337044,50.810594],[4.337005,50.81051],[4.336959,50.810411],[4.33685,50.810176],[4.336817,50.810103],[4.336768,50.809998],[4.336659,50.809762],[4.336601,50.809635],[4.33658,50.80959],[4.336556,50.809539],[4.336502,50.809546],[4.336158,50.809589],[4.335954,50.809615],[4.335857,50.809627],[4.335833,50.80963],[4.335624,50.809636],[4.335181,50.809538],[4.335214,50.809439],[4.335533,50.808485],[4.334514,50.808304],[4.334042,50.808222],[4.333924,50.808202],[4.333794,50.808179],[4.333551,50.808137],[4.33351,50.80813],[4.333203,50.808076],[4.333012,50.808043],[4.332811,50.808008],[4.332762,50.808],[4.332691,50.807988],[4.332585,50.807969],[4.332499,50.807954],[4.33245,50.807946],[4.332433,50.807924],[4.332418,50.807904],[4.332389,50.807868],[4.332376,50.807852],[4.332358,50.80783],[4.332341,50.80781],[4.33231,50.807773],[4.332266,50.80772],[4.332248,50.807699],[4.332175,50.807612],[4.332166,50.8076],[4.332137,50.807566],[4.332114,50.807539],[4.332102,50.807525],[4.332062,50.807491],[4.331989,50.807429],[4.331972,50.807414],[4.33188,50.807336],[4.331853,50.807313],[4.331829,50.807292],[4.331771,50.80724],[4.331701,50.807177],[4.33166,50.807139],[4.331624,50.807106],[4.33149,50.806984],[4.331477,50.806972],[4.331425,50.806925],[4.331368,50.806872],[4.331332,50.80684],[4.331243,50.806759],[4.331225,50.806743],[4.331191,50.806712],[4.331144,50.806669],[4.331106,50.806634],[4.331065,50.806596],[4.331036,50.80657],[4.331017,50.806553],[4.331009,50.806545],[4.330986,50.806525],[4.330932,50.806475],[4.330879,50.806427],[4.330866,50.806415],[4.330823,50.806376],[4.330858,50.806327],[4.330728,50.80629],[4.330362,50.806253],[4.32927,50.80636],[4.32858,50.806518],[4.328461,50.806593],[4.328436,50.806604],[4.328268,50.806677],[4.328247,50.806659],[4.328191,50.806488],[4.328185,50.806471],[4.328117,50.806261],[4.327955,50.805763],[4.327926,50.805676],[4.327921,50.80566],[4.32782,50.805663],[4.327358,50.805677],[4.327273,50.805679],[4.327038,50.805659],[4.326787,50.805637],[4.326525,50.805614],[4.326495,50.805611],[4.326431,50.805605],[4.325088,50.805485],[4.324981,50.805475],[4.32498,50.805471],[4.324976,50.805455],[4.324945,50.805334],[4.324933,50.805284],[4.324924,50.805251],[4.324912,50.805206],[4.324824,50.804892],[4.324723,50.804518],[4.324317,50.803804],[4.323603,50.803125],[4.323515,50.803011],[4.323472,50.802956],[4.323303,50.802737],[4.322903,50.802219],[4.322551,50.801763],[4.322258,50.801383],[4.322146,50.801238],[4.322002,50.80105],[4.321955,50.80099],[4.321846,50.800848],[4.321791,50.800777],[4.321718,50.800682],[4.321706,50.800666],[4.319397,50.800154],[4.319374,50.800145],[4.319219,50.800087],[4.319092,50.800038],[4.318906,50.799967],[4.318809,50.799931],[4.318721,50.799998],[4.318693,50.800014],[4.318616,50.800008],[4.318575,50.799993],[4.31857,50.799991],[4.318539,50.799979],[4.318511,50.799961],[4.318468,50.799934],[4.318392,50.799899],[4.318367,50.79989],[4.318252,50.79986],[4.318177,50.799842],[4.318166,50.799839],[4.318162,50.799839],[4.318092,50.799828],[4.317987,50.799824],[4.31791,50.799822],[4.317851,50.799821],[4.317644,50.799843],[4.31744,50.79986],[4.317353,50.799863],[4.317262,50.799863],[4.317141,50.799857],[4.31706,50.799845],[4.31701,50.799834],[4.316949,50.799818],[4.316878,50.799789],[4.316773,50.799741],[4.316732,50.799721],[4.316712,50.79971],[4.316668,50.799686],[4.3164,50.799513],[4.316318,50.799437],[4.316324,50.799421],[4.316325,50.799419],[4.316286,50.799399],[4.316123,50.799317],[4.316027,50.799293],[4.315968,50.799278],[4.315898,50.799239],[4.315854,50.799215],[4.315639,50.799204],[4.315633,50.799204],[4.315557,50.799182],[4.315537,50.799176],[4.315502,50.799161],[4.315442,50.79913],[4.31539,50.799103],[4.315382,50.799101],[4.315353,50.799094],[4.315304,50.799081],[4.31516,50.799062],[4.315147,50.799065],[4.315118,50.799095],[4.315113,50.7991],[4.314961,50.79906],[4.314706,50.798979],[4.314399,50.798885],[4.31404,50.798775],[4.313973,50.798755],[4.313907,50.798735],[4.313572,50.798636],[4.313194,50.798534],[4.312511,50.798271],[4.312343,50.7982],[4.312215,50.798146],[4.311971,50.798026],[4.311824,50.797966],[4.31182,50.797912],[4.311817,50.797844],[4.311809,50.797713],[4.311804,50.797626],[4.311798,50.797511],[4.311774,50.797523],[4.311701,50.797542],[4.311553,50.797554],[4.311434,50.797621],[4.311285,50.797592],[4.311174,50.797602],[4.311076,50.797611],[4.311021,50.797621],[4.310845,50.797651],[4.31079,50.79767],[4.310713,50.797806],[4.310757,50.797905],[4.310714,50.797931],[4.310283,50.79799],[4.31001,50.798027],[4.309962,50.798033],[4.308878,50.798175],[4.308439,50.798228],[4.306805,50.79844],[4.305378,50.798626],[4.305145,50.798632],[4.304945,50.798751],[4.304506,50.799309],[4.304196,50.799971],[4.304189,50.79999],[4.304201,50.799995],[4.304263,50.800028],[4.304304,50.800204],[4.304277,50.800377],[4.304219,50.800577],[4.303946,50.801106],[4.303896,50.8012],[4.303876,50.801229],[4.303614,50.801629],[4.303504,50.801859],[4.303466,50.801943],[4.30343,50.802024],[4.303374,50.802149],[4.303368,50.802161],[4.303181,50.802268],[4.302996,50.802373],[4.302965,50.802425],[4.302737,50.802714],[4.302643,50.802822],[4.302424,50.803073],[4.302285,50.803257],[4.302209,50.803377],[4.302154,50.803498],[4.302094,50.803648],[4.302054,50.803805],[4.302024,50.804045],[4.302027,50.804156],[4.302052,50.804222],[4.302271,50.804525],[4.302466,50.804742],[4.30264,50.804935],[4.302647,50.804933],[4.303038,50.805351],[4.303065,50.805482],[4.303094,50.805852],[4.303099,50.805906],[4.303175,50.806597],[4.303317,50.807171],[4.303382,50.807295],[4.303434,50.807342],[4.303999,50.808256],[4.304153,50.808693],[4.304338,50.809057],[4.304433,50.809153],[4.304507,50.809182],[4.304587,50.809187],[4.304677,50.809185],[4.305302,50.809176],[4.305452,50.809203],[4.305503,50.809319],[4.305621,50.809949],[4.305651,50.810089],[4.305684,50.810243],[4.305727,50.810446],[4.305723,50.810526],[4.305672,50.810657],[4.305633,50.810727],[4.305615,50.81076],[4.305658,50.810972],[4.305751,50.811265],[4.305762,50.811263],[4.306022,50.81168],[4.306357,50.812275],[4.306452,50.812442],[4.306743,50.812413],[4.307565,50.812333],[4.308346,50.812264],[4.30841,50.812461],[4.308484,50.812527],[4.308533,50.812548],[4.309633,50.813008],[4.309745,50.813102],[4.309808,50.813155],[4.310073,50.813377],[4.31034,50.813651],[4.310406,50.813779],[4.310626,50.814105],[4.310673,50.814198],[4.31068,50.814221],[4.310682,50.81425],[4.310678,50.814282],[4.310656,50.81434],[4.310651,50.814349],[4.310649,50.814351],[4.310612,50.814399],[4.310582,50.814434],[4.310536,50.814475],[4.310524,50.814484],[4.310461,50.814514],[4.310403,50.814536],[4.310371,50.814548],[4.31036,50.814556],[4.310323,50.81458],[4.310236,50.814644],[4.310212,50.814687],[4.310186,50.814728],[4.31017,50.814752],[4.310083,50.81487],[4.310035,50.814934],[4.310019,50.814956],[4.309969,50.815016],[4.310043,50.815083],[4.310063,50.815102],[4.31012,50.815167],[4.310142,50.815194],[4.310183,50.815244],[4.310207,50.815285],[4.310219,50.815342],[4.310225,50.815401],[4.31,50.815486],[4.309227,50.815815],[4.308657,50.816053],[4.308501,50.816129],[4.308192,50.816279],[4.308108,50.816319],[4.308122,50.816402],[4.308191,50.816589],[4.308256,50.816776],[4.30809,50.816928],[4.308041,50.816977],[4.308034,50.816994],[4.308004,50.817067],[4.30799,50.817095],[4.307958,50.817145],[4.307954,50.817163],[4.307987,50.817195],[4.308022,50.817212],[4.308084,50.817217],[4.308144,50.817231],[4.308308,50.817288],[4.308574,50.817445],[4.308581,50.817449],[4.30884,50.817604],[4.308862,50.817614],[4.308929,50.817645],[4.308997,50.817677],[4.309204,50.817738],[4.309511,50.817805],[4.30977,50.817862],[4.309907,50.817915],[4.309988,50.817966],[4.310257,50.818133],[4.310391,50.818317],[4.310406,50.818337],[4.310686,50.818769],[4.310742,50.818879],[4.310761,50.818925],[4.310761,50.818926],[4.310774,50.818973],[4.310769,50.819103],[4.31073,50.819426],[4.3107,50.819659],[4.310687,50.819787],[4.310691,50.81986],[4.310693,50.81987],[4.310695,50.819884],[4.310701,50.819922],[4.310752,50.819973],[4.310765,50.819985],[4.310813,50.819997],[4.310828,50.819999],[4.310893,50.820004],[4.310923,50.820006],[4.311222,50.820031],[4.311312,50.820036],[4.311498,50.82005],[4.312004,50.820088],[4.31236,50.820109],[4.312607,50.820142],[4.312751,50.82018],[4.312809,50.820199],[4.312949,50.820263],[4.312957,50.820271],[4.31298,50.820292],[4.313029,50.820347],[4.313084,50.820439],[4.31313,50.820517],[4.313151,50.820554],[4.313256,50.820687],[4.313352,50.820762],[4.313431,50.82081],[4.313519,50.820851],[4.313579,50.82088],[4.31365,50.820901],[4.313675,50.820909],[4.313864,50.820937],[4.314059,50.820958],[4.314213,50.820975],[4.314403,50.821008],[4.314433,50.821014],[4.314664,50.82108],[4.314895,50.821159],[4.315069,50.821221],[4.315464,50.821353],[4.315769,50.821476],[4.315802,50.821489],[4.315932,50.821541],[4.316016,50.821583],[4.316104,50.821627],[4.316219,50.821651],[4.316376,50.821684],[4.316494,50.82172],[4.316865,50.821847],[4.316994,50.821893],[4.317166,50.821962],[4.317482,50.822084],[4.317837,50.822217],[4.317978,50.822274],[4.318082,50.822317],[4.318122,50.822346],[4.318259,50.822457],[4.318301,50.822502],[4.318556,50.822759],[4.318564,50.822767],[4.318765,50.822965],[4.318811,50.82301],[4.31912,50.823459],[4.319131,50.823462],[4.319149,50.823465],[4.319177,50.823467],[4.319236,50.823469],[4.319334,50.823472],[4.319339,50.823499],[4.319342,50.823545],[4.319322,50.823615],[4.319325,50.823707],[4.319396,50.823801],[4.319437,50.823828],[4.319479,50.823855],[4.319537,50.823891],[4.319593,50.823922],[4.319722,50.823978],[4.319781,50.824004],[4.3198,50.824012],[4.319924,50.824062],[4.319984,50.824086],[4.320028,50.824098],[4.32014,50.824132],[4.320217,50.824161],[4.320274,50.824183],[4.320375,50.824223],[4.320385,50.824226],[4.320401,50.824236],[4.32042,50.824248],[4.320509,50.824306],[4.320736,50.824458],[4.320863,50.824547],[4.320946,50.82461],[4.321008,50.824678],[4.321064,50.824766],[4.32105,50.824927],[4.321092,50.825188],[4.321105,50.82528],[4.321124,50.825332],[4.321161,50.825407],[4.321234,50.825508],[4.321272,50.82556],[4.321371,50.825695],[4.321409,50.825754],[4.321505,50.825911],[4.321567,50.826023],[4.321543,50.826161],[4.321534,50.826216],[4.32152,50.826318],[4.321504,50.8265],[4.321543,50.82655],[4.32166,50.826677],[4.321783,50.826807],[4.321864,50.826877],[4.321933,50.82693],[4.322099,50.827044],[4.322456,50.827288],[4.322504,50.827322],[4.322555,50.827369],[4.322663,50.827467],[4.322718,50.827524],[4.322821,50.827616],[4.322884,50.827672],[4.322934,50.82771],[4.323052,50.827797],[4.323265,50.827932],[4.323388,50.828003],[4.323538,50.828136],[4.323607,50.828231],[4.323675,50.828333],[4.323741,50.828434],[4.323791,50.828541],[4.323825,50.828605],[4.323868,50.82864],[4.323915,50.828667],[4.323958,50.828683],[4.324009,50.8287],[4.324078,50.828706],[4.324109,50.828708],[4.324182,50.82871],[4.324368,50.828677],[4.324501,50.828659],[4.324614,50.828674],[4.324639,50.828675],[4.324749,50.828678],[4.324805,50.828689],[4.324859,50.8287],[4.324918,50.828725],[4.324999,50.82876],[4.325086,50.828853],[4.325187,50.82903],[4.325259,50.829148],[4.325337,50.829339],[4.32543,50.829615],[4.32548,50.82971],[4.325533,50.82983],[4.325662,50.830116],[4.325731,50.830252],[4.325856,50.830502],[4.325901,50.830547],[4.329335,50.829814],[4.329896,50.829645],[4.330008,50.829609],[4.330267,50.829525],[4.330809,50.829312],[4.331042,50.829221],[4.331194,50.829171],[4.331629,50.829019],[4.331854,50.828976],[4.332088,50.828888],[4.332123,50.828874],[4.332285,50.828811],[4.332519,50.828728],[4.33331,50.828453],[4.333627,50.828346],[4.333813,50.828285],[4.334277,50.828133],[4.334706,50.82798],[4.33481,50.827878],[4.33491,50.827786],[4.335071,50.827638],[4.335109,50.827602],[4.335186,50.827531],[4.335218,50.8275],[4.335243,50.827476],[4.335629,50.827107],[4.335806,50.82694],[4.335949,50.826853],[4.336064,50.826785],[4.336148,50.826736],[4.336171,50.826722],[4.336229,50.826688],[4.336244,50.826678],[4.33625,50.826675],[4.336296,50.826648],[4.336333,50.826626],[4.336358,50.826611],[4.33642,50.826574],[4.336479,50.82654],[4.336542,50.826503],[4.336602,50.826467],[4.336618,50.826458],[4.336666,50.826429],[4.336697,50.826411],[4.336729,50.826392],[4.33679,50.826356],[4.336852,50.826319],[4.336918,50.82628],[4.336989,50.826238],[4.337041,50.826207],[4.337109,50.826168],[4.337117,50.826163],[4.337126,50.826157],[4.337191,50.826198],[4.337223,50.826177],[4.337269,50.826206],[4.337326,50.826166],[4.337385,50.826126],[4.337488,50.826051],[4.337559,50.826021],[4.337628,50.82599],[4.337767,50.825912],[4.337792,50.825898],[4.337966,50.825801],[4.338075,50.82574],[4.338298,50.825598],[4.33839,50.825539],[4.338607,50.825401],[4.338946,50.825202],[4.339115,50.825095],[4.339293,50.824984],[4.339328,50.824953],[4.339432,50.824861],[4.339469,50.824828],[4.33964,50.824677],[4.339687,50.824635],[4.339719,50.824607],[4.340032,50.824273],[4.340149,50.824149],[4.340295,50.823995],[4.340896,50.823361],[4.341103,50.823142],[4.341104,50.823141],[4.341196,50.823044],[4.341292,50.822931],[4.341391,50.822816],[4.341398,50.822808],[4.341415,50.822789],[4.341421,50.822781],[4.341438,50.822762],[4.341465,50.82273],[4.341489,50.822702],[4.341454,50.822637],[4.341785,50.822473],[4.342104,50.822317],[4.342367,50.82219],[4.342446,50.822147],[4.34254,50.822094],[4.342941,50.82189],[4.343311,50.821711],[4.344039,50.82136],[4.344112,50.821325],[4.344195,50.821286],[4.344273,50.821249],[4.344345,50.821213],[4.344412,50.821182],[4.34447,50.821152],[4.344543,50.82112],[4.344631,50.821196],[4.344666,50.821206],[4.344792,50.821263],[4.345194,50.821524],[4.345294,50.821589],[4.346751,50.821189],[4.346962,50.821131],[4.347103,50.821092],[4.347137,50.821083],[4.347315,50.821034],[4.347583,50.820961],[4.347734,50.820919],[4.348012,50.820843],[4.348241,50.820831],[4.34931,50.820776],[4.349554,50.820759],[4.349979,50.820736],[4.350672,50.820696],[4.350978,50.820674],[4.351452,50.820658],[4.352162,50.820604],[4.35248,50.82057],[4.353603,50.820582],[4.353576,50.820538],[4.353346,50.820173],[4.353094,50.820236],[4.352311,50.819005],[4.352394,50.818984],[4.35223,50.818725],[4.352228,50.818725],[4.352195,50.818672],[4.351898,50.818336],[4.351854,50.818199],[4.351632,50.817954],[4.351737,50.817927],[4.351669,50.81785],[4.351607,50.817781],[4.351463,50.817618],[4.351419,50.817564],[4.351254,50.817312],[4.351053,50.817359],[4.351038,50.816986],[4.350958,50.816854],[4.350945,50.816561],[4.350866,50.816418],[4.35057,50.816476],[4.35046,50.816026],[4.350417,50.815848],[4.350345,50.815693],[4.349491,50.815858],[4.349191,50.815914],[4.347291,50.816134],[4.347824,50.814749],[4.34794,50.814767],[4.347921,50.814289],[4.347711,50.81428],[4.347284,50.81426],[4.346115,50.814209],[4.34601,50.814196],[4.345604,50.814153],[4.34545,50.814135],[4.345305,50.814118],[4.345239,50.81411],[4.345106,50.814095],[4.345052,50.814089],[4.344964,50.814127],[4.344896,50.814122],[4.344833,50.814117],[4.344811,50.814101],[4.344755,50.814061],[4.344413,50.814046],[4.344066,50.814027],[4.343973,50.814041],[4.343917,50.814049],[4.343879,50.814055],[4.343815,50.814064],[4.343787,50.814068],[4.343718,50.814083],[4.343656,50.814097],[4.343605,50.814112],[4.343597,50.814114],[4.343539,50.814141],[4.343506,50.814156],[4.343495,50.81416],[4.343394,50.814201],[4.34339,50.814203],[4.343316,50.814235],[4.343281,50.81425],[4.343276,50.814252],[4.34327,50.814255],[4.343232,50.814264],[4.343178,50.814277],[4.343175,50.814278],[4.343062,50.81429],[4.34306,50.81429],[4.343039,50.814292],[4.343039,50.814314],[4.343036,50.814453],[4.343035,50.814545],[4.343004,50.814606],[4.34295,50.814637],[4.342912,50.814654],[4.342768,50.814691],[4.342763,50.814692],[4.342652,50.814717],[4.342551,50.814739],[4.342461,50.814759],[4.342433,50.814765],[4.342407,50.814769],[4.342282,50.814784],[4.342129,50.814803],[4.342011,50.814818],[4.342,50.814837],[4.341989,50.814839],[4.341857,50.814869],[4.341842,50.814873],[4.341742,50.814896],[4.341738,50.814897],[4.341634,50.814921],[4.341602,50.814928],[4.341444,50.814964],[4.3413,50.814997],[4.3412,50.815024],[4.34105,50.815064],[4.340994,50.815102],[4.340805,50.815109],[4.340698,50.81496],[4.339645,50.815058],[4.339489,50.814998],[4.339384,50.814958]]]}},{"type":"Feature","properties":{"niscode":"21001","nameFr":"Anderlecht","nameDut":"Anderlecht","name":"Anderlecht","area":17914389.6762021,"naam":"Anderlecht","total_population":126581,"internal_in_num":7925,"internal_in_pct":0.06260813234213665,"internal_out_num":8729,"internal_out_pct":0.06895979649394458,"internal_balance_num":-804,"internal_balance_pct":-0.006351664151807933,"international_balance_num":2216,"international_balance_pct":0.017506576816425846,"age_pct_65plus":0.1214,"age_pct_under3":0.0389,"age_pct_0_17":0.2534,"age_count_12_17":8553,"age_pct_18_24":0.1026,"age_pct_18_64":0.6252,"age_pct_30_44":0.2163,"age_pct_3_5":0.0416,"age_pct_45_64":0.2352,"age_pct_6_11":0.0874,"age_pct_65_79":0.0864,"age_pct_80plus":0.035,"age_count_0_17":32622,"age_count_18_64":80473,"age_count_65plus":15629,"hq_qual_basic":0.001187,"hq_qual_normal":0.916473,"hq_qual_luxurious":0.0015,"hq_build_pre1900":0.0536,"hq_build_1900_1940":0.268307,"hq_build_1941_1960":0.140321,"hq_build_1961_1990":0.243006,"hq_build_1991_2010":0.093383,"hq_build_post2011":0.201383,"hq_renov_by1982":0.019254,"hq_renov_by1992":0.027414,"hq_renov_by2002":0.051926,"hq_renov_by2012":0.072598,"hq_renov_by2022":0.115952,"hq_type_closed":0.206551,"hq_type_halfopen":0.026161,"hq_type_open":0.006412,"fam_single_parent":0.134,"fam_alone_under30":0.0788,"fam_alone_18_29":0.1942,"fam_alone_65plus_pct":0.3906,"fam_alone_65plus_hh":0.1109,"fam_couple_children":0.2642,"fam_couple_no_children":0.1267,"migbg_total":0.889,"migbg_belgian_with":0.562,"migbg_belgian_without":0.111,"nat_eu14_pct":0.1009,"nat_belgian_pct":0.6511,"pri_avg_dwelling":893,"pri_avg_parcel":1285,"pri_std_dev":16195,"rc_per_ha":106138,"rc_total":81147190,"rc_pct_low":0.10616,"rc_pct_high":0.233689,"avg_net_income":28258,"zero_income_rate":0.150726,"avg_prof_income":27995,"tax_per_resident":2458,"bp_res_new_dwellings":304,"bp_res_apartments":297,"bp_res_houses":7,"bp_res_new_surface":57440,"bp_res_renovations":93,"bp_nonres_new":6,"bp_nonres_renov":12,"re_apt_median":210000,"re_apt_p25":170000,"re_apt_transactions":928,"re_house_median":341000,"re_house_transactions":201,"re_terraced_median":340000,"re_terraced_transactions":193,"re_detached_transactions":8,"hasData":true},"geometry":{"type":"Polygon","coordinates":[[[4.284615,50.845297],[4.284866,50.845263],[4.284957,50.845246],[4.285044,50.845231],[4.285221,50.84521],[4.285306,50.845196],[4.285391,50.845186],[4.285441,50.845182],[4.285486,50.845182],[4.285977,50.845156],[4.286235,50.845143],[4.286607,50.84517],[4.286921,50.84524],[4.287112,50.845277],[4.287488,50.84531],[4.288031,50.84537],[4.288293,50.845408],[4.288329,50.845408],[4.288541,50.845426],[4.288589,50.84543],[4.288715,50.845432],[4.288962,50.845422],[4.289064,50.845412],[4.289165,50.845403],[4.289352,50.845386],[4.28944,50.845374],[4.289672,50.845341],[4.289678,50.84534],[4.289911,50.84531],[4.290075,50.84529],[4.290109,50.845286],[4.290108,50.845288],[4.290212,50.84528],[4.290271,50.845274],[4.290484,50.845269],[4.290604,50.845255],[4.290779,50.845235],[4.290861,50.845224],[4.290949,50.845212],[4.291018,50.845206],[4.29109,50.8452],[4.291152,50.845199],[4.29116,50.845199],[4.291223,50.845196],[4.291289,50.845197],[4.291313,50.845201],[4.291468,50.845207],[4.291573,50.845212],[4.291722,50.845223],[4.292196,50.845186],[4.292465,50.845208],[4.293033,50.845297],[4.293028,50.845361],[4.293023,50.845442],[4.293003,50.845738],[4.292976,50.846062],[4.29297,50.846132],[4.292959,50.846276],[4.292958,50.846292],[4.292281,50.846275],[4.292128,50.84647],[4.292091,50.846515],[4.292024,50.846597],[4.291961,50.846681],[4.291925,50.846733],[4.291889,50.846784],[4.291868,50.846814],[4.291886,50.846844],[4.291886,50.84688],[4.291866,50.846902],[4.291853,50.846917],[4.291809,50.846955],[4.291753,50.847005],[4.291613,50.847129],[4.291507,50.847309],[4.291499,50.847322],[4.291496,50.847327],[4.291195,50.847824],[4.291159,50.847883],[4.291045,50.848072],[4.290677,50.84868],[4.290617,50.84878],[4.290446,50.849062],[4.290924,50.849035],[4.291145,50.84901],[4.291248,50.849008],[4.291416,50.848997],[4.291529,50.848982],[4.291866,50.848986],[4.29199,50.848993],[4.292117,50.848993],[4.292384,50.848994],[4.292434,50.849474],[4.293468,50.849436],[4.293505,50.849434],[4.293539,50.849208],[4.293562,50.849085],[4.293624,50.848793],[4.293695,50.848478],[4.293745,50.848262],[4.293786,50.848123],[4.29381,50.847982],[4.293865,50.847879],[4.293868,50.847875],[4.29392,50.847797],[4.293926,50.847789],[4.29396,50.847738],[4.293971,50.847722],[4.29408,50.847583],[4.294171,50.847467],[4.294184,50.84745],[4.294191,50.847441],[4.294248,50.847366],[4.294267,50.847341],[4.294303,50.847356],[4.294308,50.84736],[4.294414,50.847439],[4.294462,50.847461],[4.294499,50.847478],[4.294501,50.847479],[4.29457,50.847513],[4.2946,50.847538],[4.29469,50.847546],[4.294858,50.847562],[4.295016,50.847577],[4.295113,50.847587],[4.295217,50.847597],[4.295429,50.847565],[4.29552,50.847557],[4.295908,50.847525],[4.295916,50.847524],[4.296127,50.847498],[4.296163,50.847492],[4.296351,50.847466],[4.296543,50.847435],[4.296714,50.847398],[4.296742,50.847389],[4.296769,50.84738],[4.296808,50.847367],[4.296985,50.847365],[4.297102,50.847366],[4.297193,50.847366],[4.297423,50.847366],[4.297501,50.847366],[4.297782,50.847368],[4.297884,50.847368],[4.298171,50.847369],[4.298597,50.847368],[4.299202,50.847373],[4.299679,50.847373],[4.299763,50.847376],[4.299828,50.847378],[4.299823,50.847482],[4.299822,50.847501],[4.299819,50.847562],[4.299816,50.847631],[4.299815,50.84766],[4.299817,50.847698],[4.299822,50.84776],[4.299827,50.847831],[4.299844,50.848065],[4.299844,50.848068],[4.299858,50.848231],[4.29987,50.848366],[4.299843,50.848524],[4.299805,50.848749],[4.299785,50.848866],[4.299769,50.848965],[4.299757,50.849041],[4.299748,50.849094],[4.299746,50.849105],[4.299733,50.84919],[4.299797,50.849188],[4.300004,50.849158],[4.300019,50.849154],[4.300055,50.849142],[4.300077,50.849132],[4.30014,50.849105],[4.300287,50.849041],[4.30038,50.848999],[4.300436,50.848973],[4.300477,50.848955],[4.300524,50.848927],[4.300562,50.848896],[4.30068,50.848785],[4.300723,50.84871],[4.300752,50.848663],[4.30081,50.848602],[4.300855,50.84857],[4.300951,50.848542],[4.301023,50.848526],[4.301053,50.848525],[4.301136,50.848522],[4.301223,50.848523],[4.301308,50.848524],[4.30139,50.848525],[4.301494,50.848527],[4.301722,50.848529],[4.30181,50.848531],[4.301891,50.848532],[4.301942,50.848531],[4.301977,50.848528],[4.302059,50.848523],[4.302167,50.848515],[4.302186,50.848515],[4.302294,50.84852],[4.302417,50.848518],[4.302565,50.848513],[4.30261,50.848511],[4.302641,50.848469],[4.302679,50.848415],[4.30272,50.848379],[4.302784,50.848316],[4.302838,50.848252],[4.302932,50.848148],[4.302949,50.848149],[4.303151,50.84818],[4.303237,50.848187],[4.303341,50.8482],[4.303418,50.84821],[4.303496,50.848219],[4.303581,50.848228],[4.303664,50.848238],[4.303751,50.848247],[4.303841,50.848249],[4.303901,50.848258],[4.303973,50.848266],[4.304176,50.84834],[4.304294,50.848383],[4.304403,50.848462],[4.30471,50.848584],[4.304726,50.848596],[4.30483,50.848736],[4.304882,50.848769],[4.304946,50.848805],[4.304979,50.848824],[4.305048,50.848857],[4.305117,50.84889],[4.305185,50.848926],[4.305251,50.848961],[4.305318,50.848997],[4.305425,50.849054],[4.305471,50.849078],[4.305565,50.849117],[4.305638,50.849146],[4.305683,50.849164],[4.305727,50.849181],[4.305801,50.84921],[4.305875,50.849239],[4.305946,50.849267],[4.306019,50.849296],[4.306089,50.849323],[4.306164,50.849353],[4.306233,50.84938],[4.306318,50.849415],[4.306402,50.849449],[4.306559,50.849514],[4.306633,50.849544],[4.306712,50.849565],[4.306779,50.8496],[4.306846,50.849634],[4.306926,50.849673],[4.306983,50.849697],[4.30704,50.849721],[4.307085,50.849738],[4.3072,50.849771],[4.307268,50.84979],[4.307342,50.849785],[4.307371,50.849783],[4.307425,50.849782],[4.307555,50.849781],[4.307594,50.849797],[4.307633,50.849811],[4.307691,50.849822],[4.307748,50.849835],[4.307821,50.849872],[4.307895,50.849901],[4.308035,50.849967],[4.30811,50.849849],[4.308153,50.849795],[4.308237,50.849832],[4.308297,50.849858],[4.308338,50.849876],[4.308364,50.849885],[4.308419,50.849904],[4.308501,50.849934],[4.308855,50.85],[4.309003,50.850059],[4.309093,50.850081],[4.309181,50.850102],[4.309256,50.850131],[4.309331,50.85016],[4.309406,50.850189],[4.309434,50.8502],[4.309476,50.850223],[4.309534,50.850255],[4.30963,50.850296],[4.310281,50.850318],[4.310423,50.850296],[4.310548,50.850237],[4.310718,50.850203],[4.31075,50.850194],[4.311524,50.849968],[4.312279,50.849748],[4.312315,50.849737],[4.312477,50.84969],[4.312664,50.849568],[4.312751,50.849512],[4.312829,50.849461],[4.312994,50.849354],[4.313074,50.849303],[4.313489,50.849052],[4.313654,50.848949],[4.313685,50.84893],[4.314116,50.848841],[4.314226,50.848818],[4.314382,50.848785],[4.314553,50.848749],[4.314724,50.848709],[4.314825,50.848685],[4.314939,50.848658],[4.315067,50.848628],[4.315217,50.848593],[4.315839,50.848464],[4.315971,50.848432],[4.315982,50.848428],[4.316335,50.848306],[4.316414,50.848282],[4.316505,50.848253],[4.316633,50.848213],[4.316736,50.84818],[4.316855,50.848143],[4.316936,50.848117],[4.317027,50.848089],[4.317211,50.848031],[4.317282,50.84801],[4.317328,50.847995],[4.31752,50.847936],[4.317903,50.847815],[4.31824,50.847703],[4.318426,50.847646],[4.31862,50.847579],[4.318672,50.847563],[4.319198,50.847405],[4.319364,50.847353],[4.319799,50.847221],[4.319914,50.847186],[4.320227,50.84709],[4.320343,50.847056],[4.320739,50.846934],[4.32127,50.846772],[4.322789,50.846303],[4.323168,50.846187],[4.324084,50.845918],[4.324183,50.845889],[4.324297,50.845856],[4.324391,50.845828],[4.324507,50.845794],[4.324604,50.845765],[4.3247,50.845738],[4.324817,50.845703],[4.324937,50.845668],[4.325076,50.845628],[4.325517,50.845497],[4.325726,50.845438],[4.325933,50.845377],[4.326086,50.845331],[4.326405,50.845237],[4.326553,50.845194],[4.327022,50.845051],[4.327248,50.844992],[4.32726,50.844979],[4.327338,50.844895],[4.327422,50.844806],[4.32753,50.844689],[4.327608,50.844606],[4.3278,50.8444],[4.327875,50.84432],[4.327937,50.844253],[4.328001,50.844185],[4.328079,50.844101],[4.328133,50.844043],[4.328206,50.844082],[4.328279,50.84412],[4.328367,50.844167],[4.328444,50.844207],[4.328609,50.844295],[4.328715,50.844351],[4.328741,50.844361],[4.328882,50.844419],[4.328899,50.844426],[4.328968,50.844455],[4.329154,50.844528],[4.329203,50.844535],[4.329253,50.844539],[4.329314,50.844542],[4.329349,50.844533],[4.32948,50.844452],[4.329621,50.844371],[4.329694,50.844337],[4.329776,50.844312],[4.329959,50.844192],[4.330033,50.844155],[4.330148,50.844131],[4.330316,50.844089],[4.330427,50.84403],[4.33054,50.843971],[4.330731,50.843972],[4.330727,50.844203],[4.330725,50.844282],[4.330725,50.84429],[4.330846,50.84447],[4.330877,50.844507],[4.330924,50.844574],[4.331168,50.844875],[4.33117,50.844876],[4.331225,50.844929],[4.331419,50.845134],[4.331614,50.845596],[4.331672,50.845742],[4.331702,50.845824],[4.33175,50.84596],[4.331786,50.846056],[4.331812,50.846125],[4.33183,50.846164],[4.331852,50.846209],[4.331882,50.846271],[4.331926,50.846362],[4.331977,50.846448],[4.332049,50.846565],[4.332114,50.846666],[4.332178,50.846752],[4.332239,50.846833],[4.332457,50.847031],[4.332624,50.847177],[4.332739,50.847257],[4.33288,50.84735],[4.33316,50.847516],[4.333513,50.847793],[4.333718,50.84788],[4.333845,50.847907],[4.33391,50.847921],[4.334028,50.847946],[4.334126,50.847965],[4.334227,50.847987],[4.334504,50.848046],[4.334608,50.848068],[4.33475,50.848085],[4.334907,50.848098],[4.335214,50.848116],[4.335386,50.848126],[4.335635,50.848146],[4.336006,50.8464],[4.336565,50.846415],[4.337482,50.846439],[4.337821,50.846448],[4.337878,50.846449],[4.337916,50.846288],[4.337938,50.846181],[4.337952,50.846118],[4.337969,50.846034],[4.338015,50.845818],[4.338043,50.845729],[4.338283,50.84497],[4.338313,50.844879],[4.338335,50.84481],[4.338377,50.844714],[4.33841,50.844638],[4.338419,50.844616],[4.338666,50.843949],[4.338698,50.843863],[4.338975,50.843124],[4.339065,50.842887],[4.339108,50.842764],[4.339117,50.842742],[4.339138,50.842689],[4.339159,50.842635],[4.33918,50.842582],[4.339201,50.842529],[4.339222,50.842475],[4.339243,50.842422],[4.339264,50.842369],[4.339285,50.842316],[4.339306,50.842263],[4.339327,50.842209],[4.339348,50.842157],[4.339369,50.842104],[4.33939,50.842051],[4.339411,50.841999],[4.339432,50.841946],[4.339453,50.841893],[4.339474,50.84184],[4.339495,50.841788],[4.339516,50.841735],[4.339536,50.841683],[4.339557,50.841633],[4.339581,50.841573],[4.339605,50.841512],[4.339631,50.841446],[4.339659,50.841377],[4.339692,50.841294],[4.339719,50.841226],[4.339748,50.841154],[4.339778,50.84108],[4.339796,50.841034],[4.339822,50.840971],[4.339861,50.840874],[4.339902,50.840772],[4.339933,50.840695],[4.339968,50.840608],[4.340008,50.840514],[4.340042,50.840426],[4.340082,50.840326],[4.340112,50.840251],[4.340036,50.84024],[4.339953,50.840228],[4.339479,50.840184],[4.339467,50.840183],[4.339383,50.840181],[4.339261,50.840178],[4.339144,50.840173],[4.339031,50.840167],[4.33902,50.840166],[4.33893,50.840156],[4.33889,50.840151],[4.338854,50.840147],[4.338838,50.840143],[4.338794,50.840132],[4.33863,50.840041],[4.338532,50.839987],[4.33831,50.839863],[4.338293,50.839855],[4.338117,50.839768],[4.337963,50.839711],[4.337874,50.839678],[4.337848,50.83967],[4.337748,50.839637],[4.337502,50.839557],[4.337238,50.839472],[4.337208,50.839462],[4.336964,50.839373],[4.336781,50.839309],[4.336629,50.839234],[4.336047,50.838937],[4.335984,50.838844],[4.335984,50.838786],[4.335979,50.838537],[4.335978,50.838524],[4.335952,50.838465],[4.335955,50.838418],[4.335962,50.838308],[4.335962,50.838303],[4.335948,50.838211],[4.335887,50.838147],[4.335859,50.838118],[4.335779,50.838048],[4.335676,50.83799],[4.335523,50.837913],[4.335456,50.837871],[4.33535,50.837804],[4.335348,50.837803],[4.335192,50.837706],[4.335155,50.837671],[4.335006,50.837532],[4.334801,50.837314],[4.334476,50.837169],[4.334204,50.837014],[4.334148,50.836982],[4.333684,50.836725],[4.333582,50.83671],[4.333395,50.836645],[4.333204,50.836473],[4.333016,50.836149],[4.33287,50.836032],[4.3327,50.835892],[4.332669,50.835779],[4.332675,50.835717],[4.3327,50.835657],[4.332751,50.835511],[4.332756,50.835426],[4.332678,50.835323],[4.332584,50.835277],[4.332312,50.835145],[4.332242,50.835087],[4.332232,50.83505],[4.332224,50.835024],[4.332211,50.834975],[4.332199,50.834928],[4.332197,50.83492],[4.332191,50.834915],[4.33219,50.834911],[4.332173,50.834896],[4.332169,50.834884],[4.332163,50.834861],[4.332164,50.834831],[4.332164,50.834795],[4.332163,50.834729],[4.332167,50.834704],[4.332196,50.83448],[4.332219,50.834327],[4.331575,50.833825],[4.331066,50.833409],[4.330963,50.833322],[4.330895,50.833257],[4.330834,50.833189],[4.330795,50.833141],[4.330762,50.833091],[4.330739,50.83305],[4.330718,50.833004],[4.3307,50.832949],[4.330681,50.832874],[4.330628,50.832623],[4.330602,50.832504],[4.330582,50.832409],[4.330568,50.832364],[4.330547,50.832316],[4.330513,50.832255],[4.330467,50.832189],[4.330461,50.832183],[4.330396,50.83211],[4.330346,50.832062],[4.330304,50.832024],[4.330291,50.832013],[4.330239,50.831971],[4.329996,50.831792],[4.329696,50.83157],[4.329649,50.831535],[4.329591,50.831497],[4.329516,50.831463],[4.329422,50.83143],[4.329272,50.831395],[4.328829,50.831318],[4.328245,50.831214],[4.327639,50.831103],[4.326982,50.830996],[4.326487,50.83086],[4.326357,50.830819],[4.326177,50.830749],[4.326109,50.830723],[4.326051,50.830692],[4.326002,50.830648],[4.325901,50.830547],[4.325856,50.830502],[4.325731,50.830252],[4.325662,50.830116],[4.325533,50.82983],[4.32548,50.82971],[4.32543,50.829615],[4.325337,50.829339],[4.325259,50.829148],[4.325187,50.82903],[4.325086,50.828853],[4.324999,50.82876],[4.324918,50.828725],[4.324859,50.8287],[4.324805,50.828689],[4.324749,50.828678],[4.324639,50.828675],[4.324614,50.828674],[4.324501,50.828659],[4.324368,50.828677],[4.324182,50.82871],[4.324109,50.828708],[4.324078,50.828706],[4.324009,50.8287],[4.323958,50.828683],[4.323915,50.828667],[4.323868,50.82864],[4.323825,50.828605],[4.323791,50.828541],[4.323741,50.828434],[4.323675,50.828333],[4.323607,50.828231],[4.323538,50.828136],[4.323388,50.828003],[4.323265,50.827932],[4.323052,50.827797],[4.322934,50.82771],[4.322884,50.827672],[4.322821,50.827616],[4.322718,50.827524],[4.322663,50.827467],[4.322555,50.827369],[4.322504,50.827322],[4.322456,50.827288],[4.322099,50.827044],[4.321933,50.82693],[4.321864,50.826877],[4.321783,50.826807],[4.32166,50.826677],[4.321543,50.82655],[4.321504,50.8265],[4.32152,50.826318],[4.321534,50.826216],[4.321543,50.826161],[4.321567,50.826023],[4.321505,50.825911],[4.321409,50.825754],[4.321371,50.825695],[4.321272,50.82556],[4.321234,50.825508],[4.321161,50.825407],[4.321124,50.825332],[4.321105,50.82528],[4.321092,50.825188],[4.32105,50.824927],[4.321064,50.824766],[4.321008,50.824678],[4.320946,50.82461],[4.320863,50.824547],[4.320736,50.824458],[4.320509,50.824306],[4.32042,50.824248],[4.320401,50.824236],[4.320385,50.824226],[4.320375,50.824223],[4.320274,50.824183],[4.320217,50.824161],[4.32014,50.824132],[4.320028,50.824098],[4.319984,50.824086],[4.319924,50.824062],[4.3198,50.824012],[4.319781,50.824004],[4.319722,50.823978],[4.319593,50.823922],[4.319537,50.823891],[4.319479,50.823855],[4.319437,50.823828],[4.319396,50.823801],[4.319325,50.823707],[4.319322,50.823615],[4.319342,50.823545],[4.319339,50.823499],[4.319334,50.823472],[4.319236,50.823469],[4.319177,50.823467],[4.319149,50.823465],[4.319131,50.823462],[4.31912,50.823459],[4.318811,50.82301],[4.318765,50.822965],[4.318564,50.822767],[4.318556,50.822759],[4.318301,50.822502],[4.318259,50.822457],[4.318122,50.822346],[4.318082,50.822317],[4.317978,50.822274],[4.317837,50.822217],[4.317482,50.822084],[4.317166,50.821962],[4.316994,50.821893],[4.316865,50.821847],[4.316494,50.82172],[4.316376,50.821684],[4.316219,50.821651],[4.316104,50.821627],[4.316016,50.821583],[4.315932,50.821541],[4.315802,50.821489],[4.315769,50.821476],[4.315464,50.821353],[4.315069,50.821221],[4.314895,50.821159],[4.314664,50.82108],[4.314433,50.821014],[4.314403,50.821008],[4.314213,50.820975],[4.314059,50.820958],[4.313864,50.820937],[4.313675,50.820909],[4.31365,50.820901],[4.313579,50.82088],[4.313519,50.820851],[4.313431,50.82081],[4.313352,50.820762],[4.313256,50.820687],[4.313151,50.820554],[4.31313,50.820517],[4.313084,50.820439],[4.313029,50.820347],[4.31298,50.820292],[4.312957,50.820271],[4.312949,50.820263],[4.312809,50.820199],[4.312751,50.82018],[4.312607,50.820142],[4.31236,50.820109],[4.312004,50.820088],[4.311498,50.82005],[4.311312,50.820036],[4.311222,50.820031],[4.310923,50.820006],[4.310893,50.820004],[4.310828,50.819999],[4.310813,50.819997],[4.310765,50.819985],[4.310752,50.819973],[4.310701,50.819922],[4.310695,50.819884],[4.310693,50.81987],[4.310691,50.81986],[4.310687,50.819787],[4.3107,50.819659],[4.31073,50.819426],[4.310769,50.819103],[4.310774,50.818973],[4.310761,50.818926],[4.310761,50.818925],[4.310742,50.818879],[4.310686,50.818769],[4.310406,50.818337],[4.310391,50.818317],[4.310257,50.818133],[4.309988,50.817966],[4.309907,50.817915],[4.30977,50.817862],[4.309511,50.817805],[4.309204,50.817738],[4.308997,50.817677],[4.308929,50.817645],[4.308862,50.817614],[4.30884,50.817604],[4.308581,50.817449],[4.308574,50.817445],[4.308308,50.817288],[4.308144,50.817231],[4.308084,50.817217],[4.308022,50.817212],[4.307987,50.817195],[4.307954,50.817163],[4.307958,50.817145],[4.30799,50.817095],[4.308004,50.817067],[4.308034,50.816994],[4.308041,50.816977],[4.30809,50.816928],[4.308256,50.816776],[4.308191,50.816589],[4.308122,50.816402],[4.308108,50.816319],[4.308192,50.816279],[4.308501,50.816129],[4.308657,50.816053],[4.309227,50.815815],[4.31,50.815486],[4.310225,50.815401],[4.310219,50.815342],[4.310207,50.815285],[4.310183,50.815244],[4.310142,50.815194],[4.31012,50.815167],[4.310063,50.815102],[4.310043,50.815083],[4.309969,50.815016],[4.310019,50.814956],[4.310035,50.814934],[4.310083,50.81487],[4.31017,50.814752],[4.310186,50.814728],[4.310212,50.814687],[4.310236,50.814644],[4.310323,50.81458],[4.31036,50.814556],[4.310371,50.814548],[4.310403,50.814536],[4.310461,50.814514],[4.310524,50.814484],[4.310536,50.814475],[4.310582,50.814434],[4.310612,50.814399],[4.310649,50.814351],[4.310651,50.814349],[4.310656,50.81434],[4.310678,50.814282],[4.310682,50.81425],[4.31068,50.814221],[4.310673,50.814198],[4.310626,50.814105],[4.310406,50.813779],[4.31034,50.813651],[4.310073,50.813377],[4.309808,50.813155],[4.309745,50.813102],[4.309633,50.813008],[4.308533,50.812548],[4.308484,50.812527],[4.30841,50.812461],[4.308346,50.812264],[4.307565,50.812333],[4.306743,50.812413],[4.306452,50.812442],[4.306244,50.81247],[4.304141,50.812747],[4.302766,50.812931],[4.302463,50.812971],[4.301861,50.813051],[4.301862,50.813012],[4.301851,50.812953],[4.301802,50.812884],[4.301668,50.812813],[4.301498,50.812781],[4.301321,50.812774],[4.301102,50.812763],[4.300507,50.812871],[4.300446,50.812872],[4.300373,50.812865],[4.300307,50.812933],[4.300216,50.812951],[4.300166,50.812965],[4.300043,50.812972],[4.299984,50.812962],[4.299916,50.81294],[4.299858,50.812906],[4.299726,50.812742],[4.299721,50.812703],[4.299725,50.812692],[4.299859,50.81258],[4.299867,50.81256],[4.299868,50.812541],[4.299858,50.812521],[4.299801,50.812498],[4.299606,50.812452],[4.299532,50.812434],[4.299503,50.812428],[4.299468,50.812417],[4.299385,50.81237],[4.29936,50.812347],[4.299364,50.812321],[4.29939,50.812284],[4.299445,50.812242],[4.299447,50.812228],[4.299428,50.812212],[4.299374,50.8122],[4.299296,50.812201],[4.299251,50.812198],[4.299207,50.81219],[4.299167,50.812178],[4.299142,50.812164],[4.299127,50.812149],[4.299119,50.812123],[4.299188,50.811954],[4.299206,50.811892],[4.299257,50.811827],[4.29928,50.811789],[4.299295,50.811752],[4.299307,50.811711],[4.299306,50.81168],[4.29928,50.811635],[4.29924,50.811606],[4.299208,50.811592],[4.299163,50.811582],[4.299114,50.81158],[4.298922,50.811593],[4.298808,50.811602],[4.298432,50.811642],[4.298316,50.811659],[4.29822,50.811617],[4.29815,50.811554],[4.298105,50.811491],[4.298059,50.811414],[4.298017,50.811327],[4.297977,50.81122],[4.29796,50.811179],[4.297925,50.811114],[4.2979,50.811058],[4.297867,50.810977],[4.297846,50.8109],[4.297829,50.810803],[4.297848,50.810722],[4.297867,50.810649],[4.297895,50.810566],[4.297903,50.810527],[4.297904,50.810333],[4.297742,50.810334],[4.297684,50.810066],[4.297576,50.810081],[4.297355,50.809999],[4.297397,50.809851],[4.297362,50.809823],[4.297174,50.809876],[4.296889,50.809927],[4.29679,50.809891],[4.296548,50.809983],[4.296424,50.809983],[4.29639,50.809908],[4.2965,50.809746],[4.29646,50.809727],[4.295902,50.80974],[4.295821,50.809714],[4.295843,50.809626],[4.296015,50.809487],[4.296057,50.809453],[4.295917,50.809283],[4.295867,50.809181],[4.29584,50.809149],[4.295793,50.809114],[4.295753,50.809093],[4.295736,50.809085],[4.295667,50.809065],[4.295528,50.809035],[4.295446,50.809062],[4.295377,50.809069],[4.295315,50.809057],[4.295239,50.809004],[4.295114,50.808917],[4.295068,50.808885],[4.295005,50.808864],[4.294886,50.808841],[4.294804,50.808813],[4.294763,50.808779],[4.294749,50.808727],[4.294711,50.808649],[4.294666,50.808568],[4.29461,50.808494],[4.294541,50.808404],[4.294456,50.808279],[4.294435,50.80826],[4.294231,50.808192],[4.294214,50.808192],[4.294177,50.80821],[4.294152,50.808246],[4.294137,50.808265],[4.294121,50.808279],[4.294101,50.80828],[4.294055,50.80826],[4.294019,50.808235],[4.293998,50.808208],[4.293972,50.808201],[4.293935,50.808206],[4.293915,50.808218],[4.293879,50.808238],[4.293869,50.80826],[4.293858,50.808281],[4.293837,50.808302],[4.293814,50.808311],[4.293777,50.808315],[4.293733,50.808313],[4.293682,50.80831],[4.293643,50.80831],[4.293608,50.808312],[4.293583,50.808317],[4.293565,50.808324],[4.293555,50.808336],[4.293554,50.80835],[4.293559,50.808369],[4.293565,50.808381],[4.293584,50.808399],[4.293612,50.80842],[4.293631,50.808435],[4.293631,50.808451],[4.293604,50.808461],[4.293529,50.808478],[4.293481,50.808501],[4.293384,50.808546],[4.293344,50.808566],[4.293326,50.808591],[4.293327,50.808612],[4.293354,50.808644],[4.293363,50.808673],[4.293358,50.808701],[4.293349,50.808719],[4.293312,50.808724],[4.293288,50.808735],[4.293268,50.808754],[4.29324,50.808807],[4.293202,50.808848],[4.293166,50.808877],[4.293141,50.808895],[4.293117,50.808905],[4.293092,50.808913],[4.293054,50.808916],[4.293009,50.808911],[4.292979,50.808899],[4.292958,50.808876],[4.292941,50.808833],[4.29293,50.808795],[4.292919,50.808744],[4.292909,50.808723],[4.29289,50.808707],[4.292861,50.808697],[4.292743,50.808692],[4.292726,50.808684],[4.292651,50.80864],[4.292612,50.808628],[4.292565,50.808625],[4.292513,50.80863],[4.292445,50.808643],[4.292351,50.808664],[4.292249,50.808685],[4.292183,50.808698],[4.292129,50.808695],[4.292085,50.808694],[4.292002,50.808683],[4.291959,50.808684],[4.291873,50.808694],[4.291679,50.808761],[4.291618,50.808788],[4.291562,50.808823],[4.291537,50.808856],[4.291502,50.808897],[4.291327,50.808868],[4.291154,50.808836],[4.291064,50.80883],[4.290802,50.808818],[4.290611,50.808807],[4.290504,50.808798],[4.290285,50.808763],[4.290149,50.808739],[4.290095,50.808734],[4.290039,50.808742],[4.289995,50.808754],[4.289941,50.808753],[4.289885,50.808747],[4.289767,50.808711],[4.289628,50.808654],[4.289586,50.808641],[4.289541,50.808643],[4.289471,50.808655],[4.289427,50.808666],[4.2894,50.80866],[4.289379,50.808636],[4.289341,50.808601],[4.289292,50.808575],[4.289236,50.808542],[4.289176,50.808516],[4.289021,50.808515],[4.28888,50.808513],[4.2888,50.808491],[4.288501,50.808444],[4.288331,50.808434],[4.28812,50.808427],[4.287991,50.808412],[4.287865,50.808408],[4.287695,50.8084],[4.287576,50.808395],[4.287533,50.808392],[4.287427,50.808384],[4.287261,50.808365],[4.287053,50.808346],[4.286745,50.808298],[4.28649,50.808295],[4.286413,50.808262],[4.286428,50.808212],[4.286432,50.808165],[4.28642,50.808155],[4.286402,50.80814],[4.286294,50.808136],[4.28621,50.808109],[4.286169,50.808011],[4.28612,50.807935],[4.285946,50.807821],[4.285738,50.80768],[4.285471,50.807536],[4.285377,50.807515],[4.285297,50.807476],[4.285189,50.807427],[4.285075,50.807392],[4.284894,50.80729],[4.284694,50.807242],[4.284467,50.807203],[4.284263,50.807179],[4.284158,50.807171],[4.28409,50.807136],[4.284007,50.807096],[4.283887,50.807072],[4.283818,50.807064],[4.283675,50.80706],[4.28366,50.807068],[4.283649,50.807074],[4.283616,50.807134],[4.283636,50.807193],[4.283662,50.807234],[4.283661,50.807262],[4.283634,50.807302],[4.283603,50.807327],[4.283594,50.80733],[4.283574,50.807335],[4.283548,50.807332],[4.283535,50.807328],[4.283464,50.807285],[4.283408,50.807236],[4.283314,50.807214],[4.283299,50.807216],[4.283284,50.807219],[4.283236,50.807253],[4.283184,50.807269],[4.283169,50.807269],[4.28316,50.807269],[4.283138,50.807262],[4.283098,50.807244],[4.283027,50.807216],[4.282944,50.807191],[4.282827,50.807144],[4.282774,50.807139],[4.282738,50.80717],[4.282726,50.807209],[4.282703,50.807236],[4.282677,50.807241],[4.282673,50.807242],[4.282644,50.80722],[4.282553,50.807208],[4.282467,50.807225],[4.282415,50.807253],[4.28234,50.807309],[4.282322,50.807318],[4.282295,50.80732],[4.282258,50.807309],[4.282167,50.807301],[4.281979,50.807357],[4.281798,50.807403],[4.2817,50.807455],[4.281541,50.807495],[4.28146,50.807509],[4.281335,50.807516],[4.281215,50.807497],[4.281126,50.80752],[4.281091,50.807562],[4.281056,50.807588],[4.281008,50.807613],[4.280916,50.807623],[4.280852,50.807606],[4.280813,50.807588],[4.280719,50.807553],[4.280538,50.807557],[4.280453,50.807548],[4.280345,50.807514],[4.280273,50.807509],[4.280189,50.807533],[4.280158,50.807569],[4.280127,50.80759],[4.280078,50.807579],[4.28006,50.807567],[4.279986,50.807521],[4.279872,50.807523],[4.279757,50.807533],[4.279681,50.807544],[4.279606,50.807643],[4.279591,50.807657],[4.279552,50.807675],[4.279533,50.807677],[4.27945,50.807654],[4.279372,50.807618],[4.279321,50.807602],[4.279294,50.807604],[4.279248,50.80762],[4.279203,50.807666],[4.279176,50.807718],[4.27915,50.80776],[4.279009,50.807821],[4.278999,50.807828],[4.278974,50.807863],[4.278967,50.807913],[4.278972,50.807943],[4.278979,50.80797],[4.278978,50.807994],[4.27896,50.808029],[4.278923,50.808061],[4.278874,50.80807],[4.278838,50.808071],[4.278817,50.808069],[4.278756,50.808052],[4.278694,50.808069],[4.278603,50.80812],[4.278504,50.808182],[4.278469,50.808196],[4.278428,50.808206],[4.278342,50.808222],[4.278236,50.80826],[4.278185,50.808281],[4.278114,50.808296],[4.278098,50.808297],[4.277862,50.808298],[4.277734,50.808288],[4.277674,50.80828],[4.277617,50.808275],[4.277569,50.808269],[4.277496,50.808258],[4.277451,50.808239],[4.277389,50.80821],[4.277325,50.808184],[4.277204,50.808181],[4.277144,50.808198],[4.277088,50.808219],[4.277078,50.808223],[4.277041,50.808238],[4.277032,50.80825],[4.277029,50.808269],[4.277015,50.808305],[4.276998,50.808344],[4.276987,50.808365],[4.276966,50.808402],[4.276919,50.808456],[4.276913,50.808474],[4.276905,50.808524],[4.276891,50.80857],[4.276884,50.808594],[4.276849,50.80864],[4.276824,50.808666],[4.276815,50.808684],[4.276795,50.808706],[4.276783,50.80872],[4.276738,50.808832],[4.276745,50.808847],[4.276759,50.80886],[4.276764,50.808881],[4.276755,50.808902],[4.27674,50.808926],[4.276725,50.808947],[4.276715,50.808962],[4.276699,50.808976],[4.27665,50.809013],[4.276635,50.809026],[4.276622,50.809045],[4.276609,50.80907],[4.276603,50.809096],[4.276601,50.80912],[4.276621,50.809148],[4.276621,50.809164],[4.276613,50.809186],[4.27656,50.809237],[4.276526,50.809257],[4.276492,50.80928],[4.276479,50.809302],[4.276474,50.809347],[4.276468,50.80938],[4.276469,50.809409],[4.276464,50.809428],[4.276318,50.809629],[4.276309,50.809647],[4.276272,50.809724],[4.276266,50.809744],[4.276263,50.809767],[4.276262,50.80979],[4.276267,50.809799],[4.276276,50.809806],[4.276294,50.809809],[4.276321,50.809811],[4.276342,50.809814],[4.276358,50.809823],[4.276371,50.809837],[4.27639,50.809876],[4.276401,50.809908],[4.276406,50.80993],[4.276416,50.809946],[4.276429,50.809963],[4.276453,50.809993],[4.276472,50.810016],[4.276476,50.810027],[4.276466,50.810042],[4.276444,50.810058],[4.276349,50.810115],[4.276332,50.810121],[4.276298,50.81013],[4.276274,50.81014],[4.276253,50.810156],[4.276233,50.810177],[4.276223,50.810195],[4.276218,50.810217],[4.276223,50.810235],[4.276213,50.81025],[4.27619,50.810262],[4.276149,50.810278],[4.276131,50.81029],[4.276083,50.810328],[4.276064,50.810351],[4.276052,50.810371],[4.276031,50.810389],[4.276022,50.810407],[4.276019,50.810425],[4.276025,50.810441],[4.27603,50.810455],[4.27605,50.810484],[4.276058,50.810497],[4.276047,50.810519],[4.276011,50.81055],[4.275985,50.810581],[4.275956,50.810612],[4.275924,50.810678],[4.275917,50.810698],[4.275913,50.810719],[4.275898,50.810735],[4.275877,50.810747],[4.275851,50.810756],[4.275824,50.810766],[4.275798,50.810776],[4.275776,50.810787],[4.275764,50.8108],[4.275732,50.810851],[4.275719,50.810868],[4.275681,50.810908],[4.275409,50.811153],[4.275378,50.811184],[4.275332,50.811225],[4.275292,50.811252],[4.275212,50.811304],[4.275167,50.811326],[4.275079,50.811365],[4.275057,50.811379],[4.27504,50.811398],[4.275014,50.811441],[4.274912,50.811528],[4.274857,50.811544],[4.274791,50.81156],[4.27471,50.811587],[4.274603,50.811622],[4.27449,50.811666],[4.274385,50.811706],[4.274277,50.811747],[4.274154,50.811785],[4.274035,50.811817],[4.273906,50.811847],[4.273803,50.811877],[4.273713,50.811906],[4.273619,50.811934],[4.273524,50.811962],[4.273447,50.811998],[4.273385,50.812028],[4.273334,50.812044],[4.273233,50.812073],[4.273164,50.812092],[4.273059,50.812134],[4.272994,50.812152],[4.272943,50.812159],[4.272938,50.812158],[4.272825,50.812142],[4.272775,50.812139],[4.27274,50.812144],[4.272617,50.812174],[4.272564,50.812181],[4.272463,50.812149],[4.272431,50.812143],[4.272398,50.812148],[4.272284,50.812182],[4.272224,50.812177],[4.27211,50.812161],[4.272001,50.812142],[4.271985,50.812139],[4.271932,50.812143],[4.271901,50.81216],[4.271882,50.812166],[4.271866,50.812168],[4.271662,50.81212],[4.2716,50.812091],[4.271486,50.812069],[4.271428,50.81208],[4.271338,50.8121],[4.271307,50.812103],[4.271176,50.812101],[4.271109,50.81209],[4.271023,50.812073],[4.270975,50.812075],[4.270898,50.812084],[4.270852,50.812095],[4.270735,50.812102],[4.270668,50.812147],[4.270398,50.812118],[4.270255,50.812041],[4.270147,50.812103],[4.270008,50.8121],[4.269882,50.812107],[4.269869,50.812105],[4.269715,50.812049],[4.269681,50.812051],[4.269373,50.812043],[4.269313,50.811988],[4.269301,50.811981],[4.269284,50.811973],[4.269109,50.812037],[4.269028,50.812028],[4.268922,50.81202],[4.26888,50.812024],[4.268854,50.812029],[4.268821,50.812031],[4.268731,50.812014],[4.268675,50.812025],[4.268556,50.812039],[4.268506,50.812036],[4.268458,50.812027],[4.268362,50.811994],[4.268295,50.811979],[4.268232,50.812027],[4.26815,50.812019],[4.26812,50.812006],[4.268099,50.812003],[4.268066,50.811992],[4.268086,50.811952],[4.268119,50.811904],[4.268132,50.811875],[4.268131,50.811849],[4.268128,50.811837],[4.268095,50.811788],[4.268103,50.811741],[4.268087,50.811726],[4.268053,50.811717],[4.267998,50.811713],[4.267961,50.811708],[4.267929,50.811695],[4.26791,50.811682],[4.267887,50.811663],[4.267869,50.811654],[4.267842,50.811643],[4.267807,50.811633],[4.267744,50.811625],[4.267711,50.811618],[4.267684,50.811611],[4.26765,50.811605],[4.26754,50.811595],[4.267523,50.811592],[4.267476,50.811567],[4.267472,50.811565],[4.267436,50.811556],[4.267432,50.811556],[4.267414,50.811558],[4.267379,50.811567],[4.267351,50.811577],[4.267319,50.811592],[4.267298,50.811599],[4.267273,50.811602],[4.267241,50.811598],[4.2672,50.811597],[4.26718,50.811601],[4.267112,50.811615],[4.267067,50.811629],[4.267021,50.811628],[4.266903,50.811616],[4.266837,50.811606],[4.266776,50.811609],[4.266748,50.81161],[4.266654,50.811616],[4.266618,50.811615],[4.266552,50.811609],[4.266478,50.811601],[4.266465,50.811599],[4.266445,50.811594],[4.266417,50.811589],[4.266386,50.811568],[4.266355,50.811544],[4.266334,50.811532],[4.266316,50.811524],[4.266303,50.81152],[4.26629,50.811517],[4.266259,50.811515],[4.266251,50.811522],[4.266244,50.811529],[4.266243,50.81155],[4.266242,50.811568],[4.266225,50.81158],[4.266144,50.81162],[4.266126,50.811635],[4.26611,50.811653],[4.266093,50.811664],[4.266061,50.811661],[4.265985,50.811633],[4.265927,50.811608],[4.265908,50.811601],[4.265897,50.811604],[4.265876,50.811615],[4.265872,50.811619],[4.265857,50.811635],[4.265791,50.811697],[4.265772,50.811714],[4.265733,50.811748],[4.265699,50.811789],[4.265679,50.81181],[4.265666,50.811814],[4.265643,50.811814],[4.265589,50.811794],[4.265558,50.811787],[4.265426,50.811783],[4.265357,50.811788],[4.265103,50.81174],[4.264966,50.811689],[4.264876,50.811675],[4.264753,50.811647],[4.264659,50.811642],[4.264573,50.811638],[4.264533,50.811631],[4.264425,50.811601],[4.264402,50.811603],[4.264366,50.81161],[4.264352,50.811612],[4.264294,50.811597],[4.264255,50.811578],[4.264192,50.811536],[4.264144,50.81153],[4.264079,50.811543],[4.264041,50.811563],[4.263994,50.811569],[4.263939,50.81158],[4.263885,50.811565],[4.263805,50.811558],[4.263752,50.811571],[4.26363,50.811567],[4.263536,50.811529],[4.263519,50.811523],[4.263504,50.811522],[4.263308,50.811518],[4.263201,50.811486],[4.263074,50.811473],[4.262955,50.811495],[4.262864,50.811498],[4.262836,50.811486],[4.262794,50.811414],[4.262768,50.811343],[4.262743,50.811333],[4.26265,50.811322],[4.262613,50.811321],[4.262591,50.811302],[4.262571,50.811242],[4.262564,50.811232],[4.262549,50.811226],[4.26252,50.811218],[4.262411,50.811205],[4.262346,50.811202],[4.262297,50.811196],[4.262224,50.811126],[4.262203,50.81111],[4.262182,50.8111],[4.262166,50.811096],[4.262129,50.811096],[4.262093,50.811105],[4.262032,50.811098],[4.262003,50.811094],[4.261779,50.811051],[4.261768,50.811057],[4.261773,50.81107],[4.261783,50.811075],[4.26182,50.811084],[4.261842,50.811091],[4.261857,50.8111],[4.261866,50.811107],[4.261878,50.811127],[4.26189,50.811158],[4.261893,50.811175],[4.261876,50.811186],[4.261854,50.811184],[4.26178,50.811165],[4.261729,50.811173],[4.261691,50.81119],[4.261674,50.811201],[4.261663,50.811209],[4.261642,50.811222],[4.261618,50.811225],[4.261574,50.811216],[4.26156,50.81121],[4.26151,50.811182],[4.261501,50.811178],[4.261483,50.811171],[4.261456,50.811161],[4.261439,50.811158],[4.261411,50.811158],[4.261397,50.81116],[4.261377,50.81117],[4.261364,50.811183],[4.261329,50.811211],[4.261279,50.811228],[4.261225,50.811223],[4.261157,50.8112],[4.261124,50.811167],[4.261117,50.811133],[4.261072,50.811113],[4.261062,50.81111],[4.261046,50.811108],[4.260974,50.811117],[4.26087,50.811133],[4.260787,50.811154],[4.260763,50.811155],[4.260758,50.811155],[4.260709,50.811146],[4.260695,50.811141],[4.260654,50.811125],[4.260629,50.811111],[4.260596,50.811095],[4.260571,50.811087],[4.260543,50.81109],[4.260481,50.811106],[4.260436,50.811113],[4.260227,50.811108],[4.260213,50.811107],[4.260181,50.811101],[4.26014,50.811092],[4.260066,50.811069],[4.259991,50.811094],[4.259936,50.811117],[4.259925,50.811139],[4.259866,50.811257],[4.259746,50.811662],[4.259677,50.811911],[4.259663,50.811962],[4.259597,50.812196],[4.259412,50.812849],[4.259308,50.813195],[4.259162,50.813681],[4.259107,50.813878],[4.259037,50.813995],[4.258548,50.814814],[4.258345,50.815186],[4.258157,50.815432],[4.258118,50.815448],[4.257716,50.815951],[4.257086,50.816586],[4.256746,50.816929],[4.256361,50.817368],[4.256322,50.817412],[4.256145,50.817442],[4.256026,50.817454],[4.255913,50.817463],[4.255808,50.817466],[4.255745,50.817467],[4.255654,50.817466],[4.255617,50.817465],[4.255533,50.817461],[4.255448,50.817455],[4.255324,50.817443],[4.255238,50.817431],[4.25505,50.817402],[4.254727,50.817353],[4.254487,50.817318],[4.254149,50.817282],[4.254061,50.817274],[4.253992,50.81727],[4.253917,50.817266],[4.253779,50.817258],[4.253764,50.817257],[4.253728,50.817257],[4.253543,50.817253],[4.253434,50.817253],[4.25336,50.817253],[4.252856,50.817267],[4.252376,50.817279],[4.252212,50.817278],[4.252137,50.817277],[4.252055,50.817276],[4.251859,50.817267],[4.251698,50.817256],[4.251475,50.817237],[4.251321,50.817223],[4.251301,50.817257],[4.250965,50.817826],[4.249779,50.819456],[4.248936,50.819336],[4.248782,50.819333],[4.248706,50.819326],[4.248627,50.819315],[4.248491,50.819293],[4.247482,50.819188],[4.24702,50.81913],[4.246524,50.819084],[4.246811,50.817578],[4.246818,50.81754],[4.246787,50.817544],[4.246733,50.81755],[4.246678,50.817555],[4.246624,50.81756],[4.246533,50.817569],[4.246527,50.81757],[4.245905,50.817629],[4.245187,50.817698],[4.245086,50.817712],[4.245066,50.817714],[4.245045,50.817717],[4.245025,50.81772],[4.245004,50.817723],[4.244959,50.81773],[4.244933,50.817734],[4.244921,50.817773],[4.244894,50.817867],[4.244647,50.818838],[4.24462,50.81891],[4.244586,50.818998],[4.244554,50.819086],[4.24452,50.819173],[4.244488,50.819261],[4.244435,50.8194],[4.244381,50.819541],[4.243831,50.819577],[4.243765,50.819582],[4.243847,50.819629],[4.244039,50.819741],[4.244256,50.819868],[4.245354,50.820508],[4.246401,50.821118],[4.246993,50.821524],[4.247604,50.821942],[4.248099,50.822317],[4.248116,50.82233],[4.248244,50.822427],[4.248461,50.822592],[4.248587,50.822686],[4.248608,50.822702],[4.248617,50.822709],[4.250842,50.824381],[4.250961,50.824327],[4.251182,50.82422],[4.253157,50.825148],[4.253718,50.825702],[4.253737,50.825721],[4.25431,50.826287],[4.254829,50.827016],[4.255248,50.827835],[4.255505,50.828429],[4.255516,50.828453],[4.255202,50.828629],[4.25505,50.828771],[4.255044,50.828776],[4.255046,50.828795],[4.255049,50.828828],[4.255092,50.829298],[4.255635,50.829324],[4.25567,50.830387],[4.255671,50.830398],[4.255591,50.830423],[4.25559,50.830427],[4.255213,50.831436],[4.25487,50.831714],[4.254832,50.831744],[4.254822,50.831772],[4.254807,50.831804],[4.254791,50.831832],[4.254776,50.831854],[4.254764,50.831869],[4.254754,50.831882],[4.254737,50.8319],[4.254696,50.831941],[4.254666,50.831971],[4.254632,50.832007],[4.254593,50.832046],[4.254569,50.832071],[4.254545,50.832097],[4.254533,50.83211],[4.254522,50.832123],[4.254503,50.832148],[4.254486,50.832172],[4.25447,50.832196],[4.254458,50.832215],[4.25445,50.832231],[4.254444,50.832244],[4.254435,50.832263],[4.25443,50.832279],[4.254427,50.832297],[4.254425,50.832316],[4.254425,50.83234],[4.254427,50.832362],[4.254432,50.832383],[4.254439,50.832401],[4.254448,50.832419],[4.254465,50.832446],[4.254488,50.83248],[4.254512,50.832515],[4.254536,50.832549],[4.254553,50.832572],[4.254594,50.832594],[4.255144,50.832894],[4.255161,50.832903],[4.255154,50.832906],[4.255123,50.832923],[4.255037,50.832975],[4.254932,50.83304],[4.254824,50.833101],[4.2548,50.833115],[4.25468,50.833337],[4.254664,50.833419],[4.25467,50.83352],[4.254681,50.833537],[4.254693,50.833556],[4.255103,50.833859],[4.255421,50.834105],[4.255722,50.834369],[4.255743,50.834387],[4.255784,50.834427],[4.25591,50.834532],[4.255912,50.834534],[4.256063,50.834667],[4.256186,50.834776],[4.256284,50.834863],[4.256333,50.834907],[4.256351,50.834922],[4.256363,50.834935],[4.256391,50.834949],[4.257168,50.835345],[4.258392,50.835773],[4.258768,50.835984],[4.260266,50.835403],[4.260287,50.835395],[4.26031,50.835392],[4.261884,50.835181],[4.262612,50.835421],[4.262663,50.835438],[4.26268,50.835433],[4.262706,50.835426],[4.262724,50.835421],[4.262776,50.835407],[4.262836,50.835394],[4.262878,50.835385],[4.262907,50.835381],[4.262926,50.835378],[4.262963,50.835373],[4.263002,50.835368],[4.263028,50.835365],[4.263063,50.835362],[4.263115,50.835358],[4.263187,50.835353],[4.263233,50.83535],[4.263324,50.835346],[4.263426,50.835341],[4.263479,50.835338],[4.263482,50.835346],[4.263489,50.835366],[4.263559,50.835566],[4.264444,50.835531],[4.264532,50.835824],[4.264546,50.835871],[4.264951,50.835921],[4.265012,50.835928],[4.265092,50.835938],[4.265133,50.835943],[4.265307,50.835965],[4.266017,50.836053],[4.266329,50.836091],[4.26677,50.836146],[4.267164,50.836194],[4.267214,50.8362],[4.267603,50.836248],[4.267807,50.836273],[4.267882,50.836282],[4.26792,50.836286],[4.268033,50.836297],[4.26809,50.836303],[4.268175,50.836311],[4.268236,50.836316],[4.268276,50.83632],[4.268357,50.836326],[4.268391,50.836328],[4.268458,50.836332],[4.268506,50.836335],[4.268601,50.83634],[4.268631,50.836341],[4.268689,50.836343],[4.268774,50.836346],[4.268817,50.836347],[4.268962,50.836349],[4.268967,50.836349],[4.269042,50.836349],[4.269117,50.836349],[4.269155,50.836349],[4.269171,50.836349],[4.269203,50.836348],[4.269231,50.836348],[4.26927,50.836346],[4.269402,50.836341],[4.269523,50.836335],[4.269654,50.836329],[4.269947,50.836315],[4.270622,50.83628],[4.270667,50.836277],[4.271002,50.836259],[4.271171,50.83625],[4.271218,50.836247],[4.271469,50.836234],[4.271902,50.836211],[4.271919,50.836261],[4.271921,50.836271],[4.271964,50.836443],[4.27196,50.836498],[4.271957,50.836534],[4.271949,50.836575],[4.271946,50.836593],[4.271933,50.836646],[4.271911,50.836699],[4.271893,50.836763],[4.271876,50.836869],[4.271858,50.83695],[4.271857,50.836964],[4.271861,50.837006],[4.271866,50.83702],[4.271885,50.837054],[4.271928,50.837109],[4.272015,50.837181],[4.27212,50.837261],[4.272299,50.837396],[4.272475,50.837534],[4.272595,50.837626],[4.272715,50.837733],[4.272785,50.837817],[4.272851,50.837917],[4.272907,50.838022],[4.273002,50.838014],[4.273228,50.838669],[4.273231,50.83868],[4.27336,50.838656],[4.273454,50.838655],[4.273512,50.838658],[4.273558,50.838664],[4.273621,50.838679],[4.273835,50.838659],[4.273865,50.838644],[4.273909,50.838626],[4.273948,50.83862],[4.27405,50.838624],[4.274083,50.838622],[4.274113,50.838617],[4.274137,50.838611],[4.274183,50.8386],[4.274225,50.838593],[4.274245,50.838591],[4.274267,50.83859],[4.274303,50.83859],[4.274314,50.838592],[4.274347,50.8386],[4.27436,50.838606],[4.27438,50.838617],[4.27439,50.838628],[4.274399,50.838676],[4.274407,50.838701],[4.274411,50.838705],[4.274417,50.838709],[4.274462,50.838727],[4.27463,50.838771],[4.274764,50.838812],[4.275157,50.838926],[4.275188,50.838917],[4.275207,50.838907],[4.275244,50.838879],[4.275284,50.838865],[4.275341,50.838863],[4.275394,50.838864],[4.27542,50.838857],[4.275461,50.838816],[4.275487,50.838792],[4.275518,50.83877],[4.275557,50.838751],[4.275613,50.838744],[4.275676,50.838733],[4.275716,50.838717],[4.275886,50.838642],[4.276026,50.838554],[4.276061,50.838537],[4.276097,50.838519],[4.276141,50.838502],[4.276193,50.838472],[4.276231,50.838457],[4.276262,50.838452],[4.276294,50.838448],[4.276333,50.838446],[4.276356,50.838437],[4.276375,50.838419],[4.276391,50.838395],[4.27641,50.83837],[4.276435,50.838346],[4.276477,50.838315],[4.276501,50.838301],[4.276545,50.838291],[4.276583,50.838289],[4.276636,50.838298],[4.276712,50.838271],[4.27676,50.838238],[4.276812,50.838188],[4.276854,50.83817],[4.276918,50.838161],[4.276945,50.838158],[4.276992,50.838138],[4.277037,50.838101],[4.27709,50.83808],[4.277156,50.838062],[4.277181,50.838057],[4.277218,50.838049],[4.277237,50.838044],[4.27726,50.838034],[4.277299,50.83801],[4.277395,50.837947],[4.277437,50.837923],[4.277458,50.837914],[4.277553,50.837874],[4.277569,50.837868],[4.277646,50.837854],[4.277722,50.837846],[4.277796,50.837856],[4.277901,50.837857],[4.277974,50.837845],[4.278038,50.837826],[4.278109,50.837811],[4.278195,50.837805],[4.278256,50.837804],[4.278315,50.837807],[4.278356,50.837807],[4.278374,50.837812],[4.278389,50.837813],[4.278404,50.83781],[4.278424,50.837811],[4.278442,50.837817],[4.278457,50.837819],[4.278472,50.837817],[4.278499,50.837805],[4.278516,50.837804],[4.278571,50.837805],[4.27861,50.837809],[4.278675,50.837817],[4.278744,50.83783],[4.278786,50.837836],[4.278966,50.837847],[4.279149,50.837863],[4.279242,50.837874],[4.27933,50.837887],[4.279381,50.837896],[4.279465,50.837915],[4.279547,50.837936],[4.279589,50.837942],[4.27965,50.837946],[4.279705,50.837946],[4.279778,50.837946],[4.279921,50.837934],[4.280051,50.837923],[4.280245,50.837902],[4.280412,50.837891],[4.280564,50.837879],[4.280702,50.837875],[4.280909,50.837874],[4.281005,50.837873],[4.28156,50.83786],[4.281686,50.837849],[4.281815,50.837836],[4.28193,50.837825],[4.282063,50.837811],[4.282169,50.83784],[4.282315,50.837837],[4.282392,50.83784],[4.282437,50.837846],[4.282475,50.837849],[4.282519,50.837851],[4.282609,50.837853],[4.282653,50.837853],[4.282747,50.837854],[4.282782,50.837856],[4.282822,50.837857],[4.282876,50.837854],[4.282939,50.837849],[4.282845,50.838773],[4.282878,50.838778],[4.282843,50.839132],[4.282814,50.839273],[4.282814,50.839274],[4.282747,50.839606],[4.281728,50.839532],[4.281609,50.840056],[4.283024,50.84018],[4.282913,50.840569],[4.283717,50.840656],[4.283305,50.84183],[4.28354,50.841897],[4.283794,50.841945],[4.283677,50.843166],[4.283619,50.843777],[4.283617,50.843796],[4.28379,50.84379],[4.283869,50.843787],[4.284172,50.843779],[4.284252,50.843778],[4.284298,50.843777],[4.284329,50.843777],[4.284394,50.843781],[4.28443,50.843785],[4.284459,50.843793],[4.284477,50.843803],[4.284493,50.843813],[4.284507,50.843825],[4.284519,50.84384],[4.284527,50.843853],[4.284537,50.843878],[4.284544,50.843902],[4.284549,50.843919],[4.284559,50.843956],[4.284583,50.844056],[4.284594,50.844115],[4.284617,50.844301],[4.284635,50.844444],[4.28464,50.844489],[4.28465,50.844567],[4.284665,50.844691],[4.284691,50.844898],[4.284693,50.844914],[4.284696,50.84494],[4.284697,50.844959],[4.284698,50.844973],[4.284697,50.844985],[4.284696,50.844994],[4.284692,50.845012],[4.284687,50.845031],[4.284615,50.845297]]]}},{"type":"Feature","properties":{"niscode":"21016","nameFr":"Uccle","nameDut":"Ukkel","name":"Ukkel","area":22875209.6442557,"naam":"Ukkel","total_population":86806,"internal_in_num":5918,"internal_in_pct":0.06817501094394397,"internal_out_num":6041,"internal_out_pct":0.06959196368914591,"internal_balance_num":-123,"internal_balance_pct":-0.0014169527452019446,"international_balance_num":601,"international_balance_pct":0.006923484551759095,"age_pct_65plus":0.1888,"age_pct_under3":0.0266,"age_pct_0_17":0.1963,"age_count_12_17":7216,"age_pct_18_24":0.0834,"age_pct_18_64":0.6149,"age_pct_30_44":0.2048,"age_pct_3_5":0.0302,"age_pct_45_64":0.2609,"age_pct_6_11":0.0673,"age_pct_65_79":0.1284,"age_pct_80plus":0.0604,"age_count_0_17":17118,"age_count_18_64":53612,"age_count_65plus":16464,"hq_qual_basic":0.001828,"hq_qual_normal":0.933914,"hq_qual_luxurious":0.01331,"hq_build_pre1900":0.006651,"hq_build_1900_1940":0.268405,"hq_build_1941_1960":0.149039,"hq_build_1961_1990":0.358467,"hq_build_1991_2010":0.092991,"hq_build_post2011":0.124446,"hq_renov_by1982":0.014828,"hq_renov_by1992":0.039897,"hq_renov_by2002":0.03981,"hq_renov_by2012":0.073483,"hq_renov_by2022":0.02569,"hq_type_closed":0.161914,"hq_type_halfopen":0.056569,"hq_type_open":0.039121,"fam_single_parent":0.1285,"fam_alone_under30":0.043,"fam_alone_18_29":0.1319,"fam_alone_65plus_pct":0.3919,"fam_alone_65plus_hh":0.1616,"fam_couple_children":0.2431,"fam_couple_no_children":0.1738,"migbg_total":0.69,"migbg_belgian_with":0.357,"migbg_belgian_without":0.31,"nat_eu14_pct":0.2204,"nat_belgian_pct":0.6546,"pri_avg_dwelling":1847,"pri_avg_parcel":2125,"pri_std_dev":14580,"rc_per_ha":88330,"rc_total":89797868,"rc_pct_low":0.038665,"rc_pct_high":0.417626,"avg_net_income":47569,"zero_income_rate":0.138405,"avg_prof_income":44403,"tax_per_resident":6998,"bp_res_new_dwellings":26,"bp_res_apartments":13,"bp_res_houses":13,"bp_res_new_surface":10217,"bp_res_renovations":79,"bp_nonres_new":3,"bp_nonres_renov":5,"re_apt_median":336000,"re_apt_p25":249000,"re_apt_transactions":949,"re_house_median":700000,"re_house_transactions":333,"re_terraced_median":623000,"re_terraced_transactions":279,"re_detached_median":1250000,"re_detached_transactions":54,"hasData":true},"geometry":{"type":"Polygon","coordinates":[[[4.412613,50.772323],[4.410972,50.771913],[4.406714,50.770585],[4.404791,50.770019],[4.404091,50.769799],[4.398009,50.76801],[4.392119,50.766306],[4.382929,50.76368],[4.382825,50.763958],[4.382732,50.764276],[4.382687,50.764484],[4.38267,50.764683],[4.382669,50.76494],[4.382669,50.765166],[4.382668,50.765212],[4.382665,50.765339],[4.382662,50.765466],[4.382661,50.765774],[4.382662,50.76587],[4.382662,50.766088],[4.382661,50.766153],[4.382661,50.766198],[4.38266,50.76673],[4.382659,50.767007],[4.382656,50.767276],[4.38266,50.767328],[4.382661,50.767559],[4.382658,50.767784],[4.382652,50.76801],[4.382657,50.768145],[4.382655,50.768306],[4.382653,50.768735],[4.382254,50.768644],[4.382168,50.768627],[4.382066,50.768615],[4.38194,50.7686],[4.381798,50.768583],[4.381789,50.768582],[4.381615,50.768585],[4.381111,50.768585],[4.381076,50.76899],[4.381048,50.769303],[4.381045,50.769333],[4.380289,50.769499],[4.379905,50.769584],[4.379472,50.769684],[4.378508,50.769898],[4.37702,50.770223],[4.374196,50.770857],[4.368696,50.772056],[4.367958,50.772219],[4.365897,50.772683],[4.364953,50.77289],[4.364844,50.772914],[4.364387,50.773015],[4.363981,50.773106],[4.363932,50.773117],[4.363895,50.773126],[4.363563,50.7732],[4.363099,50.773305],[4.363135,50.773163],[4.363154,50.773089],[4.363159,50.773067],[4.36348,50.773008],[4.363893,50.772993],[4.364064,50.772945],[4.364215,50.772902],[4.364233,50.77276],[4.364245,50.772586],[4.364247,50.772554],[4.364247,50.772547],[4.364274,50.77243],[4.364259,50.772396],[4.364243,50.772361],[4.364189,50.772235],[4.364163,50.772178],[4.364161,50.772172],[4.364146,50.772143],[4.364098,50.77205],[4.364075,50.772007],[4.364057,50.771971],[4.364017,50.771893],[4.364003,50.771869],[4.363984,50.771835],[4.36397,50.771809],[4.36391,50.771703],[4.363889,50.771666],[4.36387,50.77163],[4.363864,50.77162],[4.363775,50.771453],[4.363772,50.771448],[4.36373,50.771367],[4.363458,50.771489],[4.362511,50.771914],[4.362902,50.772342],[4.361162,50.772628],[4.360539,50.77273],[4.360365,50.772759],[4.356319,50.773434],[4.356221,50.77345],[4.356204,50.773451],[4.356102,50.773452],[4.356041,50.773452],[4.355947,50.773453],[4.3558,50.773459],[4.355734,50.773464],[4.355697,50.773468],[4.355657,50.773475],[4.355624,50.773483],[4.35555,50.773505],[4.35546,50.773531],[4.355411,50.773545],[4.355372,50.773556],[4.35532,50.773566],[4.355276,50.77357],[4.355211,50.773573],[4.355158,50.773571],[4.355116,50.773569],[4.355071,50.773564],[4.355031,50.773555],[4.354981,50.773541],[4.354948,50.773527],[4.354883,50.773506],[4.354845,50.7735],[4.354799,50.773499],[4.354764,50.773501],[4.354752,50.773507],[4.354739,50.773515],[4.354711,50.773538],[4.354681,50.773569],[4.354659,50.773599],[4.354642,50.77361],[4.354619,50.773615],[4.354458,50.773612],[4.354385,50.773607],[4.354345,50.7736],[4.354309,50.773588],[4.354276,50.773572],[4.354232,50.773545],[4.354201,50.773516],[4.354185,50.773507],[4.354168,50.773498],[4.354075,50.773519],[4.353998,50.773498],[4.35397,50.773492],[4.353937,50.773505],[4.353871,50.773558],[4.35379,50.773575],[4.353735,50.773602],[4.353584,50.77359],[4.353403,50.773564],[4.353244,50.773536],[4.353124,50.773522],[4.353001,50.773514],[4.352865,50.773548],[4.35275,50.773601],[4.352566,50.77365],[4.352364,50.773648],[4.352301,50.773658],[4.352286,50.77369],[4.352184,50.77371],[4.35216,50.773725],[4.352107,50.773785],[4.352066,50.773806],[4.351952,50.773844],[4.35191,50.773874],[4.351672,50.773978],[4.351497,50.774063],[4.351422,50.77409],[4.351344,50.774111],[4.351237,50.774137],[4.351041,50.774185],[4.350941,50.774211],[4.350755,50.774252],[4.350531,50.774297],[4.350506,50.774306],[4.350442,50.77434],[4.350412,50.77435],[4.35038,50.774354],[4.350347,50.774351],[4.35031,50.774344],[4.350291,50.77435],[4.350282,50.774359],[4.35026,50.774372],[4.350236,50.774379],[4.350185,50.774385],[4.350126,50.77441],[4.350093,50.774431],[4.350057,50.774462],[4.350017,50.774486],[4.349907,50.77453],[4.349829,50.774546],[4.349758,50.774558],[4.34968,50.774562],[4.349609,50.774561],[4.34954,50.774554],[4.349452,50.774542],[4.349369,50.774532],[4.349342,50.774492],[4.349316,50.774465],[4.349271,50.774471],[4.349194,50.77449],[4.349081,50.774521],[4.349017,50.774543],[4.348991,50.774552],[4.348929,50.774564],[4.348906,50.774577],[4.348883,50.774606],[4.348866,50.774662],[4.348856,50.774685],[4.34881,50.774702],[4.348756,50.774703],[4.348715,50.774698],[4.348654,50.774681],[4.348615,50.774662],[4.348572,50.774642],[4.348547,50.774642],[4.348495,50.77466],[4.348465,50.77467],[4.348422,50.774676],[4.348367,50.774678],[4.348334,50.77468],[4.348256,50.774689],[4.348148,50.774705],[4.348031,50.774727],[4.347965,50.774741],[4.347875,50.774767],[4.347827,50.774774],[4.347802,50.774781],[4.347784,50.774793],[4.347755,50.774825],[4.347742,50.77485],[4.347735,50.774893],[4.347727,50.774965],[4.347712,50.775002],[4.347674,50.775052],[4.347659,50.775064],[4.347595,50.775112],[4.347578,50.775131],[4.347563,50.775164],[4.347554,50.775213],[4.347543,50.775253],[4.347523,50.775296],[4.347495,50.775324],[4.347468,50.775347],[4.347409,50.77539],[4.347367,50.775414],[4.347287,50.77545],[4.347235,50.775467],[4.347178,50.77548],[4.347142,50.775486],[4.347096,50.77549],[4.347048,50.77549],[4.346956,50.775485],[4.346915,50.775484],[4.346874,50.775494],[4.346832,50.775506],[4.346804,50.775511],[4.346763,50.775508],[4.346707,50.775501],[4.346615,50.775482],[4.34655,50.775474],[4.346498,50.77547],[4.346372,50.775462],[4.346285,50.775456],[4.346252,50.775451],[4.346192,50.775441],[4.346148,50.775437],[4.346111,50.77544],[4.346084,50.775447],[4.346022,50.775472],[4.345958,50.775496],[4.345931,50.775503],[4.345894,50.775505],[4.34586,50.7755],[4.345789,50.775477],[4.345696,50.775448],[4.345624,50.775426],[4.34555,50.775412],[4.345501,50.775412],[4.345437,50.775414],[4.345376,50.775419],[4.345295,50.775432],[4.34518,50.775459],[4.345141,50.775461],[4.345114,50.775459],[4.345085,50.775452],[4.345013,50.775425],[4.344961,50.775412],[4.344934,50.775414],[4.344889,50.775427],[4.34485,50.775441],[4.344815,50.775449],[4.344777,50.775454],[4.344735,50.775454],[4.344698,50.775448],[4.34465,50.775436],[4.344576,50.775409],[4.344525,50.775389],[4.3445,50.775364],[4.344496,50.775343],[4.344485,50.775314],[4.344469,50.775298],[4.344452,50.775295],[4.344429,50.775298],[4.344344,50.775328],[4.344249,50.775363],[4.344191,50.77538],[4.344126,50.77539],[4.344085,50.775392],[4.344035,50.775386],[4.344009,50.77537],[4.343988,50.775347],[4.343967,50.775312],[4.343953,50.775269],[4.343954,50.775244],[4.344007,50.775184],[4.344015,50.775164],[4.344006,50.775135],[4.343953,50.775099],[4.343915,50.775087],[4.343803,50.775069],[4.343755,50.775058],[4.343698,50.775041],[4.343622,50.775007],[4.343476,50.774942],[4.343429,50.774926],[4.343362,50.774911],[4.34332,50.774898],[4.34326,50.774871],[4.343204,50.774843],[4.343095,50.77479],[4.343028,50.774761],[4.342967,50.774742],[4.34292,50.77473],[4.342777,50.774705],[4.342723,50.774693],[4.34262,50.774661],[4.342525,50.774634],[4.342371,50.77458],[4.342204,50.774516],[4.342085,50.774473],[4.341971,50.774447],[4.341895,50.774431],[4.341801,50.774401],[4.341777,50.774386],[4.341641,50.774275],[4.341523,50.774156],[4.341476,50.774101],[4.34139,50.774002],[4.341346,50.773959],[4.341297,50.773934],[4.341137,50.773866],[4.341027,50.773823],[4.340989,50.773798],[4.340954,50.773749],[4.340931,50.773724],[4.340906,50.773705],[4.340838,50.773668],[4.340768,50.773597],[4.340746,50.773601],[4.339384,50.773829],[4.338827,50.773922],[4.337353,50.774169],[4.33722,50.774191],[4.336238,50.774356],[4.335661,50.774455],[4.335591,50.774467],[4.335577,50.77447],[4.335121,50.774562],[4.335052,50.774576],[4.335033,50.77458],[4.334972,50.774594],[4.334887,50.774615],[4.334149,50.774791],[4.333686,50.774906],[4.333613,50.774924],[4.333484,50.774956],[4.333449,50.774964],[4.333362,50.774986],[4.333268,50.775009],[4.333181,50.77503],[4.33308,50.775055],[4.332991,50.775077],[4.332765,50.775132],[4.332703,50.775147],[4.332652,50.77516],[4.332502,50.775197],[4.332434,50.775214],[4.332393,50.775224],[4.332352,50.775233],[4.331281,50.775491],[4.331211,50.775508],[4.331191,50.775521],[4.331182,50.775527],[4.331141,50.775554],[4.33112,50.775568],[4.331129,50.775592],[4.331123,50.775631],[4.331099,50.775659],[4.331056,50.775691],[4.331031,50.775716],[4.331019,50.77574],[4.331026,50.77576],[4.331053,50.775814],[4.33107,50.775839],[4.331085,50.775865],[4.331088,50.775908],[4.331059,50.775949],[4.330999,50.776019],[4.330942,50.776072],[4.33075,50.776275],[4.330723,50.776298],[4.33082,50.77635],[4.330854,50.776374],[4.330872,50.776391],[4.330892,50.776433],[4.330838,50.776465],[4.330757,50.776563],[4.330724,50.776593],[4.330655,50.776637],[4.330588,50.776728],[4.330562,50.776795],[4.33052,50.776883],[4.330495,50.776913],[4.330283,50.777087],[4.330268,50.777094],[4.330261,50.777097],[4.330159,50.777098],[4.330109,50.77711],[4.330079,50.777132],[4.330062,50.77715],[4.330025,50.777211],[4.329978,50.777285],[4.329958,50.777308],[4.329902,50.777355],[4.32988,50.777371],[4.329817,50.777407],[4.329802,50.77741],[4.329747,50.777422],[4.329722,50.777447],[4.329682,50.7775],[4.32966,50.777524],[4.329617,50.777553],[4.329588,50.777566],[4.329532,50.777585],[4.329507,50.77759],[4.329429,50.777602],[4.329372,50.777616],[4.329343,50.777624],[4.329278,50.777658],[4.329126,50.777756],[4.329052,50.777793],[4.328954,50.777826],[4.32879,50.77789],[4.328749,50.777912],[4.328676,50.777934],[4.328624,50.777945],[4.328537,50.777948],[4.328483,50.777954],[4.328452,50.77796],[4.328422,50.777991],[4.328409,50.778009],[4.32834,50.778071],[4.328246,50.778124],[4.328198,50.778136],[4.328177,50.778144],[4.328147,50.778159],[4.328092,50.778194],[4.328087,50.778198],[4.328068,50.778217],[4.32806,50.778227],[4.328025,50.77828],[4.327973,50.778313],[4.327916,50.778329],[4.327856,50.778333],[4.327794,50.778338],[4.327759,50.778343],[4.327716,50.778365],[4.327703,50.778375],[4.327683,50.778403],[4.327688,50.778429],[4.3277,50.778458],[4.327705,50.778468],[4.32775,50.778497],[4.327821,50.778532],[4.327859,50.77856],[4.327854,50.778573],[4.327811,50.778604],[4.327739,50.778616],[4.327691,50.778628],[4.327616,50.77866],[4.327601,50.778667],[4.327511,50.778721],[4.327498,50.778761],[4.327485,50.778793],[4.327468,50.778826],[4.327462,50.778835],[4.327435,50.778853],[4.32734,50.778895],[4.327319,50.778912],[4.327315,50.778927],[4.327311,50.778957],[4.327286,50.778983],[4.327266,50.778995],[4.327232,50.779007],[4.32722,50.77901],[4.327145,50.779022],[4.32712,50.779029],[4.327071,50.779047],[4.327059,50.779053],[4.327025,50.779081],[4.327013,50.779093],[4.32696,50.779188],[4.326956,50.779202],[4.326963,50.779237],[4.32696,50.779291],[4.326809,50.779382],[4.326786,50.779398],[4.32677,50.779416],[4.32676,50.779449],[4.326738,50.779486],[4.326667,50.779522],[4.326277,50.779691],[4.326041,50.779778],[4.32595,50.779822],[4.325764,50.779903],[4.325683,50.77992],[4.325566,50.779938],[4.325537,50.779942],[4.32543,50.779946],[4.325382,50.779967],[4.325299,50.78006],[4.325272,50.780105],[4.325251,50.780161],[4.325254,50.780239],[4.325236,50.780324],[4.325208,50.780389],[4.325191,50.780449],[4.325181,50.780493],[4.325161,50.780574],[4.325144,50.780686],[4.325095,50.780735],[4.324974,50.780867],[4.324935,50.780903],[4.32491,50.78092],[4.32486,50.780944],[4.324792,50.780971],[4.323192,50.782396],[4.322719,50.782656],[4.322358,50.782852],[4.322291,50.782888],[4.322271,50.782899],[4.321869,50.78317],[4.321773,50.783362],[4.321778,50.783401],[4.321784,50.783442],[4.321785,50.78348],[4.321785,50.783513],[4.321557,50.783787],[4.32152,50.783867],[4.321602,50.783923],[4.321646,50.783999],[4.321629,50.78417],[4.321616,50.784214],[4.321614,50.784221],[4.321601,50.784249],[4.321567,50.784281],[4.321447,50.784334],[4.32142,50.784372],[4.321426,50.784429],[4.321423,50.784486],[4.321404,50.784514],[4.321357,50.784552],[4.321297,50.78459],[4.321238,50.784625],[4.321177,50.784672],[4.321159,50.784713],[4.321143,50.784751],[4.321118,50.784796],[4.321178,50.784895],[4.321174,50.784963],[4.321163,50.78502],[4.321173,50.785039],[4.321292,50.785087],[4.321292,50.785124],[4.321188,50.785188],[4.321171,50.785286],[4.321221,50.785329],[4.321229,50.78536],[4.321209,50.785386],[4.321175,50.785401],[4.321081,50.78541],[4.321025,50.785409],[4.320958,50.785446],[4.320922,50.785496],[4.32091,50.785549],[4.320918,50.785585],[4.320931,50.78562],[4.320928,50.78564],[4.320903,50.785654],[4.320871,50.785655],[4.320785,50.785644],[4.320685,50.785646],[4.320611,50.785664],[4.320578,50.785695],[4.32057,50.785727],[4.32066,50.785849],[4.320552,50.786024],[4.320516,50.78606],[4.320465,50.786079],[4.320424,50.7861],[4.320412,50.786117],[4.320404,50.786136],[4.320425,50.786164],[4.320434,50.786177],[4.320445,50.786218],[4.32043,50.786251],[4.320455,50.786291],[4.32049,50.786314],[4.320449,50.78635],[4.32039,50.786375],[4.320307,50.786428],[4.320254,50.786455],[4.320194,50.786487],[4.320099,50.786561],[4.320005,50.786636],[4.319814,50.786759],[4.31975,50.786798],[4.319712,50.786829],[4.319561,50.786879],[4.319501,50.786882],[4.319361,50.786849],[4.319335,50.786878],[4.319335,50.786948],[4.319335,50.786961],[4.319334,50.786963],[4.319304,50.787001],[4.319252,50.787103],[4.319192,50.787205],[4.319145,50.787383],[4.319141,50.787449],[4.319142,50.787575],[4.319128,50.787609],[4.31913,50.787627],[4.319135,50.787638],[4.319204,50.787652],[4.319264,50.787658],[4.319303,50.787647],[4.319338,50.787628],[4.319359,50.787629],[4.319426,50.787644],[4.319472,50.787659],[4.319481,50.787664],[4.319516,50.787688],[4.31952,50.787745],[4.319527,50.787766],[4.31954,50.787839],[4.319453,50.787894],[4.319366,50.787917],[4.319303,50.787955],[4.319287,50.787991],[4.319293,50.788011],[4.319294,50.788015],[4.31935,50.788047],[4.319398,50.78808],[4.319414,50.788146],[4.319426,50.788157],[4.319418,50.788163],[4.319352,50.788241],[4.319331,50.788323],[4.319333,50.788367],[4.319412,50.788391],[4.319444,50.788407],[4.319581,50.788439],[4.319639,50.78846],[4.319662,50.7885],[4.319652,50.788531],[4.319592,50.788595],[4.319586,50.788609],[4.319597,50.788619],[4.31963,50.788635],[4.319674,50.788648],[4.319701,50.788662],[4.319721,50.788672],[4.319723,50.788688],[4.319708,50.788754],[4.319677,50.788794],[4.319631,50.788841],[4.319543,50.788865],[4.319526,50.78887],[4.319474,50.788865],[4.31942,50.78887],[4.319385,50.788892],[4.319346,50.78892],[4.319321,50.788982],[4.319302,50.789013],[4.319255,50.789038],[4.319199,50.789073],[4.319173,50.789099],[4.319159,50.789125],[4.319174,50.789174],[4.31917,50.789235],[4.319156,50.78929],[4.31914,50.789361],[4.319169,50.789376],[4.319205,50.789398],[4.319211,50.789434],[4.319206,50.789442],[4.319194,50.789464],[4.319184,50.789477],[4.319179,50.789481],[4.319157,50.789494],[4.319135,50.789503],[4.319131,50.789503],[4.319103,50.789504],[4.319069,50.789506],[4.319062,50.789518],[4.319061,50.789544],[4.319056,50.789549],[4.31904,50.789567],[4.319017,50.789593],[4.319013,50.789596],[4.318992,50.789616],[4.318937,50.789678],[4.318924,50.789689],[4.319046,50.78973],[4.319191,50.789759],[4.31919,50.789795],[4.319122,50.78987],[4.319103,50.789919],[4.31911,50.789983],[4.319132,50.790002],[4.319143,50.790014],[4.319224,50.790101],[4.319226,50.790108],[4.319205,50.79013],[4.319193,50.790142],[4.319176,50.790152],[4.31914,50.790177],[4.319052,50.790236],[4.319035,50.790251],[4.319015,50.790264],[4.318958,50.790299],[4.318956,50.7903],[4.318947,50.790315],[4.318938,50.790335],[4.31894,50.790347],[4.318955,50.790375],[4.318977,50.790401],[4.318975,50.790425],[4.318955,50.790462],[4.318943,50.790472],[4.318879,50.790498],[4.318795,50.790551],[4.318787,50.790556],[4.318786,50.790579],[4.318785,50.790595],[4.318783,50.790628],[4.318779,50.790637],[4.318763,50.79067],[4.318707,50.790685],[4.318662,50.790693],[4.318531,50.790655],[4.31848,50.790643],[4.318364,50.790616],[4.318291,50.790604],[4.318276,50.790611],[4.318249,50.790654],[4.318225,50.790695],[4.318224,50.790697],[4.318208,50.790741],[4.318207,50.790742],[4.318202,50.790783],[4.318216,50.790836],[4.31823,50.790877],[4.31823,50.790915],[4.318181,50.791027],[4.318189,50.791045],[4.318205,50.791059],[4.31826,50.791103],[4.318305,50.79113],[4.318347,50.791169],[4.318371,50.791204],[4.318376,50.791238],[4.318364,50.791287],[4.318359,50.791327],[4.318372,50.791352],[4.318376,50.791357],[4.318396,50.791377],[4.318445,50.79141],[4.318481,50.791452],[4.318522,50.791542],[4.318559,50.791698],[4.318466,50.791834],[4.318468,50.791845],[4.318486,50.791868],[4.318528,50.791881],[4.31862,50.791909],[4.318677,50.791944],[4.318714,50.791983],[4.318744,50.792032],[4.318765,50.792088],[4.318768,50.792148],[4.318669,50.792242],[4.318634,50.792274],[4.318552,50.792328],[4.318539,50.792352],[4.318547,50.792406],[4.318518,50.792449],[4.318494,50.792457],[4.318386,50.792452],[4.318314,50.792456],[4.31828,50.79247],[4.318232,50.792691],[4.318249,50.792742],[4.318323,50.792787],[4.318344,50.792827],[4.318347,50.792902],[4.318325,50.792931],[4.318248,50.79296],[4.318218,50.792997],[4.318245,50.793072],[4.318306,50.79315],[4.318327,50.79323],[4.318336,50.793292],[4.318314,50.793362],[4.318295,50.793401],[4.318258,50.793425],[4.318177,50.793419],[4.318121,50.793472],[4.318115,50.793492],[4.318136,50.793532],[4.318141,50.793576],[4.318096,50.793628],[4.318079,50.793639],[4.317958,50.793703],[4.317918,50.793758],[4.317937,50.793917],[4.317935,50.793955],[4.317996,50.794032],[4.318002,50.794054],[4.317969,50.794122],[4.317971,50.794147],[4.318014,50.7942],[4.318008,50.794243],[4.317977,50.794282],[4.317946,50.794328],[4.3179,50.794354],[4.317862,50.79441],[4.31787,50.794464],[4.317889,50.794492],[4.317892,50.794532],[4.31787,50.794591],[4.31789,50.794659],[4.317886,50.794696],[4.317858,50.794749],[4.317818,50.794795],[4.317751,50.79486],[4.317712,50.794919],[4.317721,50.794985],[4.317716,50.795036],[4.317629,50.795111],[4.317585,50.795128],[4.317528,50.795136],[4.317484,50.795132],[4.31745,50.795117],[4.317397,50.795126],[4.31729,50.795181],[4.317217,50.795199],[4.317201,50.795226],[4.317245,50.795276],[4.317238,50.795313],[4.317222,50.795327],[4.317198,50.795332],[4.31716,50.79534],[4.317106,50.79536],[4.317058,50.795387],[4.317023,50.79543],[4.316994,50.795481],[4.316961,50.795516],[4.316941,50.79554],[4.316944,50.795557],[4.316965,50.795577],[4.316972,50.795597],[4.316968,50.795612],[4.316925,50.795639],[4.316876,50.795658],[4.316829,50.795674],[4.31681,50.795689],[4.316815,50.795728],[4.316824,50.795768],[4.316816,50.795831],[4.316783,50.795879],[4.316743,50.795912],[4.316642,50.795988],[4.316609,50.79601],[4.316571,50.796036],[4.316558,50.796049],[4.316561,50.796061],[4.316609,50.796108],[4.316626,50.796144],[4.316607,50.796178],[4.316578,50.796199],[4.316511,50.796203],[4.316448,50.796224],[4.316435,50.796263],[4.316426,50.796321],[4.316396,50.796352],[4.316339,50.796359],[4.316246,50.796381],[4.316185,50.796379],[4.316135,50.796359],[4.3161,50.796331],[4.316067,50.796288],[4.316024,50.796297],[4.315988,50.79633],[4.315948,50.796367],[4.31589,50.796399],[4.315843,50.796404],[4.315798,50.796396],[4.315739,50.796378],[4.315692,50.796372],[4.315615,50.796397],[4.315546,50.796429],[4.315476,50.796448],[4.315433,50.796452],[4.315405,50.796442],[4.315379,50.796412],[4.315341,50.796383],[4.315262,50.796376],[4.315209,50.796395],[4.31516,50.796431],[4.315063,50.796511],[4.314982,50.796557],[4.314932,50.796568],[4.314858,50.796524],[4.314755,50.796484],[4.314709,50.796457],[4.314691,50.796429],[4.314652,50.796417],[4.314593,50.796426],[4.314479,50.796452],[4.314425,50.796453],[4.314373,50.796435],[4.314307,50.796389],[4.314267,50.796374],[4.314198,50.796351],[4.314136,50.796342],[4.314115,50.796354],[4.31411,50.7964],[4.314139,50.796447],[4.314155,50.796491],[4.314201,50.796572],[4.314226,50.79662],[4.314273,50.796714],[4.314279,50.796726],[4.314249,50.796767],[4.314186,50.796855],[4.314009,50.796925],[4.313983,50.796952],[4.314054,50.797004],[4.314045,50.797013],[4.314024,50.797033],[4.313976,50.797042],[4.313824,50.797011],[4.313739,50.796999],[4.313716,50.79711],[4.313694,50.797115],[4.313542,50.797148],[4.313327,50.797168],[4.313266,50.797262],[4.313048,50.797307],[4.313043,50.797359],[4.313004,50.797384],[4.312946,50.797403],[4.312822,50.797418],[4.31267,50.797422],[4.312568,50.797434],[4.31249,50.797459],[4.312502,50.797494],[4.312452,50.797495],[4.312322,50.797498],[4.312162,50.797513],[4.311979,50.797516],[4.311835,50.797492],[4.311798,50.797511],[4.311804,50.797626],[4.311809,50.797713],[4.311817,50.797844],[4.31182,50.797912],[4.311824,50.797966],[4.311971,50.798026],[4.312215,50.798146],[4.312343,50.7982],[4.312511,50.798271],[4.313194,50.798534],[4.313572,50.798636],[4.313907,50.798735],[4.313973,50.798755],[4.31404,50.798775],[4.314399,50.798885],[4.314706,50.798979],[4.314961,50.79906],[4.315113,50.7991],[4.315118,50.799095],[4.315147,50.799065],[4.31516,50.799062],[4.315304,50.799081],[4.315353,50.799094],[4.315382,50.799101],[4.31539,50.799103],[4.315442,50.79913],[4.315502,50.799161],[4.315537,50.799176],[4.315557,50.799182],[4.315633,50.799204],[4.315639,50.799204],[4.315854,50.799215],[4.315898,50.799239],[4.315968,50.799278],[4.316027,50.799293],[4.316123,50.799317],[4.316286,50.799399],[4.316325,50.799419],[4.316324,50.799421],[4.316318,50.799437],[4.3164,50.799513],[4.316668,50.799686],[4.316712,50.79971],[4.316732,50.799721],[4.316773,50.799741],[4.316878,50.799789],[4.316949,50.799818],[4.31701,50.799834],[4.31706,50.799845],[4.317141,50.799857],[4.317262,50.799863],[4.317353,50.799863],[4.31744,50.79986],[4.317644,50.799843],[4.317851,50.799821],[4.31791,50.799822],[4.317987,50.799824],[4.318092,50.799828],[4.318162,50.799839],[4.318166,50.799839],[4.318177,50.799842],[4.318252,50.79986],[4.318367,50.79989],[4.318392,50.799899],[4.318468,50.799934],[4.318511,50.799961],[4.318539,50.799979],[4.31857,50.799991],[4.318575,50.799993],[4.318616,50.800008],[4.318693,50.800014],[4.318721,50.799998],[4.318809,50.799931],[4.318906,50.799967],[4.319092,50.800038],[4.319219,50.800087],[4.319374,50.800145],[4.319397,50.800154],[4.321706,50.800666],[4.321718,50.800682],[4.321791,50.800777],[4.321846,50.800848],[4.321955,50.80099],[4.322002,50.80105],[4.322146,50.801238],[4.322258,50.801383],[4.322551,50.801763],[4.322903,50.802219],[4.323303,50.802737],[4.323472,50.802956],[4.323515,50.803011],[4.323603,50.803125],[4.324317,50.803804],[4.324723,50.804518],[4.324824,50.804892],[4.324912,50.805206],[4.324924,50.805251],[4.324933,50.805284],[4.324945,50.805334],[4.324976,50.805455],[4.32498,50.805471],[4.324981,50.805475],[4.325088,50.805485],[4.326431,50.805605],[4.326495,50.805611],[4.326525,50.805614],[4.326787,50.805637],[4.327038,50.805659],[4.327273,50.805679],[4.327358,50.805677],[4.32782,50.805663],[4.327921,50.80566],[4.327926,50.805676],[4.327955,50.805763],[4.328117,50.806261],[4.328185,50.806471],[4.328191,50.806488],[4.328247,50.806659],[4.328268,50.806677],[4.328436,50.806604],[4.328461,50.806593],[4.32858,50.806518],[4.32927,50.80636],[4.330362,50.806253],[4.330728,50.80629],[4.330858,50.806327],[4.330823,50.806376],[4.330866,50.806415],[4.330879,50.806427],[4.330932,50.806475],[4.330986,50.806525],[4.331009,50.806545],[4.331017,50.806553],[4.331036,50.80657],[4.331065,50.806596],[4.331106,50.806634],[4.331144,50.806669],[4.331191,50.806712],[4.331225,50.806743],[4.331243,50.806759],[4.331332,50.80684],[4.331368,50.806872],[4.331425,50.806925],[4.331477,50.806972],[4.33149,50.806984],[4.331624,50.807106],[4.33166,50.807139],[4.331701,50.807177],[4.331771,50.80724],[4.331829,50.807292],[4.331853,50.807313],[4.33188,50.807336],[4.331972,50.807414],[4.331989,50.807429],[4.332062,50.807491],[4.332102,50.807525],[4.332114,50.807539],[4.332137,50.807566],[4.332166,50.8076],[4.332175,50.807612],[4.332248,50.807699],[4.332266,50.80772],[4.33231,50.807773],[4.332341,50.80781],[4.332358,50.80783],[4.332376,50.807852],[4.332389,50.807868],[4.332418,50.807904],[4.332433,50.807924],[4.33245,50.807946],[4.332499,50.807954],[4.332585,50.807969],[4.332691,50.807988],[4.332762,50.808],[4.332811,50.808008],[4.333012,50.808043],[4.333203,50.808076],[4.33351,50.80813],[4.333551,50.808137],[4.333794,50.808179],[4.333924,50.808202],[4.334042,50.808222],[4.334514,50.808304],[4.335533,50.808485],[4.335214,50.809439],[4.335181,50.809538],[4.335624,50.809636],[4.335833,50.80963],[4.335857,50.809627],[4.335954,50.809615],[4.336158,50.809589],[4.336502,50.809546],[4.336556,50.809539],[4.33658,50.80959],[4.336601,50.809635],[4.336659,50.809762],[4.336768,50.809998],[4.336817,50.810103],[4.33685,50.810176],[4.336959,50.810411],[4.337005,50.81051],[4.337044,50.810594],[4.337065,50.810641],[4.337087,50.810669],[4.337112,50.810702],[4.33713,50.810735],[4.337132,50.810738],[4.337153,50.810776],[4.337168,50.810803],[4.337175,50.810816],[4.337177,50.810819],[4.337205,50.810879],[4.337208,50.810887],[4.33723,50.810924],[4.33726,50.810974],[4.337262,50.81098],[4.337289,50.811045],[4.337311,50.811098],[4.337297,50.811116],[4.337267,50.811149],[4.337201,50.811194],[4.336925,50.811318],[4.336754,50.811394],[4.336751,50.811396],[4.336736,50.811406],[4.336732,50.811408],[4.336662,50.811451],[4.336595,50.811494],[4.336529,50.811535],[4.336408,50.81161],[4.336404,50.811613],[4.336055,50.811792],[4.335806,50.81198],[4.33578,50.812],[4.335713,50.812049],[4.335694,50.812063],[4.335672,50.81208],[4.335609,50.812135],[4.335571,50.812168],[4.335471,50.812255],[4.335376,50.812339],[4.335332,50.812377],[4.335096,50.812595],[4.335076,50.812614],[4.33506,50.812632],[4.335027,50.812667],[4.3349,50.812806],[4.334812,50.812901],[4.334786,50.812957],[4.334781,50.812972],[4.334834,50.812997],[4.334959,50.813055],[4.334982,50.813059],[4.335071,50.813077],[4.335284,50.81315],[4.335384,50.813173],[4.335471,50.813184],[4.335705,50.813191],[4.335777,50.813197],[4.335817,50.813201],[4.33587,50.81321],[4.335915,50.81324],[4.336289,50.81349],[4.336548,50.813735],[4.337169,50.813935],[4.33732,50.813945],[4.33756,50.814408],[4.337568,50.814448],[4.337604,50.814603],[4.337704,50.814996],[4.337751,50.815183],[4.337992,50.815139],[4.338035,50.81513],[4.338158,50.815107],[4.338193,50.8151],[4.339384,50.814958],[4.339489,50.814998],[4.339645,50.815058],[4.340698,50.81496],[4.340805,50.815109],[4.340994,50.815102],[4.34105,50.815064],[4.3412,50.815024],[4.3413,50.814997],[4.341444,50.814964],[4.341602,50.814928],[4.341634,50.814921],[4.341738,50.814897],[4.341742,50.814896],[4.341842,50.814873],[4.341857,50.814869],[4.341989,50.814839],[4.342,50.814837],[4.342011,50.814818],[4.342129,50.814803],[4.342282,50.814784],[4.342407,50.814769],[4.342433,50.814765],[4.342461,50.814759],[4.342551,50.814739],[4.342652,50.814717],[4.342763,50.814692],[4.342768,50.814691],[4.342912,50.814654],[4.34295,50.814637],[4.343004,50.814606],[4.343035,50.814545],[4.343036,50.814453],[4.343039,50.814314],[4.343039,50.814292],[4.34306,50.81429],[4.343062,50.81429],[4.343175,50.814278],[4.343178,50.814277],[4.343232,50.814264],[4.34327,50.814255],[4.343276,50.814252],[4.343281,50.81425],[4.343316,50.814235],[4.34339,50.814203],[4.343394,50.814201],[4.343495,50.81416],[4.343506,50.814156],[4.343539,50.814141],[4.343597,50.814114],[4.343605,50.814112],[4.343656,50.814097],[4.343718,50.814083],[4.343787,50.814068],[4.343815,50.814064],[4.343879,50.814055],[4.343917,50.814049],[4.343973,50.814041],[4.344066,50.814027],[4.344413,50.814046],[4.344755,50.814061],[4.344811,50.814101],[4.344833,50.814117],[4.344896,50.814122],[4.344964,50.814127],[4.345052,50.814089],[4.345106,50.814095],[4.345239,50.81411],[4.345305,50.814118],[4.34545,50.814135],[4.345604,50.814153],[4.34601,50.814196],[4.346115,50.814209],[4.347284,50.81426],[4.347711,50.81428],[4.347921,50.814289],[4.348166,50.814298],[4.348328,50.814304],[4.348509,50.814311],[4.34909,50.814334],[4.350128,50.814378],[4.351341,50.814432],[4.351552,50.814441],[4.351917,50.814457],[4.35415,50.814551],[4.354362,50.814559],[4.355888,50.814623],[4.356008,50.814628],[4.35611,50.814632],[4.357523,50.814691],[4.357402,50.815118],[4.35734,50.81534],[4.357315,50.815428],[4.357661,50.81544],[4.357584,50.815711],[4.357688,50.815723],[4.357967,50.815754],[4.35778,50.816419],[4.358586,50.816534],[4.358793,50.816565],[4.359418,50.816653],[4.359473,50.816493],[4.360089,50.816604],[4.3603,50.816625],[4.360527,50.816666],[4.361159,50.816443],[4.36134,50.816376],[4.361787,50.816221],[4.362374,50.816338],[4.362482,50.816091],[4.362558,50.815918],[4.362613,50.815792],[4.363158,50.815814],[4.363371,50.81582],[4.363634,50.815831],[4.365006,50.816238],[4.3652,50.816294],[4.365779,50.816463],[4.366312,50.816655],[4.366338,50.81663],[4.366514,50.816702],[4.366538,50.816725],[4.366638,50.816818],[4.366668,50.816845],[4.366765,50.816936],[4.36679,50.816934],[4.3669,50.816925],[4.36691,50.816924],[4.366922,50.816919],[4.366962,50.816901],[4.366971,50.816897],[4.367004,50.816882],[4.367046,50.816863],[4.367065,50.816853],[4.367118,50.816824],[4.36714,50.816809],[4.367186,50.816777],[4.367225,50.816751],[4.367255,50.81673],[4.367277,50.816715],[4.367322,50.816684],[4.367314,50.816641],[4.367306,50.816594],[4.367303,50.81658],[4.367293,50.816522],[4.36737,50.81649],[4.367436,50.816462],[4.367523,50.816426],[4.367525,50.816425],[4.367539,50.816419],[4.367636,50.816378],[4.367672,50.816363],[4.36773,50.816339],[4.367796,50.816349],[4.367799,50.816343],[4.367813,50.816313],[4.367851,50.81622],[4.367863,50.81619],[4.36807,50.816218],[4.368075,50.816207],[4.368084,50.816187],[4.368092,50.816166],[4.368144,50.816045],[4.36755,50.815943],[4.367596,50.815834],[4.367647,50.815713],[4.367764,50.815435],[4.367786,50.815439],[4.367875,50.815213],[4.367978,50.815229],[4.368041,50.815071],[4.368095,50.814932],[4.368121,50.814865],[4.368298,50.814177],[4.368284,50.813987],[4.367996,50.813946],[4.368006,50.813921],[4.367836,50.813895],[4.3685,50.812204],[4.368634,50.811873],[4.369141,50.810554],[4.369261,50.810277],[4.369365,50.810065],[4.369477,50.809871],[4.369497,50.809842],[4.369518,50.809811],[4.369603,50.809677],[4.369751,50.809445],[4.369778,50.809453],[4.370107,50.809343],[4.370441,50.809194],[4.37049,50.809175],[4.370616,50.80911],[4.370865,50.808964],[4.37087,50.808966],[4.37109,50.808838],[4.371071,50.808755],[4.371178,50.808748],[4.372423,50.808476],[4.37296,50.808174],[4.372976,50.808109],[4.372725,50.807802],[4.372981,50.807574],[4.372774,50.806708],[4.37175,50.806652],[4.371765,50.806625],[4.37182,50.806528],[4.371881,50.806412],[4.371923,50.806339],[4.371937,50.806312],[4.371976,50.806225],[4.372019,50.806123],[4.372073,50.805986],[4.372138,50.80581],[4.372183,50.80568],[4.372194,50.805651],[4.372231,50.805515],[4.372407,50.804252],[4.372761,50.803297],[4.372817,50.803149],[4.372824,50.80313],[4.372837,50.803095],[4.373359,50.803211],[4.373571,50.80269],[4.373229,50.802638],[4.37341,50.802375],[4.373454,50.802338],[4.373599,50.802213],[4.373639,50.802178],[4.373671,50.802151],[4.373674,50.802148],[4.373817,50.802059],[4.373895,50.801992],[4.373939,50.801955],[4.374104,50.801871],[4.374214,50.801819],[4.374304,50.801767],[4.374368,50.801739],[4.37473,50.801586],[4.374809,50.801557],[4.374963,50.80149],[4.37512,50.801421],[4.375267,50.801387],[4.375473,50.801296],[4.375601,50.801241],[4.375694,50.801163],[4.37581,50.800993],[4.376513,50.800906],[4.376753,50.80091],[4.376789,50.80091],[4.376904,50.80093],[4.377844,50.801104],[4.377943,50.801034],[4.377994,50.800281],[4.377852,50.800197],[4.377291,50.800008],[4.376584,50.799931],[4.376431,50.799912],[4.375466,50.799794],[4.375377,50.799784],[4.375377,50.799734],[4.375443,50.799725],[4.378472,50.799329],[4.394307,50.797219],[4.400814,50.796357],[4.400834,50.796191],[4.401019,50.794721],[4.4011,50.794064],[4.401159,50.794046],[4.401529,50.793934],[4.401728,50.79375],[4.401842,50.793636],[4.401995,50.793416],[4.402686,50.793628],[4.403237,50.793586],[4.403311,50.79358],[4.403479,50.792955],[4.403489,50.792915],[4.40369,50.79265],[4.403876,50.792546],[4.403771,50.792279],[4.403772,50.792112],[4.40295,50.791908],[4.402253,50.791736],[4.401985,50.791605],[4.401886,50.791557],[4.402499,50.791368],[4.400989,50.790478],[4.396873,50.789254],[4.396924,50.788872],[4.396976,50.788569],[4.397031,50.788227],[4.397046,50.788197],[4.400166,50.784881],[4.400223,50.78482],[4.406391,50.778583],[4.406543,50.778436],[4.409553,50.775482],[4.411355,50.773915],[4.41132,50.773908],[4.411292,50.773902],[4.4126,50.772339],[4.412613,50.772323]]]}},{"type":"Feature","properties":{"niscode":"21002","nameFr":"Auderghem","nameDut":"Oudergem","name":"Oudergem","area":8965894.35220559,"naam":"Oudergem","total_population":35350,"internal_in_num":3022,"internal_in_pct":0.08548797736916548,"internal_out_num":2930,"internal_out_pct":0.08288543140028289,"internal_balance_num":92,"internal_balance_pct":0.0026025459688826026,"international_balance_num":252,"international_balance_pct":0.007128712871287129,"age_pct_65plus":0.1662,"age_pct_under3":0.0276,"age_pct_0_17":0.2023,"age_count_12_17":7135,"age_pct_18_24":0.0855,"age_pct_18_64":0.6315,"age_pct_30_44":0.2218,"age_pct_3_5":0.033,"age_pct_45_64":0.2469,"age_pct_6_11":0.0703,"age_pct_65_79":0.1162,"age_pct_80plus":0.05,"age_count_0_17":7221,"age_count_18_64":22545,"age_count_65plus":5932,"hq_qual_basic":0.000434,"hq_qual_normal":0.945514,"hq_qual_luxurious":0.000824,"hq_build_pre1900":0.021015,"hq_build_1900_1940":0.190166,"hq_build_1941_1960":0.166906,"hq_build_1961_1990":0.310912,"hq_build_1991_2010":0.157432,"hq_build_post2011":0.15357,"hq_renov_by1982":0.013101,"hq_renov_by1992":0.018437,"hq_renov_by2002":0.043207,"hq_renov_by2012":0.102681,"hq_renov_by2022":0.061643,"hq_type_closed":0.212216,"hq_type_halfopen":0.058997,"hq_type_open":0.019391,"fam_single_parent":0.1104,"fam_alone_under30":0.0595,"fam_alone_18_29":0.1676,"fam_alone_65plus_pct":0.4029,"fam_alone_65plus_hh":0.146,"fam_couple_children":0.2528,"fam_couple_no_children":0.1796,"migbg_total":0.63,"migbg_belgian_with":0.326,"migbg_belgian_without":0.37,"nat_eu14_pct":0.158,"nat_belgian_pct":0.6794,"pri_avg_dwelling":946,"pri_avg_parcel":1631,"pri_std_dev":9263,"rc_per_ha":144271,"rc_total":39354225,"rc_pct_low":0.344029,"rc_pct_high":0.191717,"avg_net_income":45104,"zero_income_rate":0.144392,"avg_prof_income":44765,"tax_per_resident":6794,"bp_res_new_dwellings":8,"bp_res_apartments":3,"bp_res_houses":5,"bp_res_new_surface":2122,"bp_res_renovations":94,"bp_nonres_new":3,"bp_nonres_renov":6,"re_apt_median":319500,"re_apt_p25":255000,"re_apt_transactions":260,"re_house_median":575000,"re_house_transactions":141,"re_terraced_median":565000,"re_terraced_transactions":132,"re_detached_transactions":9,"hasData":true},"geometry":{"type":"Polygon","coordinates":[[[4.396051,50.825742],[4.396169,50.825802],[4.396938,50.82619],[4.396987,50.826215],[4.397037,50.82624],[4.397278,50.826093],[4.39729,50.826085],[4.399243,50.824916],[4.399259,50.824906],[4.399336,50.824858],[4.399443,50.824901],[4.401103,50.825627],[4.401201,50.825669],[4.401299,50.825711],[4.401438,50.825772],[4.401536,50.825814],[4.401633,50.825857],[4.402033,50.82603],[4.40219,50.826097],[4.402348,50.826165],[4.40314,50.826505],[4.403244,50.826553],[4.403347,50.8266],[4.403438,50.826639],[4.403581,50.826702],[4.403724,50.826764],[4.404361,50.827035],[4.404646,50.826933],[4.405518,50.826625],[4.405888,50.826456],[4.406388,50.826162],[4.406936,50.825864],[4.40753,50.825527],[4.408481,50.824869],[4.408543,50.824827],[4.408601,50.82479],[4.409487,50.824225],[4.409674,50.824106],[4.409884,50.823973],[4.410022,50.823875],[4.410144,50.823792],[4.410916,50.82329],[4.411057,50.823198],[4.411388,50.822989],[4.411568,50.822806],[4.411709,50.822668],[4.411772,50.822606],[4.411707,50.822561],[4.411757,50.822548],[4.412692,50.822302],[4.413125,50.822184],[4.413205,50.822207],[4.413292,50.822247],[4.413387,50.822284],[4.413429,50.822284],[4.413479,50.822267],[4.413538,50.822256],[4.413568,50.822259],[4.413591,50.822276],[4.413607,50.82229],[4.41362,50.822308],[4.413657,50.822408],[4.413665,50.82244],[4.413683,50.822476],[4.413692,50.822489],[4.413769,50.822528],[4.413959,50.822625],[4.414051,50.822673],[4.414274,50.822781],[4.414385,50.822842],[4.41446,50.822883],[4.414559,50.822936],[4.414569,50.82294],[4.414787,50.822849],[4.415235,50.82266],[4.415559,50.822532],[4.415702,50.822476],[4.416172,50.822279],[4.416469,50.822156],[4.417375,50.821783],[4.417599,50.821683],[4.417706,50.821643],[4.417778,50.821616],[4.417976,50.821601],[4.418454,50.821682],[4.418596,50.821706],[4.418906,50.821804],[4.418912,50.821807],[4.419427,50.822039],[4.420624,50.822844],[4.42067,50.822875],[4.42072,50.822924],[4.420817,50.822977],[4.420864,50.823],[4.420908,50.823022],[4.420981,50.823052],[4.421083,50.823086],[4.421441,50.823178],[4.421647,50.823243],[4.421784,50.823287],[4.421938,50.823347],[4.422106,50.823426],[4.422237,50.823503],[4.422549,50.823621],[4.422592,50.823702],[4.422629,50.823771],[4.422883,50.823883],[4.422986,50.823931],[4.423408,50.82408],[4.42344,50.824088],[4.42382,50.824182],[4.424,50.824249],[4.424616,50.824561],[4.424764,50.824644],[4.42496,50.824785],[4.425173,50.824917],[4.42567,50.82513],[4.425824,50.825207],[4.42602,50.82533],[4.426766,50.825681],[4.42697,50.825804],[4.427168,50.825898],[4.428138,50.826252],[4.428346,50.825862],[4.429072,50.826005],[4.429176,50.826061],[4.429622,50.826146],[4.429647,50.82615],[4.429903,50.826194],[4.43029,50.826222],[4.430672,50.826112],[4.431253,50.82557],[4.431445,50.825437],[4.43146,50.825429],[4.431687,50.825308],[4.43207,50.825104],[4.432234,50.825017],[4.432247,50.825075],[4.432262,50.82512],[4.433347,50.82513],[4.433411,50.825126],[4.433499,50.82511],[4.433626,50.825082],[4.433743,50.825004],[4.437245,50.822748],[4.437652,50.822486],[4.43836,50.82203],[4.439479,50.821325],[4.440562,50.820623],[4.440639,50.820573],[4.44074,50.820672],[4.440807,50.820732],[4.440849,50.820769],[4.440899,50.82081],[4.440998,50.820882],[4.441114,50.820957],[4.44121,50.820996],[4.441315,50.821034],[4.441413,50.821072],[4.441535,50.821128],[4.441617,50.821186],[4.441704,50.821246],[4.441746,50.821286],[4.441864,50.82141],[4.44196,50.82154],[4.442282,50.821932],[4.442384,50.82206],[4.442574,50.822299],[4.442639,50.822354],[4.442659,50.822366],[4.442758,50.822409],[4.442898,50.822455],[4.442978,50.822469],[4.443033,50.822482],[4.443335,50.822492],[4.443511,50.822503],[4.443561,50.822506],[4.443656,50.822511],[4.443829,50.822521],[4.44401,50.822532],[4.444548,50.822561],[4.444774,50.822575],[4.445006,50.822588],[4.445276,50.8226],[4.445709,50.822626],[4.445975,50.82264],[4.446165,50.822653],[4.446335,50.822662],[4.446548,50.822664],[4.446644,50.822655],[4.446769,50.822642],[4.446854,50.82263],[4.446866,50.822628],[4.447003,50.82259],[4.447569,50.822432],[4.447589,50.822427],[4.448012,50.822318],[4.448259,50.822234],[4.448389,50.82219],[4.448509,50.822163],[4.448524,50.82216],[4.449351,50.821979],[4.449512,50.821889],[4.44982,50.821705],[4.449879,50.821652],[4.450025,50.821535],[4.450322,50.821266],[4.450711,50.821146],[4.451464,50.820854],[4.452755,50.82038],[4.453357,50.819885],[4.453658,50.819452],[4.454296,50.818793],[4.45436,50.818728],[4.454618,50.818461],[4.454656,50.818422],[4.45468,50.81839],[4.454851,50.81817],[4.454976,50.817988],[4.455077,50.817857],[4.455145,50.817783],[4.455208,50.817722],[4.455351,50.817627],[4.455546,50.817514],[4.456404,50.817102],[4.456525,50.817032],[4.457556,50.816324],[4.456783,50.815873],[4.456044,50.81553],[4.455215,50.815157],[4.454194,50.815051],[4.453474,50.814622],[4.453061,50.814255],[4.452726,50.814021],[4.452022,50.813722],[4.451751,50.81344],[4.450584,50.813141],[4.449547,50.812472],[4.448422,50.811747],[4.448115,50.811543],[4.447918,50.811416],[4.447812,50.811341],[4.447803,50.811335],[4.44791,50.811279],[4.448029,50.811202],[4.448106,50.811104],[4.448183,50.810999],[4.448401,50.81082],[4.448462,50.810734],[4.448671,50.810487],[4.448916,50.810168],[4.449166,50.809996],[4.44953,50.809731],[4.449711,50.809656],[4.450143,50.809487],[4.450517,50.809369],[4.45111,50.809165],[4.451603,50.809005],[4.451943,50.808932],[4.45214,50.808939],[4.452576,50.808987],[4.452752,50.809034],[4.452875,50.809098],[4.453013,50.809205],[4.453925,50.809869],[4.454011,50.809949],[4.4541,50.810025],[4.454287,50.810173],[4.454552,50.810329],[4.45487,50.810487],[4.455121,50.810542],[4.455307,50.810532],[4.456076,50.810514],[4.456578,50.810527],[4.456843,50.81055],[4.457149,50.810591],[4.457623,50.810658],[4.45784,50.810658],[4.457843,50.810649],[4.457891,50.810508],[4.457894,50.810478],[4.457887,50.810427],[4.457857,50.810388],[4.45782,50.81037],[4.457749,50.810339],[4.457727,50.810319],[4.457697,50.810294],[4.457627,50.810225],[4.457598,50.810202],[4.457589,50.8102],[4.457394,50.810169],[4.457349,50.810161],[4.456572,50.810037],[4.456186,50.810071],[4.455909,50.810102],[4.455694,50.810128],[4.455559,50.810143],[4.455323,50.810174],[4.455256,50.810186],[4.455175,50.810186],[4.454989,50.810152],[4.454827,50.810098],[4.454724,50.810035],[4.45451,50.809891],[4.453947,50.809384],[4.453519,50.808982],[4.453312,50.808795],[4.453209,50.808709],[4.453018,50.808585],[4.45282,50.808499],[4.451786,50.80835],[4.451607,50.808334],[4.451582,50.808334],[4.451443,50.808356],[4.451372,50.808371],[4.451241,50.808416],[4.451042,50.808479],[4.450782,50.808553],[4.45025,50.808683],[4.44915,50.808629],[4.447679,50.808382],[4.447176,50.808297],[4.451297,50.806564],[4.453663,50.805569],[4.459569,50.803085],[4.464289,50.801099],[4.465491,50.800593],[4.471389,50.798111],[4.476111,50.796121],[4.480493,50.794278],[4.480609,50.794229],[4.480549,50.794177],[4.480243,50.793915],[4.480727,50.793736],[4.480837,50.793686],[4.481674,50.793282],[4.481634,50.793238],[4.481729,50.793203],[4.482009,50.7931],[4.482271,50.792989],[4.480105,50.792403],[4.479531,50.79225],[4.477606,50.79173],[4.47732,50.791652],[4.476864,50.791529],[4.476128,50.791331],[4.474816,50.79098],[4.474601,50.790922],[4.473925,50.790739],[4.472477,50.79035],[4.471316,50.790044],[4.470273,50.789762],[4.470229,50.789792],[4.469273,50.789959],[4.468748,50.790056],[4.468414,50.790119],[4.467306,50.790337],[4.466721,50.790437],[4.46656,50.790459],[4.466455,50.790467],[4.466333,50.790473],[4.466201,50.790477],[4.466146,50.790479],[4.465882,50.790484],[4.46547,50.790488],[4.464694,50.79049],[4.463252,50.7905],[4.462814,50.790499],[4.462416,50.7905],[4.462328,50.790501],[4.462133,50.790514],[4.461987,50.790533],[4.461909,50.790541],[4.461838,50.790553],[4.461732,50.790578],[4.461406,50.790643],[4.460454,50.790845],[4.459326,50.791092],[4.458856,50.791188],[4.458768,50.791208],[4.458624,50.79124],[4.458619,50.791242],[4.458473,50.791274],[4.458172,50.79135],[4.457879,50.791413],[4.457525,50.791483],[4.456946,50.791618],[4.456651,50.791677],[4.455881,50.791844],[4.455595,50.791904],[4.455386,50.791952],[4.455323,50.791967],[4.455254,50.792083],[4.454798,50.792844],[4.454211,50.793793],[4.453548,50.794883],[4.453258,50.795369],[4.452944,50.795884],[4.452195,50.79708],[4.451146,50.798754],[4.451141,50.798763],[4.450142,50.798509],[4.449943,50.798437],[4.449401,50.798228],[4.448995,50.798076],[4.448873,50.798057],[4.448452,50.797995],[4.445378,50.797717],[4.445361,50.797727],[4.443519,50.797558],[4.443501,50.797566],[4.442733,50.797902],[4.441405,50.798483],[4.441381,50.798493],[4.440002,50.799096],[4.439967,50.799111],[4.439099,50.79949],[4.43903,50.799521],[4.439015,50.799527],[4.439003,50.799532],[4.43882,50.799612],[4.432696,50.802288],[4.432614,50.802326],[4.432506,50.802377],[4.432448,50.802404],[4.432429,50.802413],[4.432322,50.802463],[4.432307,50.802468],[4.432215,50.802503],[4.432154,50.802526],[4.432092,50.80255],[4.431953,50.802616],[4.431932,50.802626],[4.431921,50.802631],[4.431865,50.802658],[4.431616,50.802777],[4.431521,50.802823],[4.431076,50.803023],[4.430049,50.803492],[4.42949,50.803763],[4.429226,50.803891],[4.429242,50.803908],[4.429396,50.804082],[4.429154,50.804138],[4.42915,50.804139],[4.429376,50.80442],[4.429464,50.80477],[4.429291,50.804834],[4.429171,50.804878],[4.429096,50.804906],[4.429019,50.804934],[4.428678,50.80506],[4.428442,50.80511],[4.428321,50.805164],[4.428336,50.80527],[4.428275,50.805475],[4.428256,50.805564],[4.428246,50.805645],[4.428236,50.805712],[4.428238,50.805801],[4.428255,50.805873],[4.428317,50.805888],[4.428293,50.805953],[4.42834,50.806029],[4.428533,50.806192],[4.428859,50.806374],[4.428944,50.806474],[4.429062,50.806702],[4.429069,50.806735],[4.429058,50.806795],[4.429016,50.806892],[4.429001,50.806939],[4.429009,50.806987],[4.429013,50.807013],[4.429027,50.80706],[4.429132,50.807306],[4.429205,50.807613],[4.42929,50.807857],[4.429293,50.807865],[4.429291,50.807923],[4.429291,50.807926],[4.429281,50.807939],[4.429215,50.808022],[4.429137,50.80812],[4.429133,50.808125],[4.429014,50.808275],[4.428958,50.808299],[4.428855,50.80839],[4.428705,50.808598],[4.428676,50.808625],[4.428675,50.808626],[4.428476,50.808901],[4.428647,50.809339],[4.428657,50.809639],[4.428672,50.809732],[4.42867,50.80979],[4.428656,50.809833],[4.428596,50.809893],[4.428496,50.809936],[4.428466,50.810014],[4.427933,50.8101],[4.427653,50.810145],[4.427647,50.810146],[4.427377,50.81019],[4.427139,50.810228],[4.426953,50.810258],[4.426769,50.810288],[4.426741,50.810292],[4.426483,50.810334],[4.426388,50.810349],[4.426372,50.810352],[4.426346,50.810356],[4.426254,50.810371],[4.425399,50.810509],[4.425103,50.810557],[4.424771,50.810609],[4.42268,50.810938],[4.422385,50.810987],[4.421922,50.81074],[4.42168,50.810623],[4.421298,50.810564],[4.421195,50.810567],[4.421092,50.81057],[4.421015,50.810575],[4.420709,50.810583],[4.419351,50.810599],[4.418874,50.811096],[4.418773,50.811225],[4.418565,50.811506],[4.418397,50.811658],[4.418293,50.8118],[4.41819,50.811919],[4.41812,50.811998],[4.418106,50.812086],[4.418118,50.812218],[4.418061,50.812407],[4.417932,50.812396],[4.417812,50.812386],[4.417704,50.812377],[4.417689,50.812376],[4.417425,50.812354],[4.417184,50.81232],[4.417133,50.812315],[4.416793,50.812282],[4.416345,50.812272],[4.416111,50.812298],[4.416014,50.812309],[4.415658,50.812369],[4.41556,50.81239],[4.415191,50.812469],[4.414962,50.812518],[4.414853,50.812548],[4.414846,50.81255],[4.414799,50.812595],[4.414761,50.812648],[4.414698,50.812631],[4.414634,50.812732],[4.414469,50.812938],[4.41437,50.813217],[4.412943,50.813332],[4.412593,50.813307],[4.412414,50.813273],[4.41103,50.812911],[4.410706,50.812823],[4.409797,50.812574],[4.409477,50.812504],[4.409259,50.812471],[4.408895,50.812448],[4.406361,50.812384],[4.406458,50.813001],[4.406462,50.813075],[4.406376,50.813676],[4.406316,50.813802],[4.406292,50.813963],[4.406283,50.814246],[4.406273,50.81453],[4.406303,50.814657],[4.406281,50.814872],[4.406301,50.814957],[4.406316,50.815023],[4.405656,50.815032],[4.405514,50.815026],[4.405269,50.814979],[4.404946,50.814919],[4.40454,50.814898],[4.403967,50.814878],[4.40362,50.81485],[4.403126,50.814741],[4.402908,50.814694],[4.40282,50.814651],[4.402567,50.814595],[4.402292,50.814529],[4.402091,50.814463],[4.401881,50.81437],[4.40158,50.814213],[4.401303,50.814063],[4.401126,50.813997],[4.400935,50.813977],[4.400891,50.813978],[4.400705,50.813984],[4.400489,50.814013],[4.400154,50.814031],[4.399903,50.814024],[4.399643,50.813954],[4.399551,50.813917],[4.399308,50.81382],[4.398796,50.813635],[4.398626,50.813558],[4.39841,50.813473],[4.398239,50.813382],[4.398039,50.813293],[4.39798,50.813395],[4.397649,50.813969],[4.397572,50.813952],[4.397157,50.814456],[4.397009,50.814724],[4.39705,50.814733],[4.396877,50.815017],[4.396516,50.815375],[4.396065,50.815733],[4.395597,50.816061],[4.395196,50.816421],[4.394984,50.816579],[4.39419,50.817258],[4.394283,50.817313],[4.394329,50.817333],[4.395205,50.817715],[4.395258,50.817731],[4.395389,50.817625],[4.395457,50.817554],[4.39557,50.817435],[4.395916,50.817138],[4.396252,50.816821],[4.396261,50.816815],[4.396602,50.816596],[4.397104,50.816274],[4.397627,50.816442],[4.397075,50.817056],[4.397108,50.817174],[4.397126,50.817236],[4.397339,50.817175],[4.397404,50.817156],[4.397659,50.817085],[4.397829,50.817043],[4.398,50.817007],[4.398135,50.816986],[4.398272,50.816967],[4.39856,50.816936],[4.398848,50.81692],[4.398953,50.81692],[4.399114,50.816918],[4.399381,50.816922],[4.399566,50.816932],[4.399751,50.816945],[4.399927,50.81696],[4.400368,50.817026],[4.400796,50.81712],[4.401255,50.817259],[4.401684,50.817431],[4.401755,50.817471],[4.401907,50.817549],[4.402665,50.818005],[4.402712,50.818047],[4.402886,50.818201],[4.403167,50.818632],[4.403286,50.818864],[4.403334,50.818965],[4.403391,50.819121],[4.403429,50.819247],[4.403433,50.819263],[4.403455,50.819418],[4.403459,50.819445],[4.403459,50.819458],[4.40346,50.819472],[4.403466,50.819535],[4.403468,50.819555],[4.403465,50.81972],[4.403462,50.819817],[4.403448,50.819911],[4.403415,50.820037],[4.403381,50.820164],[4.403365,50.820228],[4.40334,50.820322],[4.403291,50.820405],[4.403289,50.820411],[4.403255,50.820475],[4.403229,50.820522],[4.403213,50.82055],[4.403196,50.820581],[4.403178,50.82061],[4.403159,50.82064],[4.403141,50.820669],[4.403109,50.820716],[4.403088,50.820744],[4.403067,50.820773],[4.403046,50.820799],[4.403024,50.820827],[4.402992,50.820866],[4.402958,50.820904],[4.402927,50.820938],[4.402873,50.820995],[4.402757,50.821136],[4.402548,50.821292],[4.402493,50.821333],[4.40244,50.821369],[4.402381,50.821409],[4.402335,50.821441],[4.402288,50.821473],[4.402242,50.821505],[4.402196,50.821536],[4.402075,50.821619],[4.402017,50.821659],[4.401932,50.821717],[4.401798,50.82181],[4.401757,50.821838],[4.401625,50.821928],[4.401356,50.822112],[4.400559,50.822658],[4.400432,50.822743],[4.398244,50.824238],[4.398109,50.824332],[4.39788,50.824488],[4.397678,50.824625],[4.397502,50.824745],[4.397297,50.824883],[4.397101,50.825016],[4.396818,50.825211],[4.396295,50.825573],[4.396051,50.825742]]]}},{"type":"Feature","properties":{"niscode":"21017","nameFr":"Watermael-Boitsfort","nameDut":"Watermaal-Bosvoorde","name":"Watermaal-Bosvoorde","area":12968243.8837922,"naam":"Watermaal-Bosvoorde","total_population":25295,"internal_in_num":1765,"internal_in_pct":0.0697766356987547,"internal_out_num":1770,"internal_out_pct":0.06997430322198063,"internal_balance_num":-5,"internal_balance_pct":-0.000197667523225934,"international_balance_num":108,"international_balance_pct":0.004269618501680174,"age_pct_65plus":0.2079,"age_pct_under3":0.0233,"age_pct_0_17":0.1915,"age_count_12_17":7601,"age_pct_18_24":0.0917,"age_pct_18_64":0.6006,"age_pct_30_44":0.1778,"age_pct_3_5":0.0276,"age_pct_45_64":0.2696,"age_pct_6_11":0.0646,"age_pct_65_79":0.1441,"age_pct_80plus":0.0638,"age_count_0_17":4850,"age_count_18_64":15211,"age_count_65plus":5266,"hq_qual_basic":0.000266,"hq_qual_normal":0.948476,"hq_qual_luxurious":0.006191,"hq_build_pre1900":0.045479,"hq_build_1900_1940":0.304898,"hq_build_1941_1960":0.113899,"hq_build_1961_1990":0.44665,"hq_build_1991_2010":0.03754,"hq_build_post2011":0.051534,"hq_renov_by1982":0.020903,"hq_renov_by1992":0.044402,"hq_renov_by2002":0.040008,"hq_renov_by2012":0.098256,"hq_renov_by2022":0.14299,"hq_type_closed":0.260418,"hq_type_halfopen":0.114366,"hq_type_open":0.033218,"fam_single_parent":0.1375,"fam_alone_under30":0.0339,"fam_alone_18_29":0.1003,"fam_alone_65plus_pct":0.4087,"fam_alone_65plus_hh":0.1878,"fam_couple_children":0.2402,"fam_couple_no_children":0.1655,"migbg_total":0.534,"migbg_belgian_with":0.329,"migbg_belgian_without":0.466,"nat_eu14_pct":0.1286,"nat_belgian_pct":0.7825,"pri_avg_dwelling":1436,"pri_avg_parcel":1656,"pri_std_dev":8993,"rc_per_ha":101396,"rc_total":26384545,"rc_pct_low":0.04672,"rc_pct_high":0.296898,"avg_net_income":43695,"zero_income_rate":0.134704,"avg_prof_income":42831,"tax_per_resident":6730,"bp_res_new_dwellings":41,"bp_res_apartments":41,"bp_res_houses":0,"bp_res_new_surface":8251,"bp_res_renovations":54,"bp_nonres_new":1,"bp_nonres_renov":4,"re_apt_median":335000,"re_apt_p25":269000,"re_apt_transactions":144,"re_house_median":599000,"re_house_transactions":119,"re_terraced_median":585000,"re_terraced_transactions":111,"re_detached_transactions":8,"hasData":true},"geometry":{"type":"Polygon","coordinates":[[[4.396899,50.801754],[4.396935,50.801765],[4.396963,50.801774],[4.396997,50.801856],[4.39701,50.801897],[4.396962,50.802038],[4.396929,50.802135],[4.396898,50.802321],[4.39688,50.802377],[4.3968,50.802576],[4.39677,50.802633],[4.396744,50.802669],[4.396555,50.802884],[4.396521,50.802926],[4.396493,50.802971],[4.396458,50.803047],[4.396426,50.803143],[4.396389,50.803358],[4.39638,50.803465],[4.396398,50.803561],[4.396433,50.803661],[4.396559,50.803826],[4.396683,50.804039],[4.39686,50.804506],[4.396875,50.804545],[4.396954,50.804656],[4.396978,50.804704],[4.396998,50.804766],[4.397004,50.804792],[4.397016,50.804947],[4.397034,50.805423],[4.397039,50.805448],[4.397106,50.805635],[4.397197,50.806004],[4.397221,50.80613],[4.397275,50.806294],[4.397285,50.80635],[4.397331,50.806624],[4.397323,50.806754],[4.397315,50.806865],[4.397295,50.806932],[4.397265,50.807108],[4.397264,50.807173],[4.397273,50.807247],[4.397297,50.807464],[4.397325,50.807677],[4.39735,50.807869],[4.39735,50.808064],[4.397366,50.808228],[4.397339,50.808346],[4.397309,50.808475],[4.397225,50.808682],[4.397085,50.808846],[4.397042,50.80889],[4.396877,50.809006],[4.396801,50.809064],[4.396722,50.809112],[4.396621,50.809152],[4.396157,50.809308],[4.396019,50.809359],[4.395529,50.809581],[4.395189,50.809691],[4.394781,50.809778],[4.394646,50.809816],[4.39435,50.809947],[4.394221,50.810032],[4.394146,50.81009],[4.394033,50.810278],[4.393742,50.810752],[4.393659,50.810879],[4.393426,50.811173],[4.393232,50.811305],[4.392831,50.811615],[4.392738,50.811725],[4.392638,50.811807],[4.392369,50.812002],[4.392275,50.812075],[4.393219,50.812299],[4.394378,50.812572],[4.394583,50.812621],[4.396093,50.812975],[4.396276,50.813019],[4.396655,50.813102],[4.39677,50.813118],[4.396909,50.813137],[4.397233,50.813204],[4.397395,50.813196],[4.397545,50.813189],[4.397715,50.813196],[4.397787,50.813215],[4.397887,50.813237],[4.398039,50.813293],[4.398239,50.813382],[4.39841,50.813473],[4.398626,50.813558],[4.398796,50.813635],[4.399308,50.81382],[4.399551,50.813917],[4.399643,50.813954],[4.399903,50.814024],[4.400154,50.814031],[4.400489,50.814013],[4.400705,50.813984],[4.400891,50.813978],[4.400935,50.813977],[4.401126,50.813997],[4.401303,50.814063],[4.40158,50.814213],[4.401881,50.81437],[4.402091,50.814463],[4.402292,50.814529],[4.402567,50.814595],[4.40282,50.814651],[4.402908,50.814694],[4.403126,50.814741],[4.40362,50.81485],[4.403967,50.814878],[4.40454,50.814898],[4.404946,50.814919],[4.405269,50.814979],[4.405514,50.815026],[4.405656,50.815032],[4.406316,50.815023],[4.406301,50.814957],[4.406281,50.814872],[4.406303,50.814657],[4.406273,50.81453],[4.406283,50.814246],[4.406292,50.813963],[4.406316,50.813802],[4.406376,50.813676],[4.406462,50.813075],[4.406458,50.813001],[4.406361,50.812384],[4.408895,50.812448],[4.409259,50.812471],[4.409477,50.812504],[4.409797,50.812574],[4.410706,50.812823],[4.41103,50.812911],[4.412414,50.813273],[4.412593,50.813307],[4.412943,50.813332],[4.41437,50.813217],[4.414469,50.812938],[4.414634,50.812732],[4.414698,50.812631],[4.414761,50.812648],[4.414799,50.812595],[4.414846,50.81255],[4.414853,50.812548],[4.414962,50.812518],[4.415191,50.812469],[4.41556,50.81239],[4.415658,50.812369],[4.416014,50.812309],[4.416111,50.812298],[4.416345,50.812272],[4.416793,50.812282],[4.417133,50.812315],[4.417184,50.81232],[4.417425,50.812354],[4.417689,50.812376],[4.417704,50.812377],[4.417812,50.812386],[4.417932,50.812396],[4.418061,50.812407],[4.418118,50.812218],[4.418106,50.812086],[4.41812,50.811998],[4.41819,50.811919],[4.418293,50.8118],[4.418397,50.811658],[4.418565,50.811506],[4.418773,50.811225],[4.418874,50.811096],[4.419351,50.810599],[4.420709,50.810583],[4.421015,50.810575],[4.421092,50.81057],[4.421195,50.810567],[4.421298,50.810564],[4.42168,50.810623],[4.421922,50.81074],[4.422385,50.810987],[4.42268,50.810938],[4.424771,50.810609],[4.425103,50.810557],[4.425399,50.810509],[4.426254,50.810371],[4.426346,50.810356],[4.426372,50.810352],[4.426388,50.810349],[4.426483,50.810334],[4.426741,50.810292],[4.426769,50.810288],[4.426953,50.810258],[4.427139,50.810228],[4.427377,50.81019],[4.427647,50.810146],[4.427653,50.810145],[4.427933,50.8101],[4.428466,50.810014],[4.428496,50.809936],[4.428596,50.809893],[4.428656,50.809833],[4.42867,50.80979],[4.428672,50.809732],[4.428657,50.809639],[4.428647,50.809339],[4.428476,50.808901],[4.428675,50.808626],[4.428676,50.808625],[4.428705,50.808598],[4.428855,50.80839],[4.428958,50.808299],[4.429014,50.808275],[4.429133,50.808125],[4.429137,50.80812],[4.429215,50.808022],[4.429281,50.807939],[4.429291,50.807926],[4.429291,50.807923],[4.429293,50.807865],[4.42929,50.807857],[4.429205,50.807613],[4.429132,50.807306],[4.429027,50.80706],[4.429013,50.807013],[4.429009,50.806987],[4.429001,50.806939],[4.429016,50.806892],[4.429058,50.806795],[4.429069,50.806735],[4.429062,50.806702],[4.428944,50.806474],[4.428859,50.806374],[4.428533,50.806192],[4.42834,50.806029],[4.428293,50.805953],[4.428317,50.805888],[4.428255,50.805873],[4.428238,50.805801],[4.428236,50.805712],[4.428246,50.805645],[4.428256,50.805564],[4.428275,50.805475],[4.428336,50.80527],[4.428321,50.805164],[4.428442,50.80511],[4.428678,50.80506],[4.429019,50.804934],[4.429096,50.804906],[4.429171,50.804878],[4.429291,50.804834],[4.429464,50.80477],[4.429376,50.80442],[4.42915,50.804139],[4.429154,50.804138],[4.429396,50.804082],[4.429242,50.803908],[4.429226,50.803891],[4.42949,50.803763],[4.430049,50.803492],[4.431076,50.803023],[4.431521,50.802823],[4.431616,50.802777],[4.431865,50.802658],[4.431921,50.802631],[4.431932,50.802626],[4.431953,50.802616],[4.432092,50.80255],[4.432154,50.802526],[4.432215,50.802503],[4.432307,50.802468],[4.432322,50.802463],[4.432429,50.802413],[4.432448,50.802404],[4.432506,50.802377],[4.432614,50.802326],[4.432696,50.802288],[4.43882,50.799612],[4.439003,50.799532],[4.439015,50.799527],[4.43903,50.799521],[4.439099,50.79949],[4.439967,50.799111],[4.440002,50.799096],[4.441381,50.798493],[4.441405,50.798483],[4.442733,50.797902],[4.443501,50.797566],[4.443519,50.797558],[4.445361,50.797727],[4.445378,50.797717],[4.448452,50.797995],[4.448873,50.798057],[4.448995,50.798076],[4.449401,50.798228],[4.449943,50.798437],[4.450142,50.798509],[4.451141,50.798763],[4.451146,50.798754],[4.452195,50.79708],[4.452944,50.795884],[4.453258,50.795369],[4.453548,50.794883],[4.454211,50.793793],[4.454798,50.792844],[4.455254,50.792083],[4.455323,50.791967],[4.455386,50.791952],[4.455595,50.791904],[4.455881,50.791844],[4.456651,50.791677],[4.456946,50.791618],[4.457525,50.791483],[4.457879,50.791413],[4.458172,50.79135],[4.458473,50.791274],[4.458619,50.791242],[4.458624,50.79124],[4.458768,50.791208],[4.458856,50.791188],[4.459326,50.791092],[4.460454,50.790845],[4.461406,50.790643],[4.461732,50.790578],[4.461838,50.790553],[4.461909,50.790541],[4.461987,50.790533],[4.462133,50.790514],[4.462328,50.790501],[4.462416,50.7905],[4.462814,50.790499],[4.463252,50.7905],[4.464694,50.79049],[4.46547,50.790488],[4.465882,50.790484],[4.466146,50.790479],[4.466201,50.790477],[4.466333,50.790473],[4.466455,50.790467],[4.46656,50.790459],[4.466721,50.790437],[4.467306,50.790337],[4.468414,50.790119],[4.468748,50.790056],[4.469273,50.789959],[4.470229,50.789792],[4.470273,50.789762],[4.467856,50.78911],[4.465827,50.788564],[4.464907,50.788315],[4.464631,50.788242],[4.46373,50.788],[4.463547,50.787951],[4.463447,50.787923],[4.463371,50.787897],[4.463295,50.787865],[4.462543,50.787532],[4.462028,50.787303],[4.456957,50.785034],[4.453761,50.783587],[4.453036,50.783309],[4.451644,50.782685],[4.451439,50.782594],[4.434595,50.776482],[4.433165,50.778127],[4.430037,50.777079],[4.429472,50.776886],[4.425319,50.775495],[4.416803,50.773369],[4.412613,50.772323],[4.4126,50.772339],[4.411292,50.773902],[4.41132,50.773908],[4.411355,50.773915],[4.409553,50.775482],[4.406543,50.778436],[4.406391,50.778583],[4.400223,50.78482],[4.400166,50.784881],[4.397046,50.788197],[4.397031,50.788227],[4.396976,50.788569],[4.396924,50.788872],[4.396873,50.789254],[4.400989,50.790478],[4.402499,50.791368],[4.401886,50.791557],[4.401985,50.791605],[4.402253,50.791736],[4.40295,50.791908],[4.403772,50.792112],[4.403771,50.792279],[4.403876,50.792546],[4.40369,50.79265],[4.403489,50.792915],[4.403479,50.792955],[4.403311,50.79358],[4.403237,50.793586],[4.402686,50.793628],[4.401995,50.793416],[4.401842,50.793636],[4.401728,50.79375],[4.401529,50.793934],[4.401159,50.794046],[4.4011,50.794064],[4.401019,50.794721],[4.400834,50.796191],[4.400814,50.796357],[4.400908,50.796344],[4.400949,50.797077],[4.400949,50.797084],[4.400949,50.797087],[4.400957,50.797131],[4.401009,50.797332],[4.401013,50.797349],[4.401033,50.797427],[4.401043,50.797466],[4.400915,50.79764],[4.400665,50.797979],[4.399947,50.798788],[4.399855,50.798884],[4.399786,50.798942],[4.399661,50.799043],[4.399568,50.799118],[4.399498,50.799178],[4.399445,50.799232],[4.399421,50.799258],[4.399392,50.799289],[4.399278,50.799423],[4.399174,50.799544],[4.399088,50.799645],[4.398972,50.799769],[4.39886,50.799875],[4.398769,50.799954],[4.39854,50.800155],[4.398475,50.800215],[4.398399,50.800282],[4.398368,50.80031],[4.398284,50.800386],[4.398247,50.800419],[4.398178,50.800482],[4.398165,50.800493],[4.398136,50.800519],[4.398103,50.800548],[4.39806,50.800587],[4.398027,50.800617],[4.397917,50.800716],[4.397877,50.800751],[4.397782,50.800837],[4.397734,50.800879],[4.397714,50.800898],[4.397625,50.800948],[4.397472,50.801049],[4.39739,50.801107],[4.397239,50.801204],[4.397225,50.801221],[4.397099,50.801376],[4.397057,50.801435],[4.39703,50.801484],[4.396977,50.801575],[4.396956,50.801621],[4.39693,50.801666],[4.396899,50.801754]]]}}]}